sitemapUrl,pageType,language,country,city,lastmod,initialStatus,finalStatus,finalUrl,redirectCount,redirectChain,responseTimeMs,contentType,error,indexable,robotsMeta,xRobotsTag,canonicalUrl,canonicalStatusCode,selfReferencingCanonical,canonicalMismatch,title,titleLength,missingTitle,metaDescription,descriptionLength,missingDescription,h1Count,h1Text,multipleH1,missingH1,h2Count,headingHierarchyIssues,htmlLang,ogTitle,ogDescription,ogUrl,ogImage,jsonLdPresent,jsonLdTypes,jsonLdErrors,hreflangValues,hreflangErrors,xDefaultPresent,wordCount,htmlSize,textToHtmlRatio,internalLinkCount,imageMissingAlt,breadcrumbPresent,hasTrackingParams,hasFilterParams,hasLegacyPattern,markdownMirrorUrl,markdownStatus,markdownContentType,yamlFrontmatterPresent,htmlMarkdownAlternateLink,markdownCanonicalLinkHeader,acceptTextMarkdownWorks,markdownSitemapSection,severity,recommendedFix
https://presentail.com/,homepage,,,,2026-07-22,200,200,https://presentail.com/,0,https://presentail.com/ [200],143,text/html; charset=utf-8,,Yes,,"index, follow",https://presentail.com/,200,Yes,No,Online Flower & Gift Delivery | Presentail | Express Delivery,61,No,"Send flowers, cakes and gifts with same-day express delivery in Lebanon, UAE, and Cyprus. Premium arrangements from Presentail.",127,No,2,Online Flower & Gift Delivery | Presentail | Express Delivery | Online Flower & Gift Delivery | Presentail | Express Delivery,Yes,No,0,None,en,Online Flower & Gift Delivery | Presentail,"Send flowers, cakes and gifts with same-day express delivery in Lebanon, UAE, and Cyprus. Premium arrangements from Presentail.",https://presentail.com/,https://presentail.com/opengraph.jpg,Yes,,None,,Missing hreflang,No,39,13646,2.0%,0,0,No,No,No,No,https://presentail.com.md,ERROR,,,No,,No,,Medium,Missing hreflang; Markdown mirror ERROR; Multiple H1
https://presentail.com/en-lb/akkar,homepage,en,LB,akkar,2026-07-22,200,200,https://presentail.com/en-lb/akkar,0,https://presentail.com/en-lb/akkar [200],216,text/html; charset=utf-8,,Yes,,"index, follow",https://presentail.com/en-lb/akkar,200,Yes,No,Flower & Gift Delivery in Akkar | Presentail,44,No,"Send flowers, cakes and gifts with same-day express delivery in Lebanon, UAE, and Cyprus. Premium arrangements from Presentail.",127,No,2,Flower & Gift Delivery in Akkar | Presentail | Flower & Gift Delivery in Akkar | Presentail,Yes,No,2,None,en,Online Flower & Gift Delivery | Presentail,"Send flowers, cakes and gifts with same-day express delivery in Lebanon, UAE, and Cyprus. Premium arrangements from Presentail.",https://presentail.com/,https://presentail.com/opengraph.jpg,Yes,,None,en-LB:https://presentail.com/en-lb/beirut | ar-LB:https://presentail.com/ar-lb/beirut | fr-LB:https://presentail.com/fr-lb/beirut | en-AE:https://presentail.com/en-ae/dubai | ar-AE:https://presentail.com/ar-ae/dubai | fr-AE:https://presentail.com/fr-ae/dubai | en-CY:https://presentail.com/en-cy/limassol | ar-CY:https://presentail.com/ar-cy/limassol | fr-CY:https://presentail.com/fr-cy/limassol | x-default:https://presentail.com/en-lb/beirut,None,Yes,238,20292,9.7%,12,0,Yes,No,No,No,https://presentail.com/en-lb/akkar.md,200,text/markdown; charset=utf-8,Yes,Yes,"<https://presentail.com/en-lb/akkar>; rel=""canonical""; type=""text/html""",Yes,No,Low,Multiple H1
https://presentail.com/en-lb/akkar/brands,other,en,LB,akkar,2026-07-22,200,200,https://presentail.com/en-lb/akkar/brands,0,https://presentail.com/en-lb/akkar/brands [200],193,text/html; charset=utf-8,,Yes,,"index, follow",https://presentail.com/en-lb/akkar/brands,200,Yes,No,Partner Brands in Akkar | Presentail,36,No,"Send flowers, cakes and gifts with same-day express delivery in Lebanon, UAE, and Cyprus. Premium arrangements from Presentail.",127,No,2,Partner Brands in Akkar | Presentail | Partner Brands in Akkar | Presentail,Yes,No,1,None,en,Online Flower & Gift Delivery | Presentail,"Send flowers, cakes and gifts with same-day express delivery in Lebanon, UAE, and Cyprus. Premium arrangements from Presentail.",https://presentail.com/,https://presentail.com/opengraph.jpg,Yes,,None,en-LB:https://presentail.com/en-lb/beirut/brands | ar-LB:https://presentail.com/ar-lb/beirut/brands | fr-LB:https://presentail.com/fr-lb/beirut/brands | en-AE:https://presentail.com/en-ae/dubai/brands | ar-AE:https://presentail.com/ar-ae/dubai/brands | fr-AE:https://presentail.com/fr-ae/dubai/brands | en-CY:https://presentail.com/en-cy/limassol/brands | ar-CY:https://presentail.com/ar-cy/limassol/brands | fr-CY:https://presentail.com/fr-cy/limassol/brands | x-default:https://presentail.com/en-lb/beirut/brands,None,Yes,145,16926,6.1%,6,0,Yes,No,No,No,https://presentail.com/en-lb/akkar/brands.md,200,text/markdown; charset=utf-8,Yes,Yes,"<https://presentail.com/en-lb/akkar/brands>; rel=""canonical""; type=""text/html""",Yes,No,Low,Multiple H1
https://presentail.com/en-lb/akkar/occasions,occasion,en,LB,akkar,2026-07-22,200,200,https://presentail.com/en-lb/akkar/occasions,0,https://presentail.com/en-lb/akkar/occasions [200],233,text/html; charset=utf-8,,Yes,,"index, follow",https://presentail.com/en-lb/akkar/occasions,200,Yes,No,Shop by Occasion in Akkar | Presentail,38,No,"Send flowers, cakes and gifts with same-day express delivery in Lebanon, UAE, and Cyprus. Premium arrangements from Presentail.",127,No,2,Shop by Occasion in Akkar | Presentail | Shop by Occasion in Akkar | Presentail,Yes,No,1,None,en,Online Flower & Gift Delivery | Presentail,"Send flowers, cakes and gifts with same-day express delivery in Lebanon, UAE, and Cyprus. Premium arrangements from Presentail.",https://presentail.com/,https://presentail.com/opengraph.jpg,Yes,,None,en-LB:https://presentail.com/en-lb/beirut/occasions | ar-LB:https://presentail.com/ar-lb/beirut/occasions | fr-LB:https://presentail.com/fr-lb/beirut/occasions | en-AE:https://presentail.com/en-ae/dubai/occasions | ar-AE:https://presentail.com/ar-ae/dubai/occasions | fr-AE:https://presentail.com/fr-ae/dubai/occasions | en-CY:https://presentail.com/en-cy/limassol/occasions | ar-CY:https://presentail.com/ar-cy/limassol/occasions | fr-CY:https://presentail.com/fr-cy/limassol/occasions | x-default:https://presentail.com/en-lb/beirut/occasions,None,Yes,175,17279,6.8%,6,0,Yes,No,No,No,https://presentail.com/en-lb/akkar/occasions.md,200,text/markdown; charset=utf-8,Yes,Yes,"<https://presentail.com/en-lb/akkar/occasions>; rel=""canonical""; type=""text/html""",Yes,No,Low,Multiple H1
https://presentail.com/en-lb/akkar/contact,info,en,LB,akkar,2026-07-22,200,200,https://presentail.com/en-lb/akkar/contact,0,https://presentail.com/en-lb/akkar/contact [200],299,text/html; charset=utf-8,,Yes,,"index, follow",https://presentail.com/en-lb/akkar/contact,200,Yes,No,Contact Presentail in Akkar | Gift Delivery Help,48,No,"Send flowers, cakes and gifts with same-day express delivery in Lebanon, UAE, and Cyprus. Premium arrangements from Presentail.",127,No,2,Contact Presentail in Akkar | Gift Delivery Help | Contact Presentail in Akkar | Gift Delivery Help,Yes,No,1,None,en,Online Flower & Gift Delivery | Presentail,"Send flowers, cakes and gifts with same-day express delivery in Lebanon, UAE, and Cyprus. Premium arrangements from Presentail.",https://presentail.com/,https://presentail.com/opengraph.jpg,Yes,,None,en-LB:https://presentail.com/en-lb/beirut/contact | ar-LB:https://presentail.com/ar-lb/beirut/contact | fr-LB:https://presentail.com/fr-lb/beirut/contact | en-AE:https://presentail.com/en-ae/dubai/contact | ar-AE:https://presentail.com/ar-ae/dubai/contact | fr-AE:https://presentail.com/fr-ae/dubai/contact | en-CY:https://presentail.com/en-cy/limassol/contact | ar-CY:https://presentail.com/ar-cy/limassol/contact | fr-CY:https://presentail.com/fr-cy/limassol/contact | x-default:https://presentail.com/en-lb/beirut/contact,None,Yes,187,17727,6.6%,6,0,Yes,No,No,No,https://presentail.com/en-lb/akkar/contact.md,200,text/markdown; charset=utf-8,Yes,Yes,"<https://presentail.com/en-lb/akkar/contact>; rel=""canonical""; type=""text/html""",Yes,No,Low,Multiple H1
https://presentail.com/en-lb/akkar/faqs,info,en,LB,akkar,2026-07-22,200,200,https://presentail.com/en-lb/akkar/faqs,0,https://presentail.com/en-lb/akkar/faqs [200],202,text/html; charset=utf-8,,Yes,,"index, follow",https://presentail.com/en-lb/akkar/faqs,200,Yes,No,Flower Delivery FAQs in Akkar | Presentail,42,No,"Send flowers, cakes and gifts with same-day express delivery in Lebanon, UAE, and Cyprus. Premium arrangements from Presentail.",127,No,2,Flower Delivery FAQs in Akkar | Presentail | Flower Delivery FAQs in Akkar | Presentail,Yes,No,1,None,en,Online Flower & Gift Delivery | Presentail,"Send flowers, cakes and gifts with same-day express delivery in Lebanon, UAE, and Cyprus. Premium arrangements from Presentail.",https://presentail.com/,https://presentail.com/opengraph.jpg,Yes,,None,en-LB:https://presentail.com/en-lb/beirut/faqs | ar-LB:https://presentail.com/ar-lb/beirut/faqs | fr-LB:https://presentail.com/fr-lb/beirut/faqs | en-AE:https://presentail.com/en-ae/dubai/faqs | ar-AE:https://presentail.com/ar-ae/dubai/faqs | fr-AE:https://presentail.com/fr-ae/dubai/faqs | en-CY:https://presentail.com/en-cy/limassol/faqs | ar-CY:https://presentail.com/ar-cy/limassol/faqs | fr-CY:https://presentail.com/fr-cy/limassol/faqs | x-default:https://presentail.com/en-lb/beirut/faqs,None,Yes,147,19364,5.2%,6,0,Yes,No,No,No,https://presentail.com/en-lb/akkar/faqs.md,200,text/markdown; charset=utf-8,Yes,Yes,"<https://presentail.com/en-lb/akkar/faqs>; rel=""canonical""; type=""text/html""",Yes,No,Low,Multiple H1
https://presentail.com/en-lb/akkar/weddings,other,en,LB,akkar,2026-07-22,200,200,https://presentail.com/en-lb/akkar/weddings,0,https://presentail.com/en-lb/akkar/weddings [200],393,text/html; charset=utf-8,,Yes,,"index, follow",https://presentail.com/en-lb/akkar/weddings,200,Yes,No,Wedding Flowers in Akkar | Presentail,37,No,"Send flowers, cakes and gifts with same-day express delivery in Lebanon, UAE, and Cyprus. Premium arrangements from Presentail.",127,No,2,Wedding Flowers in Akkar | Presentail | Wedding Flowers in Akkar | Presentail,Yes,No,1,None,en,Online Flower & Gift Delivery | Presentail,"Send flowers, cakes and gifts with same-day express delivery in Lebanon, UAE, and Cyprus. Premium arrangements from Presentail.",https://presentail.com/,https://presentail.com/opengraph.jpg,Yes,,None,en-LB:https://presentail.com/en-lb/beirut/weddings | ar-LB:https://presentail.com/ar-lb/beirut/weddings | fr-LB:https://presentail.com/fr-lb/beirut/weddings | en-AE:https://presentail.com/en-ae/dubai/weddings | ar-AE:https://presentail.com/ar-ae/dubai/weddings | fr-AE:https://presentail.com/fr-ae/dubai/weddings | en-CY:https://presentail.com/en-cy/limassol/weddings | ar-CY:https://presentail.com/ar-cy/limassol/weddings | fr-CY:https://presentail.com/fr-cy/limassol/weddings | x-default:https://presentail.com/en-lb/beirut/weddings,None,Yes,179,17484,7.0%,6,0,Yes,No,No,No,https://presentail.com/en-lb/akkar/weddings.md,200,text/markdown; charset=utf-8,Yes,Yes,"<https://presentail.com/en-lb/akkar/weddings>; rel=""canonical""; type=""text/html""",Yes,No,Low,Multiple H1
https://presentail.com/en-lb/akkar/corporate,other,en,LB,akkar,2026-07-22,200,200,https://presentail.com/en-lb/akkar/corporate,0,https://presentail.com/en-lb/akkar/corporate [200],509,text/html; charset=utf-8,,Yes,,"index, follow",https://presentail.com/en-lb/akkar/corporate,200,Yes,No,Corporate Gifting in Akkar | Presentail,39,No,"Send flowers, cakes and gifts with same-day express delivery in Lebanon, UAE, and Cyprus. Premium arrangements from Presentail.",127,No,2,Corporate Gifting in Akkar | Presentail | Corporate Gifting in Akkar | Presentail,Yes,No,1,None,en,Online Flower & Gift Delivery | Presentail,"Send flowers, cakes and gifts with same-day express delivery in Lebanon, UAE, and Cyprus. Premium arrangements from Presentail.",https://presentail.com/,https://presentail.com/opengraph.jpg,Yes,,None,en-LB:https://presentail.com/en-lb/beirut/corporate | ar-LB:https://presentail.com/ar-lb/beirut/corporate | fr-LB:https://presentail.com/fr-lb/beirut/corporate | en-AE:https://presentail.com/en-ae/dubai/corporate | ar-AE:https://presentail.com/ar-ae/dubai/corporate | fr-AE:https://presentail.com/fr-ae/dubai/corporate | en-CY:https://presentail.com/en-cy/limassol/corporate | ar-CY:https://presentail.com/ar-cy/limassol/corporate | fr-CY:https://presentail.com/fr-cy/limassol/corporate | x-default:https://presentail.com/en-lb/beirut/corporate,None,Yes,170,17431,6.8%,6,0,Yes,No,No,No,https://presentail.com/en-lb/akkar/corporate.md,200,text/markdown; charset=utf-8,Yes,Yes,"<https://presentail.com/en-lb/akkar/corporate>; rel=""canonical""; type=""text/html""",Yes,No,Low,Multiple H1
https://presentail.com/en-lb/aley,homepage,en,LB,aley,2026-07-22,200,200,https://presentail.com/en-lb/aley,0,https://presentail.com/en-lb/aley [200],1126,text/html; charset=utf-8,,Yes,,"index, follow",https://presentail.com/en-lb/aley,200,Yes,No,Flower & Gift Delivery in Aley | Presentail,43,No,"Send flowers, cakes and gifts with same-day express delivery in Lebanon, UAE, and Cyprus. Premium arrangements from Presentail.",127,No,2,Flower & Gift Delivery in Aley | Presentail | Flower & Gift Delivery in Aley | Presentail,Yes,No,2,None,en,Online Flower & Gift Delivery | Presentail,"Send flowers, cakes and gifts with same-day express delivery in Lebanon, UAE, and Cyprus. Premium arrangements from Presentail.",https://presentail.com/,https://presentail.com/opengraph.jpg,Yes,,None,en-LB:https://presentail.com/en-lb/beirut | ar-LB:https://presentail.com/ar-lb/beirut | fr-LB:https://presentail.com/fr-lb/beirut | en-AE:https://presentail.com/en-ae/dubai | ar-AE:https://presentail.com/ar-ae/dubai | fr-AE:https://presentail.com/fr-ae/dubai | en-CY:https://presentail.com/en-cy/limassol | ar-CY:https://presentail.com/ar-cy/limassol | fr-CY:https://presentail.com/fr-cy/limassol | x-default:https://presentail.com/en-lb/beirut,None,Yes,236,20259,9.7%,12,0,Yes,No,No,No,https://presentail.com/en-lb/aley.md,200,text/markdown; charset=utf-8,Yes,Yes,"<https://presentail.com/en-lb/aley>; rel=""canonical""; type=""text/html""",Yes,No,Low,Multiple H1
https://presentail.com/en-lb/aley/brands,other,en,LB,aley,2026-07-22,200,200,https://presentail.com/en-lb/aley/brands,0,https://presentail.com/en-lb/aley/brands [200],1624,text/html; charset=utf-8,,Yes,,"index, follow",https://presentail.com/en-lb/aley/brands,200,Yes,No,Partner Brands in Aley | Presentail,35,No,"Send flowers, cakes and gifts with same-day express delivery in Lebanon, UAE, and Cyprus. Premium arrangements from Presentail.",127,No,2,Partner Brands in Aley | Presentail | Partner Brands in Aley | Presentail,Yes,No,1,None,en,Online Flower & Gift Delivery | Presentail,"Send flowers, cakes and gifts with same-day express delivery in Lebanon, UAE, and Cyprus. Premium arrangements from Presentail.",https://presentail.com/,https://presentail.com/opengraph.jpg,Yes,,None,en-LB:https://presentail.com/en-lb/beirut/brands | ar-LB:https://presentail.com/ar-lb/beirut/brands | fr-LB:https://presentail.com/fr-lb/beirut/brands | en-AE:https://presentail.com/en-ae/dubai/brands | ar-AE:https://presentail.com/ar-ae/dubai/brands | fr-AE:https://presentail.com/fr-ae/dubai/brands | en-CY:https://presentail.com/en-cy/limassol/brands | ar-CY:https://presentail.com/ar-cy/limassol/brands | fr-CY:https://presentail.com/fr-cy/limassol/brands | x-default:https://presentail.com/en-lb/beirut/brands,None,Yes,145,16898,6.0%,6,0,Yes,No,No,No,https://presentail.com/en-lb/aley/brands.md,200,text/markdown; charset=utf-8,Yes,Yes,"<https://presentail.com/en-lb/aley/brands>; rel=""canonical""; type=""text/html""",Yes,No,Low,Multiple H1
https://presentail.com/en-lb/aley/occasions,occasion,en,LB,aley,2026-07-22,200,200,https://presentail.com/en-lb/aley/occasions,0,https://presentail.com/en-lb/aley/occasions [200],296,text/html; charset=utf-8,,Yes,,"index, follow",https://presentail.com/en-lb/aley/occasions,200,Yes,No,Shop by Occasion in Aley | Presentail,37,No,"Send flowers, cakes and gifts with same-day express delivery in Lebanon, UAE, and Cyprus. Premium arrangements from Presentail.",127,No,2,Shop by Occasion in Aley | Presentail | Shop by Occasion in Aley | Presentail,Yes,No,1,None,en,Online Flower & Gift Delivery | Presentail,"Send flowers, cakes and gifts with same-day express delivery in Lebanon, UAE, and Cyprus. Premium arrangements from Presentail.",https://presentail.com/,https://presentail.com/opengraph.jpg,Yes,,None,en-LB:https://presentail.com/en-lb/beirut/occasions | ar-LB:https://presentail.com/ar-lb/beirut/occasions | fr-LB:https://presentail.com/fr-lb/beirut/occasions | en-AE:https://presentail.com/en-ae/dubai/occasions | ar-AE:https://presentail.com/ar-ae/dubai/occasions | fr-AE:https://presentail.com/fr-ae/dubai/occasions | en-CY:https://presentail.com/en-cy/limassol/occasions | ar-CY:https://presentail.com/ar-cy/limassol/occasions | fr-CY:https://presentail.com/fr-cy/limassol/occasions | x-default:https://presentail.com/en-lb/beirut/occasions,None,Yes,175,17249,6.8%,6,0,Yes,No,No,No,https://presentail.com/en-lb/aley/occasions.md,200,text/markdown; charset=utf-8,Yes,Yes,"<https://presentail.com/en-lb/aley/occasions>; rel=""canonical""; type=""text/html""",Yes,No,Low,Multiple H1
https://presentail.com/en-lb/aley/contact,info,en,LB,aley,2026-07-22,200,200,https://presentail.com/en-lb/aley/contact,0,https://presentail.com/en-lb/aley/contact [200],592,text/html; charset=utf-8,,Yes,,"index, follow",https://presentail.com/en-lb/aley/contact,200,Yes,No,Contact Presentail in Aley | Gift Delivery Help,47,No,"Send flowers, cakes and gifts with same-day express delivery in Lebanon, UAE, and Cyprus. Premium arrangements from Presentail.",127,No,2,Contact Presentail in Aley | Gift Delivery Help | Contact Presentail in Aley | Gift Delivery Help,Yes,No,1,None,en,Online Flower & Gift Delivery | Presentail,"Send flowers, cakes and gifts with same-day express delivery in Lebanon, UAE, and Cyprus. Premium arrangements from Presentail.",https://presentail.com/,https://presentail.com/opengraph.jpg,Yes,,None,en-LB:https://presentail.com/en-lb/beirut/contact | ar-LB:https://presentail.com/ar-lb/beirut/contact | fr-LB:https://presentail.com/fr-lb/beirut/contact | en-AE:https://presentail.com/en-ae/dubai/contact | ar-AE:https://presentail.com/ar-ae/dubai/contact | fr-AE:https://presentail.com/fr-ae/dubai/contact | en-CY:https://presentail.com/en-cy/limassol/contact | ar-CY:https://presentail.com/ar-cy/limassol/contact | fr-CY:https://presentail.com/fr-cy/limassol/contact | x-default:https://presentail.com/en-lb/beirut/contact,None,Yes,187,17700,6.6%,6,0,Yes,No,No,No,https://presentail.com/en-lb/aley/contact.md,200,text/markdown; charset=utf-8,Yes,Yes,"<https://presentail.com/en-lb/aley/contact>; rel=""canonical""; type=""text/html""",Yes,No,Low,Multiple H1
https://presentail.com/en-lb/aley/faqs,info,en,LB,aley,2026-07-22,200,200,https://presentail.com/en-lb/aley/faqs,0,https://presentail.com/en-lb/aley/faqs [200],269,text/html; charset=utf-8,,Yes,,"index, follow",https://presentail.com/en-lb/aley/faqs,200,Yes,No,Flower Delivery FAQs in Aley | Presentail,41,No,"Send flowers, cakes and gifts with same-day express delivery in Lebanon, UAE, and Cyprus. Premium arrangements from Presentail.",127,No,2,Flower Delivery FAQs in Aley | Presentail | Flower Delivery FAQs in Aley | Presentail,Yes,No,1,None,en,Online Flower & Gift Delivery | Presentail,"Send flowers, cakes and gifts with same-day express delivery in Lebanon, UAE, and Cyprus. Premium arrangements from Presentail.",https://presentail.com/,https://presentail.com/opengraph.jpg,Yes,,None,en-LB:https://presentail.com/en-lb/beirut/faqs | ar-LB:https://presentail.com/ar-lb/beirut/faqs | fr-LB:https://presentail.com/fr-lb/beirut/faqs | en-AE:https://presentail.com/en-ae/dubai/faqs | ar-AE:https://presentail.com/ar-ae/dubai/faqs | fr-AE:https://presentail.com/fr-ae/dubai/faqs | en-CY:https://presentail.com/en-cy/limassol/faqs | ar-CY:https://presentail.com/ar-cy/limassol/faqs | fr-CY:https://presentail.com/fr-cy/limassol/faqs | x-default:https://presentail.com/en-lb/beirut/faqs,None,Yes,147,19344,5.2%,6,0,Yes,No,No,No,https://presentail.com/en-lb/aley/faqs.md,200,text/markdown; charset=utf-8,Yes,Yes,"<https://presentail.com/en-lb/aley/faqs>; rel=""canonical""; type=""text/html""",Yes,No,Low,Multiple H1
https://presentail.com/en-lb/aley/weddings,other,en,LB,aley,2026-07-22,200,200,https://presentail.com/en-lb/aley/weddings,0,https://presentail.com/en-lb/aley/weddings [200],494,text/html; charset=utf-8,,Yes,,"index, follow",https://presentail.com/en-lb/aley/weddings,200,Yes,No,Wedding Flowers in Aley | Presentail,36,No,"Send flowers, cakes and gifts with same-day express delivery in Lebanon, UAE, and Cyprus. Premium arrangements from Presentail.",127,No,2,Wedding Flowers in Aley | Presentail | Wedding Flowers in Aley | Presentail,Yes,No,1,None,en,Online Flower & Gift Delivery | Presentail,"Send flowers, cakes and gifts with same-day express delivery in Lebanon, UAE, and Cyprus. Premium arrangements from Presentail.",https://presentail.com/,https://presentail.com/opengraph.jpg,Yes,,None,en-LB:https://presentail.com/en-lb/beirut/weddings | ar-LB:https://presentail.com/ar-lb/beirut/weddings | fr-LB:https://presentail.com/fr-lb/beirut/weddings | en-AE:https://presentail.com/en-ae/dubai/weddings | ar-AE:https://presentail.com/ar-ae/dubai/weddings | fr-AE:https://presentail.com/fr-ae/dubai/weddings | en-CY:https://presentail.com/en-cy/limassol/weddings | ar-CY:https://presentail.com/ar-cy/limassol/weddings | fr-CY:https://presentail.com/fr-cy/limassol/weddings | x-default:https://presentail.com/en-lb/beirut/weddings,None,Yes,179,17452,7.0%,6,0,Yes,No,No,No,https://presentail.com/en-lb/aley/weddings.md,200,text/markdown; charset=utf-8,Yes,Yes,"<https://presentail.com/en-lb/aley/weddings>; rel=""canonical""; type=""text/html""",Yes,No,Low,Multiple H1
https://presentail.com/en-lb/aley/corporate,other,en,LB,aley,2026-07-22,200,200,https://presentail.com/en-lb/aley/corporate,0,https://presentail.com/en-lb/aley/corporate [200],382,text/html; charset=utf-8,,Yes,,"index, follow",https://presentail.com/en-lb/aley/corporate,200,Yes,No,Corporate Gifting in Aley | Presentail,38,No,"Send flowers, cakes and gifts with same-day express delivery in Lebanon, UAE, and Cyprus. Premium arrangements from Presentail.",127,No,2,Corporate Gifting in Aley | Presentail | Corporate Gifting in Aley | Presentail,Yes,No,1,None,en,Online Flower & Gift Delivery | Presentail,"Send flowers, cakes and gifts with same-day express delivery in Lebanon, UAE, and Cyprus. Premium arrangements from Presentail.",https://presentail.com/,https://presentail.com/opengraph.jpg,Yes,,None,en-LB:https://presentail.com/en-lb/beirut/corporate | ar-LB:https://presentail.com/ar-lb/beirut/corporate | fr-LB:https://presentail.com/fr-lb/beirut/corporate | en-AE:https://presentail.com/en-ae/dubai/corporate | ar-AE:https://presentail.com/ar-ae/dubai/corporate | fr-AE:https://presentail.com/fr-ae/dubai/corporate | en-CY:https://presentail.com/en-cy/limassol/corporate | ar-CY:https://presentail.com/ar-cy/limassol/corporate | fr-CY:https://presentail.com/fr-cy/limassol/corporate | x-default:https://presentail.com/en-lb/beirut/corporate,None,Yes,170,17403,6.7%,6,0,Yes,No,No,No,https://presentail.com/en-lb/aley/corporate.md,200,text/markdown; charset=utf-8,Yes,Yes,"<https://presentail.com/en-lb/aley/corporate>; rel=""canonical""; type=""text/html""",Yes,No,Low,Multiple H1
https://presentail.com/en-lb/baabda,homepage,en,LB,baabda,2026-07-22,200,200,https://presentail.com/en-lb/baabda,0,https://presentail.com/en-lb/baabda [200],387,text/html; charset=utf-8,,Yes,,"index, follow",https://presentail.com/en-lb/baabda,200,Yes,No,Flower & Gift Delivery in Baabda | Presentail,45,No,"Send flowers, cakes and gifts with same-day express delivery in Lebanon, UAE, and Cyprus. Premium arrangements from Presentail.",127,No,2,Flower & Gift Delivery in Baabda | Presentail | Flower & Gift Delivery in Baabda | Presentail,Yes,No,2,None,en,Online Flower & Gift Delivery | Presentail,"Send flowers, cakes and gifts with same-day express delivery in Lebanon, UAE, and Cyprus. Premium arrangements from Presentail.",https://presentail.com/,https://presentail.com/opengraph.jpg,Yes,,None,en-LB:https://presentail.com/en-lb/beirut | ar-LB:https://presentail.com/ar-lb/beirut | fr-LB:https://presentail.com/fr-lb/beirut | en-AE:https://presentail.com/en-ae/dubai | ar-AE:https://presentail.com/ar-ae/dubai | fr-AE:https://presentail.com/fr-ae/dubai | en-CY:https://presentail.com/en-cy/limassol | ar-CY:https://presentail.com/ar-cy/limassol | fr-CY:https://presentail.com/fr-cy/limassol | x-default:https://presentail.com/en-lb/beirut,None,Yes,239,20336,9.7%,12,0,Yes,No,No,No,https://presentail.com/en-lb/baabda.md,200,text/markdown; charset=utf-8,Yes,Yes,"<https://presentail.com/en-lb/baabda>; rel=""canonical""; type=""text/html""",Yes,No,Low,Multiple H1
https://presentail.com/en-lb/baabda/brands,other,en,LB,baabda,2026-07-22,200,200,https://presentail.com/en-lb/baabda/brands,0,https://presentail.com/en-lb/baabda/brands [200],566,text/html; charset=utf-8,,Yes,,"index, follow",https://presentail.com/en-lb/baabda/brands,200,Yes,No,Partner Brands in Baabda | Presentail,37,No,"Send flowers, cakes and gifts with same-day express delivery in Lebanon, UAE, and Cyprus. Premium arrangements from Presentail.",127,No,2,Partner Brands in Baabda | Presentail | Partner Brands in Baabda | Presentail,Yes,No,1,None,en,Online Flower & Gift Delivery | Presentail,"Send flowers, cakes and gifts with same-day express delivery in Lebanon, UAE, and Cyprus. Premium arrangements from Presentail.",https://presentail.com/,https://presentail.com/opengraph.jpg,Yes,,None,en-LB:https://presentail.com/en-lb/beirut/brands | ar-LB:https://presentail.com/ar-lb/beirut/brands | fr-LB:https://presentail.com/fr-lb/beirut/brands | en-AE:https://presentail.com/en-ae/dubai/brands | ar-AE:https://presentail.com/ar-ae/dubai/brands | fr-AE:https://presentail.com/fr-ae/dubai/brands | en-CY:https://presentail.com/en-cy/limassol/brands | ar-CY:https://presentail.com/ar-cy/limassol/brands | fr-CY:https://presentail.com/fr-cy/limassol/brands | x-default:https://presentail.com/en-lb/beirut/brands,None,Yes,145,16954,6.1%,6,0,Yes,No,No,No,https://presentail.com/en-lb/baabda/brands.md,200,text/markdown; charset=utf-8,Yes,Yes,"<https://presentail.com/en-lb/baabda/brands>; rel=""canonical""; type=""text/html""",Yes,No,Low,Multiple H1
https://presentail.com/en-lb/baabda/occasions,occasion,en,LB,baabda,2026-07-22,200,200,https://presentail.com/en-lb/baabda/occasions,0,https://presentail.com/en-lb/baabda/occasions [200],661,text/html; charset=utf-8,,Yes,,"index, follow",https://presentail.com/en-lb/baabda/occasions,200,Yes,No,Shop by Occasion in Baabda | Presentail,39,No,"Send flowers, cakes and gifts with same-day express delivery in Lebanon, UAE, and Cyprus. Premium arrangements from Presentail.",127,No,2,Shop by Occasion in Baabda | Presentail | Shop by Occasion in Baabda | Presentail,Yes,No,1,None,en,Online Flower & Gift Delivery | Presentail,"Send flowers, cakes and gifts with same-day express delivery in Lebanon, UAE, and Cyprus. Premium arrangements from Presentail.",https://presentail.com/,https://presentail.com/opengraph.jpg,Yes,,None,en-LB:https://presentail.com/en-lb/beirut/occasions | ar-LB:https://presentail.com/ar-lb/beirut/occasions | fr-LB:https://presentail.com/fr-lb/beirut/occasions | en-AE:https://presentail.com/en-ae/dubai/occasions | ar-AE:https://presentail.com/ar-ae/dubai/occasions | fr-AE:https://presentail.com/fr-ae/dubai/occasions | en-CY:https://presentail.com/en-cy/limassol/occasions | ar-CY:https://presentail.com/ar-cy/limassol/occasions | fr-CY:https://presentail.com/fr-cy/limassol/occasions | x-default:https://presentail.com/en-lb/beirut/occasions,None,Yes,175,17309,6.8%,6,0,Yes,No,No,No,https://presentail.com/en-lb/baabda/occasions.md,200,text/markdown; charset=utf-8,Yes,Yes,"<https://presentail.com/en-lb/baabda/occasions>; rel=""canonical""; type=""text/html""",Yes,No,Low,Multiple H1
https://presentail.com/en-lb/baabda/contact,info,en,LB,baabda,2026-07-22,200,200,https://presentail.com/en-lb/baabda/contact,0,https://presentail.com/en-lb/baabda/contact [200],390,text/html; charset=utf-8,,Yes,,"index, follow",https://presentail.com/en-lb/baabda/contact,200,Yes,No,Contact Presentail in Baabda | Gift Delivery Help,49,No,"Send flowers, cakes and gifts with same-day express delivery in Lebanon, UAE, and Cyprus. Premium arrangements from Presentail.",127,No,2,Contact Presentail in Baabda | Gift Delivery Help | Contact Presentail in Baabda | Gift Delivery Help,Yes,No,1,None,en,Online Flower & Gift Delivery | Presentail,"Send flowers, cakes and gifts with same-day express delivery in Lebanon, UAE, and Cyprus. Premium arrangements from Presentail.",https://presentail.com/,https://presentail.com/opengraph.jpg,Yes,,None,en-LB:https://presentail.com/en-lb/beirut/contact | ar-LB:https://presentail.com/ar-lb/beirut/contact | fr-LB:https://presentail.com/fr-lb/beirut/contact | en-AE:https://presentail.com/en-ae/dubai/contact | ar-AE:https://presentail.com/ar-ae/dubai/contact | fr-AE:https://presentail.com/fr-ae/dubai/contact | en-CY:https://presentail.com/en-cy/limassol/contact | ar-CY:https://presentail.com/ar-cy/limassol/contact | fr-CY:https://presentail.com/fr-cy/limassol/contact | x-default:https://presentail.com/en-lb/beirut/contact,None,Yes,187,17754,6.7%,6,0,Yes,No,No,No,https://presentail.com/en-lb/baabda/contact.md,200,text/markdown; charset=utf-8,Yes,Yes,"<https://presentail.com/en-lb/baabda/contact>; rel=""canonical""; type=""text/html""",Yes,No,Low,Multiple H1
https://presentail.com/en-lb/baabda/faqs,info,en,LB,baabda,2026-07-22,200,200,https://presentail.com/en-lb/baabda/faqs,0,https://presentail.com/en-lb/baabda/faqs [200],497,text/html; charset=utf-8,,Yes,,"index, follow",https://presentail.com/en-lb/baabda/faqs,200,Yes,No,Flower Delivery FAQs in Baabda | Presentail,43,No,"Send flowers, cakes and gifts with same-day express delivery in Lebanon, UAE, and Cyprus. Premium arrangements from Presentail.",127,No,2,Flower Delivery FAQs in Baabda | Presentail | Flower Delivery FAQs in Baabda | Presentail,Yes,No,1,None,en,Online Flower & Gift Delivery | Presentail,"Send flowers, cakes and gifts with same-day express delivery in Lebanon, UAE, and Cyprus. Premium arrangements from Presentail.",https://presentail.com/,https://presentail.com/opengraph.jpg,Yes,,None,en-LB:https://presentail.com/en-lb/beirut/faqs | ar-LB:https://presentail.com/ar-lb/beirut/faqs | fr-LB:https://presentail.com/fr-lb/beirut/faqs | en-AE:https://presentail.com/en-ae/dubai/faqs | ar-AE:https://presentail.com/ar-ae/dubai/faqs | fr-AE:https://presentail.com/fr-ae/dubai/faqs | en-CY:https://presentail.com/en-cy/limassol/faqs | ar-CY:https://presentail.com/ar-cy/limassol/faqs | fr-CY:https://presentail.com/fr-cy/limassol/faqs | x-default:https://presentail.com/en-lb/beirut/faqs,None,Yes,147,19384,5.2%,6,0,Yes,No,No,No,https://presentail.com/en-lb/baabda/faqs.md,200,text/markdown; charset=utf-8,Yes,Yes,"<https://presentail.com/en-lb/baabda/faqs>; rel=""canonical""; type=""text/html""",Yes,No,Low,Multiple H1
https://presentail.com/en-lb/baabda/weddings,other,en,LB,baabda,2026-07-22,200,200,https://presentail.com/en-lb/baabda/weddings,0,https://presentail.com/en-lb/baabda/weddings [200],150,text/html; charset=utf-8,,Yes,,"index, follow",https://presentail.com/en-lb/baabda/weddings,200,Yes,No,Wedding Flowers in Baabda | Presentail,38,No,"Send flowers, cakes and gifts with same-day express delivery in Lebanon, UAE, and Cyprus. Premium arrangements from Presentail.",127,No,2,Wedding Flowers in Baabda | Presentail | Wedding Flowers in Baabda | Presentail,Yes,No,1,None,en,Online Flower & Gift Delivery | Presentail,"Send flowers, cakes and gifts with same-day express delivery in Lebanon, UAE, and Cyprus. Premium arrangements from Presentail.",https://presentail.com/,https://presentail.com/opengraph.jpg,Yes,,None,en-LB:https://presentail.com/en-lb/beirut/weddings | ar-LB:https://presentail.com/ar-lb/beirut/weddings | fr-LB:https://presentail.com/fr-lb/beirut/weddings | en-AE:https://presentail.com/en-ae/dubai/weddings | ar-AE:https://presentail.com/ar-ae/dubai/weddings | fr-AE:https://presentail.com/fr-ae/dubai/weddings | en-CY:https://presentail.com/en-cy/limassol/weddings | ar-CY:https://presentail.com/ar-cy/limassol/weddings | fr-CY:https://presentail.com/fr-cy/limassol/weddings | x-default:https://presentail.com/en-lb/beirut/weddings,None,Yes,179,17516,7.1%,6,0,Yes,No,No,No,https://presentail.com/en-lb/baabda/weddings.md,200,text/markdown; charset=utf-8,Yes,Yes,"<https://presentail.com/en-lb/baabda/weddings>; rel=""canonical""; type=""text/html""",Yes,No,Low,Multiple H1
https://presentail.com/en-lb/baabda/corporate,other,en,LB,baabda,2026-07-22,200,200,https://presentail.com/en-lb/baabda/corporate,0,https://presentail.com/en-lb/baabda/corporate [200],206,text/html; charset=utf-8,,Yes,,"index, follow",https://presentail.com/en-lb/baabda/corporate,200,Yes,No,Corporate Gifting in Baabda | Presentail,40,No,"Send flowers, cakes and gifts with same-day express delivery in Lebanon, UAE, and Cyprus. Premium arrangements from Presentail.",127,No,2,Corporate Gifting in Baabda | Presentail | Corporate Gifting in Baabda | Presentail,Yes,No,1,None,en,Online Flower & Gift Delivery | Presentail,"Send flowers, cakes and gifts with same-day express delivery in Lebanon, UAE, and Cyprus. Premium arrangements from Presentail.",https://presentail.com/,https://presentail.com/opengraph.jpg,Yes,,None,en-LB:https://presentail.com/en-lb/beirut/corporate | ar-LB:https://presentail.com/ar-lb/beirut/corporate | fr-LB:https://presentail.com/fr-lb/beirut/corporate | en-AE:https://presentail.com/en-ae/dubai/corporate | ar-AE:https://presentail.com/ar-ae/dubai/corporate | fr-AE:https://presentail.com/fr-ae/dubai/corporate | en-CY:https://presentail.com/en-cy/limassol/corporate | ar-CY:https://presentail.com/ar-cy/limassol/corporate | fr-CY:https://presentail.com/fr-cy/limassol/corporate | x-default:https://presentail.com/en-lb/beirut/corporate,None,Yes,170,17459,6.8%,6,0,Yes,No,No,No,https://presentail.com/en-lb/baabda/corporate.md,200,text/markdown; charset=utf-8,Yes,Yes,"<https://presentail.com/en-lb/baabda/corporate>; rel=""canonical""; type=""text/html""",Yes,No,Low,Multiple H1
https://presentail.com/en-lb/baalbeck,homepage,en,LB,baalbeck,2026-07-22,200,200,https://presentail.com/en-lb/baalbeck,0,https://presentail.com/en-lb/baalbeck [200],417,text/html; charset=utf-8,,Yes,,"index, follow",https://presentail.com/en-lb/baalbeck,200,Yes,No,Flower & Gift Delivery in Baalbeck | Presentail,47,No,"Send flowers, cakes and gifts with same-day express delivery in Lebanon, UAE, and Cyprus. Premium arrangements from Presentail.",127,No,2,Flower & Gift Delivery in Baalbeck | Presentail | Flower & Gift Delivery in Baalbeck | Presentail,Yes,No,2,None,en,Online Flower & Gift Delivery | Presentail,"Send flowers, cakes and gifts with same-day express delivery in Lebanon, UAE, and Cyprus. Premium arrangements from Presentail.",https://presentail.com/,https://presentail.com/opengraph.jpg,Yes,,None,en-LB:https://presentail.com/en-lb/beirut | ar-LB:https://presentail.com/ar-lb/beirut | fr-LB:https://presentail.com/fr-lb/beirut | en-AE:https://presentail.com/en-ae/dubai | ar-AE:https://presentail.com/ar-ae/dubai | fr-AE:https://presentail.com/fr-ae/dubai | en-CY:https://presentail.com/en-cy/limassol | ar-CY:https://presentail.com/ar-cy/limassol | fr-CY:https://presentail.com/fr-cy/limassol | x-default:https://presentail.com/en-lb/beirut,None,Yes,241,20438,9.9%,12,0,Yes,No,No,No,https://presentail.com/en-lb/baalbeck.md,200,text/markdown; charset=utf-8,Yes,Yes,"<https://presentail.com/en-lb/baalbeck>; rel=""canonical""; type=""text/html""",Yes,No,Low,Multiple H1
https://presentail.com/en-lb/baalbeck/brands,other,en,LB,baalbeck,2026-07-22,200,200,https://presentail.com/en-lb/baalbeck/brands,0,https://presentail.com/en-lb/baalbeck/brands [200],124,text/html; charset=utf-8,,Yes,,"index, follow",https://presentail.com/en-lb/baalbeck/brands,200,Yes,No,Partner Brands in Baalbeck | Presentail,39,No,"Send flowers, cakes and gifts with same-day express delivery in Lebanon, UAE, and Cyprus. Premium arrangements from Presentail.",127,No,2,Partner Brands in Baalbeck | Presentail | Partner Brands in Baalbeck | Presentail,Yes,No,1,None,en,Online Flower & Gift Delivery | Presentail,"Send flowers, cakes and gifts with same-day express delivery in Lebanon, UAE, and Cyprus. Premium arrangements from Presentail.",https://presentail.com/,https://presentail.com/opengraph.jpg,Yes,,None,en-LB:https://presentail.com/en-lb/beirut/brands | ar-LB:https://presentail.com/ar-lb/beirut/brands | fr-LB:https://presentail.com/fr-lb/beirut/brands | en-AE:https://presentail.com/en-ae/dubai/brands | ar-AE:https://presentail.com/ar-ae/dubai/brands | fr-AE:https://presentail.com/fr-ae/dubai/brands | en-CY:https://presentail.com/en-cy/limassol/brands | ar-CY:https://presentail.com/ar-cy/limassol/brands | fr-CY:https://presentail.com/fr-cy/limassol/brands | x-default:https://presentail.com/en-lb/beirut/brands,None,Yes,145,17010,6.2%,6,0,Yes,No,No,No,https://presentail.com/en-lb/baalbeck/brands.md,200,text/markdown; charset=utf-8,Yes,Yes,"<https://presentail.com/en-lb/baalbeck/brands>; rel=""canonical""; type=""text/html""",Yes,No,Low,Multiple H1
https://presentail.com/en-lb/baalbeck/occasions,occasion,en,LB,baalbeck,2026-07-22,200,200,https://presentail.com/en-lb/baalbeck/occasions,0,https://presentail.com/en-lb/baalbeck/occasions [200],188,text/html; charset=utf-8,,Yes,,"index, follow",https://presentail.com/en-lb/baalbeck/occasions,200,Yes,No,Shop by Occasion in Baalbeck | Presentail,41,No,"Send flowers, cakes and gifts with same-day express delivery in Lebanon, UAE, and Cyprus. Premium arrangements from Presentail.",127,No,2,Shop by Occasion in Baalbeck | Presentail | Shop by Occasion in Baalbeck | Presentail,Yes,No,1,None,en,Online Flower & Gift Delivery | Presentail,"Send flowers, cakes and gifts with same-day express delivery in Lebanon, UAE, and Cyprus. Premium arrangements from Presentail.",https://presentail.com/,https://presentail.com/opengraph.jpg,Yes,,None,en-LB:https://presentail.com/en-lb/beirut/occasions | ar-LB:https://presentail.com/ar-lb/beirut/occasions | fr-LB:https://presentail.com/fr-lb/beirut/occasions | en-AE:https://presentail.com/en-ae/dubai/occasions | ar-AE:https://presentail.com/ar-ae/dubai/occasions | fr-AE:https://presentail.com/fr-ae/dubai/occasions | en-CY:https://presentail.com/en-cy/limassol/occasions | ar-CY:https://presentail.com/ar-cy/limassol/occasions | fr-CY:https://presentail.com/fr-cy/limassol/occasions | x-default:https://presentail.com/en-lb/beirut/occasions,None,Yes,175,17369,6.9%,6,0,Yes,No,No,No,https://presentail.com/en-lb/baalbeck/occasions.md,200,text/markdown; charset=utf-8,Yes,Yes,"<https://presentail.com/en-lb/baalbeck/occasions>; rel=""canonical""; type=""text/html""",Yes,No,Low,Multiple H1
https://presentail.com/en-lb/baalbeck/contact,info,en,LB,baalbeck,2026-07-22,200,200,https://presentail.com/en-lb/baalbeck/contact,0,https://presentail.com/en-lb/baalbeck/contact [200],182,text/html; charset=utf-8,,Yes,,"index, follow",https://presentail.com/en-lb/baalbeck/contact,200,Yes,No,Contact Presentail in Baalbeck | Gift Delivery Help,51,No,"Send flowers, cakes and gifts with same-day express delivery in Lebanon, UAE, and Cyprus. Premium arrangements from Presentail.",127,No,2,Contact Presentail in Baalbeck | Gift Delivery Help | Contact Presentail in Baalbeck | Gift Delivery Help,Yes,No,1,None,en,Online Flower & Gift Delivery | Presentail,"Send flowers, cakes and gifts with same-day express delivery in Lebanon, UAE, and Cyprus. Premium arrangements from Presentail.",https://presentail.com/,https://presentail.com/opengraph.jpg,Yes,,None,en-LB:https://presentail.com/en-lb/beirut/contact | ar-LB:https://presentail.com/ar-lb/beirut/contact | fr-LB:https://presentail.com/fr-lb/beirut/contact | en-AE:https://presentail.com/en-ae/dubai/contact | ar-AE:https://presentail.com/ar-ae/dubai/contact | fr-AE:https://presentail.com/fr-ae/dubai/contact | en-CY:https://presentail.com/en-cy/limassol/contact | ar-CY:https://presentail.com/ar-cy/limassol/contact | fr-CY:https://presentail.com/fr-cy/limassol/contact | x-default:https://presentail.com/en-lb/beirut/contact,None,Yes,187,17808,6.7%,6,0,Yes,No,No,No,https://presentail.com/en-lb/baalbeck/contact.md,200,text/markdown; charset=utf-8,Yes,Yes,"<https://presentail.com/en-lb/baalbeck/contact>; rel=""canonical""; type=""text/html""",Yes,No,Low,Multiple H1
https://presentail.com/en-lb/baalbeck/faqs,info,en,LB,baalbeck,2026-07-22,200,200,https://presentail.com/en-lb/baalbeck/faqs,0,https://presentail.com/en-lb/baalbeck/faqs [200],295,text/html; charset=utf-8,,Yes,,"index, follow",https://presentail.com/en-lb/baalbeck/faqs,200,Yes,No,Flower Delivery FAQs in Baalbeck | Presentail,45,No,"Send flowers, cakes and gifts with same-day express delivery in Lebanon, UAE, and Cyprus. Premium arrangements from Presentail.",127,No,2,Flower Delivery FAQs in Baalbeck | Presentail | Flower Delivery FAQs in Baalbeck | Presentail,Yes,No,1,None,en,Online Flower & Gift Delivery | Presentail,"Send flowers, cakes and gifts with same-day express delivery in Lebanon, UAE, and Cyprus. Premium arrangements from Presentail.",https://presentail.com/,https://presentail.com/opengraph.jpg,Yes,,None,en-LB:https://presentail.com/en-lb/beirut/faqs | ar-LB:https://presentail.com/ar-lb/beirut/faqs | fr-LB:https://presentail.com/fr-lb/beirut/faqs | en-AE:https://presentail.com/en-ae/dubai/faqs | ar-AE:https://presentail.com/ar-ae/dubai/faqs | fr-AE:https://presentail.com/fr-ae/dubai/faqs | en-CY:https://presentail.com/en-cy/limassol/faqs | ar-CY:https://presentail.com/ar-cy/limassol/faqs | fr-CY:https://presentail.com/fr-cy/limassol/faqs | x-default:https://presentail.com/en-lb/beirut/faqs,None,Yes,147,19424,5.3%,6,0,Yes,No,No,No,https://presentail.com/en-lb/baalbeck/faqs.md,200,text/markdown; charset=utf-8,Yes,Yes,"<https://presentail.com/en-lb/baalbeck/faqs>; rel=""canonical""; type=""text/html""",Yes,No,Low,Multiple H1
https://presentail.com/en-lb/baalbeck/weddings,other,en,LB,baalbeck,2026-07-22,200,200,https://presentail.com/en-lb/baalbeck/weddings,0,https://presentail.com/en-lb/baalbeck/weddings [200],314,text/html; charset=utf-8,,Yes,,"index, follow",https://presentail.com/en-lb/baalbeck/weddings,200,Yes,No,Wedding Flowers in Baalbeck | Presentail,40,No,"Send flowers, cakes and gifts with same-day express delivery in Lebanon, UAE, and Cyprus. Premium arrangements from Presentail.",127,No,2,Wedding Flowers in Baalbeck | Presentail | Wedding Flowers in Baalbeck | Presentail,Yes,No,1,None,en,Online Flower & Gift Delivery | Presentail,"Send flowers, cakes and gifts with same-day express delivery in Lebanon, UAE, and Cyprus. Premium arrangements from Presentail.",https://presentail.com/,https://presentail.com/opengraph.jpg,Yes,,None,en-LB:https://presentail.com/en-lb/beirut/weddings | ar-LB:https://presentail.com/ar-lb/beirut/weddings | fr-LB:https://presentail.com/fr-lb/beirut/weddings | en-AE:https://presentail.com/en-ae/dubai/weddings | ar-AE:https://presentail.com/ar-ae/dubai/weddings | fr-AE:https://presentail.com/fr-ae/dubai/weddings | en-CY:https://presentail.com/en-cy/limassol/weddings | ar-CY:https://presentail.com/ar-cy/limassol/weddings | fr-CY:https://presentail.com/fr-cy/limassol/weddings | x-default:https://presentail.com/en-lb/beirut/weddings,None,Yes,179,17580,7.1%,6,0,Yes,No,No,No,https://presentail.com/en-lb/baalbeck/weddings.md,200,text/markdown; charset=utf-8,Yes,Yes,"<https://presentail.com/en-lb/baalbeck/weddings>; rel=""canonical""; type=""text/html""",Yes,No,Low,Multiple H1
https://presentail.com/en-lb/baalbeck/corporate,other,en,LB,baalbeck,2026-07-22,200,200,https://presentail.com/en-lb/baalbeck/corporate,0,https://presentail.com/en-lb/baalbeck/corporate [200],287,text/html; charset=utf-8,,Yes,,"index, follow",https://presentail.com/en-lb/baalbeck/corporate,200,Yes,No,Corporate Gifting in Baalbeck | Presentail,42,No,"Send flowers, cakes and gifts with same-day express delivery in Lebanon, UAE, and Cyprus. Premium arrangements from Presentail.",127,No,2,Corporate Gifting in Baalbeck | Presentail | Corporate Gifting in Baalbeck | Presentail,Yes,No,1,None,en,Online Flower & Gift Delivery | Presentail,"Send flowers, cakes and gifts with same-day express delivery in Lebanon, UAE, and Cyprus. Premium arrangements from Presentail.",https://presentail.com/,https://presentail.com/opengraph.jpg,Yes,,None,en-LB:https://presentail.com/en-lb/beirut/corporate | ar-LB:https://presentail.com/ar-lb/beirut/corporate | fr-LB:https://presentail.com/fr-lb/beirut/corporate | en-AE:https://presentail.com/en-ae/dubai/corporate | ar-AE:https://presentail.com/ar-ae/dubai/corporate | fr-AE:https://presentail.com/fr-ae/dubai/corporate | en-CY:https://presentail.com/en-cy/limassol/corporate | ar-CY:https://presentail.com/ar-cy/limassol/corporate | fr-CY:https://presentail.com/fr-cy/limassol/corporate | x-default:https://presentail.com/en-lb/beirut/corporate,None,Yes,170,17515,6.9%,6,0,Yes,No,No,No,https://presentail.com/en-lb/baalbeck/corporate.md,200,text/markdown; charset=utf-8,Yes,Yes,"<https://presentail.com/en-lb/baalbeck/corporate>; rel=""canonical""; type=""text/html""",Yes,No,Low,Multiple H1
https://presentail.com/en-lb/batroun,homepage,en,LB,batroun,2026-07-22,200,200,https://presentail.com/en-lb/batroun,0,https://presentail.com/en-lb/batroun [200],1342,text/html; charset=utf-8,,Yes,,"index, follow",https://presentail.com/en-lb/batroun,200,Yes,No,Flower & Gift Delivery in Batroun | Presentail,46,No,"Send flowers, cakes and gifts with same-day express delivery in Lebanon, UAE, and Cyprus. Premium arrangements from Presentail.",127,No,2,Flower & Gift Delivery in Batroun | Presentail | Flower & Gift Delivery in Batroun | Presentail,Yes,No,2,None,en,Online Flower & Gift Delivery | Presentail,"Send flowers, cakes and gifts with same-day express delivery in Lebanon, UAE, and Cyprus. Premium arrangements from Presentail.",https://presentail.com/,https://presentail.com/opengraph.jpg,Yes,,None,en-LB:https://presentail.com/en-lb/beirut | ar-LB:https://presentail.com/ar-lb/beirut | fr-LB:https://presentail.com/fr-lb/beirut | en-AE:https://presentail.com/en-ae/dubai | ar-AE:https://presentail.com/ar-ae/dubai | fr-AE:https://presentail.com/fr-ae/dubai | en-CY:https://presentail.com/en-cy/limassol | ar-CY:https://presentail.com/ar-cy/limassol | fr-CY:https://presentail.com/fr-cy/limassol | x-default:https://presentail.com/en-lb/beirut,None,Yes,241,20402,9.9%,12,0,Yes,No,No,No,https://presentail.com/en-lb/batroun.md,200,text/markdown; charset=utf-8,Yes,Yes,"<https://presentail.com/en-lb/batroun>; rel=""canonical""; type=""text/html""",Yes,No,Low,Multiple H1
https://presentail.com/en-lb/batroun/brands,other,en,LB,batroun,2026-07-22,200,200,https://presentail.com/en-lb/batroun/brands,0,https://presentail.com/en-lb/batroun/brands [200],217,text/html; charset=utf-8,,Yes,,"index, follow",https://presentail.com/en-lb/batroun/brands,200,Yes,No,Partner Brands in Batroun | Presentail,38,No,"Send flowers, cakes and gifts with same-day express delivery in Lebanon, UAE, and Cyprus. Premium arrangements from Presentail.",127,No,2,Partner Brands in Batroun | Presentail | Partner Brands in Batroun | Presentail,Yes,No,1,None,en,Online Flower & Gift Delivery | Presentail,"Send flowers, cakes and gifts with same-day express delivery in Lebanon, UAE, and Cyprus. Premium arrangements from Presentail.",https://presentail.com/,https://presentail.com/opengraph.jpg,Yes,,None,en-LB:https://presentail.com/en-lb/beirut/brands | ar-LB:https://presentail.com/ar-lb/beirut/brands | fr-LB:https://presentail.com/fr-lb/beirut/brands | en-AE:https://presentail.com/en-ae/dubai/brands | ar-AE:https://presentail.com/ar-ae/dubai/brands | fr-AE:https://presentail.com/fr-ae/dubai/brands | en-CY:https://presentail.com/en-cy/limassol/brands | ar-CY:https://presentail.com/ar-cy/limassol/brands | fr-CY:https://presentail.com/fr-cy/limassol/brands | x-default:https://presentail.com/en-lb/beirut/brands,None,Yes,145,16982,6.1%,6,0,Yes,No,No,No,https://presentail.com/en-lb/batroun/brands.md,200,text/markdown; charset=utf-8,Yes,Yes,"<https://presentail.com/en-lb/batroun/brands>; rel=""canonical""; type=""text/html""",Yes,No,Low,Multiple H1
https://presentail.com/en-lb/batroun/occasions,occasion,en,LB,batroun,2026-07-22,200,200,https://presentail.com/en-lb/batroun/occasions,0,https://presentail.com/en-lb/batroun/occasions [200],187,text/html; charset=utf-8,,Yes,,"index, follow",https://presentail.com/en-lb/batroun/occasions,200,Yes,No,Shop by Occasion in Batroun | Presentail,40,No,"Send flowers, cakes and gifts with same-day express delivery in Lebanon, UAE, and Cyprus. Premium arrangements from Presentail.",127,No,2,Shop by Occasion in Batroun | Presentail | Shop by Occasion in Batroun | Presentail,Yes,No,1,None,en,Online Flower & Gift Delivery | Presentail,"Send flowers, cakes and gifts with same-day express delivery in Lebanon, UAE, and Cyprus. Premium arrangements from Presentail.",https://presentail.com/,https://presentail.com/opengraph.jpg,Yes,,None,en-LB:https://presentail.com/en-lb/beirut/occasions | ar-LB:https://presentail.com/ar-lb/beirut/occasions | fr-LB:https://presentail.com/fr-lb/beirut/occasions | en-AE:https://presentail.com/en-ae/dubai/occasions | ar-AE:https://presentail.com/ar-ae/dubai/occasions | fr-AE:https://presentail.com/fr-ae/dubai/occasions | en-CY:https://presentail.com/en-cy/limassol/occasions | ar-CY:https://presentail.com/ar-cy/limassol/occasions | fr-CY:https://presentail.com/fr-cy/limassol/occasions | x-default:https://presentail.com/en-lb/beirut/occasions,None,Yes,175,17339,6.9%,6,0,Yes,No,No,No,https://presentail.com/en-lb/batroun/occasions.md,200,text/markdown; charset=utf-8,Yes,Yes,"<https://presentail.com/en-lb/batroun/occasions>; rel=""canonical""; type=""text/html""",Yes,No,Low,Multiple H1
https://presentail.com/en-lb/batroun/contact,info,en,LB,batroun,2026-07-22,200,200,https://presentail.com/en-lb/batroun/contact,0,https://presentail.com/en-lb/batroun/contact [200],187,text/html; charset=utf-8,,Yes,,"index, follow",https://presentail.com/en-lb/batroun/contact,200,Yes,No,Contact Presentail in Batroun | Gift Delivery Help,50,No,"Send flowers, cakes and gifts with same-day express delivery in Lebanon, UAE, and Cyprus. Premium arrangements from Presentail.",127,No,2,Contact Presentail in Batroun | Gift Delivery Help | Contact Presentail in Batroun | Gift Delivery Help,Yes,No,1,None,en,Online Flower & Gift Delivery | Presentail,"Send flowers, cakes and gifts with same-day express delivery in Lebanon, UAE, and Cyprus. Premium arrangements from Presentail.",https://presentail.com/,https://presentail.com/opengraph.jpg,Yes,,None,en-LB:https://presentail.com/en-lb/beirut/contact | ar-LB:https://presentail.com/ar-lb/beirut/contact | fr-LB:https://presentail.com/fr-lb/beirut/contact | en-AE:https://presentail.com/en-ae/dubai/contact | ar-AE:https://presentail.com/ar-ae/dubai/contact | fr-AE:https://presentail.com/fr-ae/dubai/contact | en-CY:https://presentail.com/en-cy/limassol/contact | ar-CY:https://presentail.com/ar-cy/limassol/contact | fr-CY:https://presentail.com/fr-cy/limassol/contact | x-default:https://presentail.com/en-lb/beirut/contact,None,Yes,187,17781,6.7%,6,0,Yes,No,No,No,https://presentail.com/en-lb/batroun/contact.md,200,text/markdown; charset=utf-8,Yes,Yes,"<https://presentail.com/en-lb/batroun/contact>; rel=""canonical""; type=""text/html""",Yes,No,Low,Multiple H1
https://presentail.com/en-lb/batroun/faqs,info,en,LB,batroun,2026-07-22,200,200,https://presentail.com/en-lb/batroun/faqs,0,https://presentail.com/en-lb/batroun/faqs [200],137,text/html; charset=utf-8,,Yes,,"index, follow",https://presentail.com/en-lb/batroun/faqs,200,Yes,No,Flower Delivery FAQs in Batroun | Presentail,44,No,"Send flowers, cakes and gifts with same-day express delivery in Lebanon, UAE, and Cyprus. Premium arrangements from Presentail.",127,No,2,Flower Delivery FAQs in Batroun | Presentail | Flower Delivery FAQs in Batroun | Presentail,Yes,No,1,None,en,Online Flower & Gift Delivery | Presentail,"Send flowers, cakes and gifts with same-day express delivery in Lebanon, UAE, and Cyprus. Premium arrangements from Presentail.",https://presentail.com/,https://presentail.com/opengraph.jpg,Yes,,None,en-LB:https://presentail.com/en-lb/beirut/faqs | ar-LB:https://presentail.com/ar-lb/beirut/faqs | fr-LB:https://presentail.com/fr-lb/beirut/faqs | en-AE:https://presentail.com/en-ae/dubai/faqs | ar-AE:https://presentail.com/ar-ae/dubai/faqs | fr-AE:https://presentail.com/fr-ae/dubai/faqs | en-CY:https://presentail.com/en-cy/limassol/faqs | ar-CY:https://presentail.com/ar-cy/limassol/faqs | fr-CY:https://presentail.com/fr-cy/limassol/faqs | x-default:https://presentail.com/en-lb/beirut/faqs,None,Yes,147,19404,5.3%,6,0,Yes,No,No,No,https://presentail.com/en-lb/batroun/faqs.md,200,text/markdown; charset=utf-8,Yes,Yes,"<https://presentail.com/en-lb/batroun/faqs>; rel=""canonical""; type=""text/html""",Yes,No,Low,Multiple H1
https://presentail.com/en-lb/batroun/weddings,other,en,LB,batroun,2026-07-22,200,200,https://presentail.com/en-lb/batroun/weddings,0,https://presentail.com/en-lb/batroun/weddings [200],102,text/html; charset=utf-8,,Yes,,"index, follow",https://presentail.com/en-lb/batroun/weddings,200,Yes,No,Wedding Flowers in Batroun | Presentail,39,No,"Send flowers, cakes and gifts with same-day express delivery in Lebanon, UAE, and Cyprus. Premium arrangements from Presentail.",127,No,2,Wedding Flowers in Batroun | Presentail | Wedding Flowers in Batroun | Presentail,Yes,No,1,None,en,Online Flower & Gift Delivery | Presentail,"Send flowers, cakes and gifts with same-day express delivery in Lebanon, UAE, and Cyprus. Premium arrangements from Presentail.",https://presentail.com/,https://presentail.com/opengraph.jpg,Yes,,None,en-LB:https://presentail.com/en-lb/beirut/weddings | ar-LB:https://presentail.com/ar-lb/beirut/weddings | fr-LB:https://presentail.com/fr-lb/beirut/weddings | en-AE:https://presentail.com/en-ae/dubai/weddings | ar-AE:https://presentail.com/ar-ae/dubai/weddings | fr-AE:https://presentail.com/fr-ae/dubai/weddings | en-CY:https://presentail.com/en-cy/limassol/weddings | ar-CY:https://presentail.com/ar-cy/limassol/weddings | fr-CY:https://presentail.com/fr-cy/limassol/weddings | x-default:https://presentail.com/en-lb/beirut/weddings,None,Yes,179,17548,7.1%,6,0,Yes,No,No,No,https://presentail.com/en-lb/batroun/weddings.md,200,text/markdown; charset=utf-8,Yes,Yes,"<https://presentail.com/en-lb/batroun/weddings>; rel=""canonical""; type=""text/html""",Yes,No,Low,Multiple H1
https://presentail.com/en-lb/batroun/corporate,other,en,LB,batroun,2026-07-22,200,200,https://presentail.com/en-lb/batroun/corporate,0,https://presentail.com/en-lb/batroun/corporate [200],111,text/html; charset=utf-8,,Yes,,"index, follow",https://presentail.com/en-lb/batroun/corporate,200,Yes,No,Corporate Gifting in Batroun | Presentail,41,No,"Send flowers, cakes and gifts with same-day express delivery in Lebanon, UAE, and Cyprus. Premium arrangements from Presentail.",127,No,2,Corporate Gifting in Batroun | Presentail | Corporate Gifting in Batroun | Presentail,Yes,No,1,None,en,Online Flower & Gift Delivery | Presentail,"Send flowers, cakes and gifts with same-day express delivery in Lebanon, UAE, and Cyprus. Premium arrangements from Presentail.",https://presentail.com/,https://presentail.com/opengraph.jpg,Yes,,None,en-LB:https://presentail.com/en-lb/beirut/corporate | ar-LB:https://presentail.com/ar-lb/beirut/corporate | fr-LB:https://presentail.com/fr-lb/beirut/corporate | en-AE:https://presentail.com/en-ae/dubai/corporate | ar-AE:https://presentail.com/ar-ae/dubai/corporate | fr-AE:https://presentail.com/fr-ae/dubai/corporate | en-CY:https://presentail.com/en-cy/limassol/corporate | ar-CY:https://presentail.com/ar-cy/limassol/corporate | fr-CY:https://presentail.com/fr-cy/limassol/corporate | x-default:https://presentail.com/en-lb/beirut/corporate,None,Yes,170,17487,6.8%,6,0,Yes,No,No,No,https://presentail.com/en-lb/batroun/corporate.md,200,text/markdown; charset=utf-8,Yes,Yes,"<https://presentail.com/en-lb/batroun/corporate>; rel=""canonical""; type=""text/html""",Yes,No,Low,Multiple H1
https://presentail.com/en-lb/bcharee,homepage,en,LB,bcharee,2026-07-22,200,200,https://presentail.com/en-lb/bcharee,0,https://presentail.com/en-lb/bcharee [200],190,text/html; charset=utf-8,,Yes,,"index, follow",https://presentail.com/en-lb/bcharee,200,Yes,No,Flower & Gift Delivery in Bcharre | Presentail,46,No,"Send flowers, cakes and gifts with same-day express delivery in Lebanon, UAE, and Cyprus. Premium arrangements from Presentail.",127,No,2,Flower & Gift Delivery in Bcharre | Presentail | Flower & Gift Delivery in Bcharre | Presentail,Yes,No,2,None,en,Online Flower & Gift Delivery | Presentail,"Send flowers, cakes and gifts with same-day express delivery in Lebanon, UAE, and Cyprus. Premium arrangements from Presentail.",https://presentail.com/,https://presentail.com/opengraph.jpg,Yes,,None,en-LB:https://presentail.com/en-lb/beirut | ar-LB:https://presentail.com/ar-lb/beirut | fr-LB:https://presentail.com/fr-lb/beirut | en-AE:https://presentail.com/en-ae/dubai | ar-AE:https://presentail.com/ar-ae/dubai | fr-AE:https://presentail.com/fr-ae/dubai | en-CY:https://presentail.com/en-cy/limassol | ar-CY:https://presentail.com/ar-cy/limassol | fr-CY:https://presentail.com/fr-cy/limassol | x-default:https://presentail.com/en-lb/beirut,None,Yes,242,20372,9.7%,12,0,Yes,No,No,No,https://presentail.com/en-lb/bcharee.md,200,text/markdown; charset=utf-8,Yes,Yes,"<https://presentail.com/en-lb/bcharee>; rel=""canonical""; type=""text/html""",Yes,No,Low,Multiple H1
https://presentail.com/en-lb/bcharee/brands,other,en,LB,bcharee,2026-07-22,200,200,https://presentail.com/en-lb/bcharee/brands,0,https://presentail.com/en-lb/bcharee/brands [200],189,text/html; charset=utf-8,,Yes,,"index, follow",https://presentail.com/en-lb/bcharee/brands,200,Yes,No,Partner Brands in Bcharre | Presentail,38,No,"Send flowers, cakes and gifts with same-day express delivery in Lebanon, UAE, and Cyprus. Premium arrangements from Presentail.",127,No,2,Partner Brands in Bcharre | Presentail | Partner Brands in Bcharre | Presentail,Yes,No,1,None,en,Online Flower & Gift Delivery | Presentail,"Send flowers, cakes and gifts with same-day express delivery in Lebanon, UAE, and Cyprus. Premium arrangements from Presentail.",https://presentail.com/,https://presentail.com/opengraph.jpg,Yes,,None,en-LB:https://presentail.com/en-lb/beirut/brands | ar-LB:https://presentail.com/ar-lb/beirut/brands | fr-LB:https://presentail.com/fr-lb/beirut/brands | en-AE:https://presentail.com/en-ae/dubai/brands | ar-AE:https://presentail.com/ar-ae/dubai/brands | fr-AE:https://presentail.com/fr-ae/dubai/brands | en-CY:https://presentail.com/en-cy/limassol/brands | ar-CY:https://presentail.com/ar-cy/limassol/brands | fr-CY:https://presentail.com/fr-cy/limassol/brands | x-default:https://presentail.com/en-lb/beirut/brands,None,Yes,145,16982,6.1%,6,0,Yes,No,No,No,https://presentail.com/en-lb/bcharee/brands.md,200,text/markdown; charset=utf-8,Yes,Yes,"<https://presentail.com/en-lb/bcharee/brands>; rel=""canonical""; type=""text/html""",Yes,No,Low,Multiple H1
https://presentail.com/en-lb/bcharee/occasions,occasion,en,LB,bcharee,2026-07-22,200,200,https://presentail.com/en-lb/bcharee/occasions,0,https://presentail.com/en-lb/bcharee/occasions [200],267,text/html; charset=utf-8,,Yes,,"index, follow",https://presentail.com/en-lb/bcharee/occasions,200,Yes,No,Shop by Occasion in Bcharre | Presentail,40,No,"Send flowers, cakes and gifts with same-day express delivery in Lebanon, UAE, and Cyprus. Premium arrangements from Presentail.",127,No,2,Shop by Occasion in Bcharre | Presentail | Shop by Occasion in Bcharre | Presentail,Yes,No,1,None,en,Online Flower & Gift Delivery | Presentail,"Send flowers, cakes and gifts with same-day express delivery in Lebanon, UAE, and Cyprus. Premium arrangements from Presentail.",https://presentail.com/,https://presentail.com/opengraph.jpg,Yes,,None,en-LB:https://presentail.com/en-lb/beirut/occasions | ar-LB:https://presentail.com/ar-lb/beirut/occasions | fr-LB:https://presentail.com/fr-lb/beirut/occasions | en-AE:https://presentail.com/en-ae/dubai/occasions | ar-AE:https://presentail.com/ar-ae/dubai/occasions | fr-AE:https://presentail.com/fr-ae/dubai/occasions | en-CY:https://presentail.com/en-cy/limassol/occasions | ar-CY:https://presentail.com/ar-cy/limassol/occasions | fr-CY:https://presentail.com/fr-cy/limassol/occasions | x-default:https://presentail.com/en-lb/beirut/occasions,None,Yes,175,17339,6.9%,6,0,Yes,No,No,No,https://presentail.com/en-lb/bcharee/occasions.md,200,text/markdown; charset=utf-8,Yes,Yes,"<https://presentail.com/en-lb/bcharee/occasions>; rel=""canonical""; type=""text/html""",Yes,No,Low,Multiple H1
https://presentail.com/en-lb/bcharee/contact,info,en,LB,bcharee,2026-07-22,200,200,https://presentail.com/en-lb/bcharee/contact,0,https://presentail.com/en-lb/bcharee/contact [200],169,text/html; charset=utf-8,,Yes,,"index, follow",https://presentail.com/en-lb/bcharee/contact,200,Yes,No,Contact Presentail in Bcharre | Gift Delivery Help,50,No,"Send flowers, cakes and gifts with same-day express delivery in Lebanon, UAE, and Cyprus. Premium arrangements from Presentail.",127,No,2,Contact Presentail in Bcharre | Gift Delivery Help | Contact Presentail in Bcharre | Gift Delivery Help,Yes,No,1,None,en,Online Flower & Gift Delivery | Presentail,"Send flowers, cakes and gifts with same-day express delivery in Lebanon, UAE, and Cyprus. Premium arrangements from Presentail.",https://presentail.com/,https://presentail.com/opengraph.jpg,Yes,,None,en-LB:https://presentail.com/en-lb/beirut/contact | ar-LB:https://presentail.com/ar-lb/beirut/contact | fr-LB:https://presentail.com/fr-lb/beirut/contact | en-AE:https://presentail.com/en-ae/dubai/contact | ar-AE:https://presentail.com/ar-ae/dubai/contact | fr-AE:https://presentail.com/fr-ae/dubai/contact | en-CY:https://presentail.com/en-cy/limassol/contact | ar-CY:https://presentail.com/ar-cy/limassol/contact | fr-CY:https://presentail.com/fr-cy/limassol/contact | x-default:https://presentail.com/en-lb/beirut/contact,None,Yes,187,17781,6.7%,6,0,Yes,No,No,No,https://presentail.com/en-lb/bcharee/contact.md,200,text/markdown; charset=utf-8,Yes,Yes,"<https://presentail.com/en-lb/bcharee/contact>; rel=""canonical""; type=""text/html""",Yes,No,Low,Multiple H1
https://presentail.com/en-lb/bcharee/faqs,info,en,LB,bcharee,2026-07-22,200,200,https://presentail.com/en-lb/bcharee/faqs,0,https://presentail.com/en-lb/bcharee/faqs [200],287,text/html; charset=utf-8,,Yes,,"index, follow",https://presentail.com/en-lb/bcharee/faqs,200,Yes,No,Flower Delivery FAQs in Bcharre | Presentail,44,No,"Send flowers, cakes and gifts with same-day express delivery in Lebanon, UAE, and Cyprus. Premium arrangements from Presentail.",127,No,2,Flower Delivery FAQs in Bcharre | Presentail | Flower Delivery FAQs in Bcharre | Presentail,Yes,No,1,None,en,Online Flower & Gift Delivery | Presentail,"Send flowers, cakes and gifts with same-day express delivery in Lebanon, UAE, and Cyprus. Premium arrangements from Presentail.",https://presentail.com/,https://presentail.com/opengraph.jpg,Yes,,None,en-LB:https://presentail.com/en-lb/beirut/faqs | ar-LB:https://presentail.com/ar-lb/beirut/faqs | fr-LB:https://presentail.com/fr-lb/beirut/faqs | en-AE:https://presentail.com/en-ae/dubai/faqs | ar-AE:https://presentail.com/ar-ae/dubai/faqs | fr-AE:https://presentail.com/fr-ae/dubai/faqs | en-CY:https://presentail.com/en-cy/limassol/faqs | ar-CY:https://presentail.com/ar-cy/limassol/faqs | fr-CY:https://presentail.com/fr-cy/limassol/faqs | x-default:https://presentail.com/en-lb/beirut/faqs,None,Yes,147,19404,5.3%,6,0,Yes,No,No,No,https://presentail.com/en-lb/bcharee/faqs.md,200,text/markdown; charset=utf-8,Yes,Yes,"<https://presentail.com/en-lb/bcharee/faqs>; rel=""canonical""; type=""text/html""",Yes,No,Low,Multiple H1
https://presentail.com/en-lb/bcharee/weddings,other,en,LB,bcharee,2026-07-22,200,200,https://presentail.com/en-lb/bcharee/weddings,0,https://presentail.com/en-lb/bcharee/weddings [200],174,text/html; charset=utf-8,,Yes,,"index, follow",https://presentail.com/en-lb/bcharee/weddings,200,Yes,No,Wedding Flowers in Bcharre | Presentail,39,No,"Send flowers, cakes and gifts with same-day express delivery in Lebanon, UAE, and Cyprus. Premium arrangements from Presentail.",127,No,2,Wedding Flowers in Bcharre | Presentail | Wedding Flowers in Bcharre | Presentail,Yes,No,1,None,en,Online Flower & Gift Delivery | Presentail,"Send flowers, cakes and gifts with same-day express delivery in Lebanon, UAE, and Cyprus. Premium arrangements from Presentail.",https://presentail.com/,https://presentail.com/opengraph.jpg,Yes,,None,en-LB:https://presentail.com/en-lb/beirut/weddings | ar-LB:https://presentail.com/ar-lb/beirut/weddings | fr-LB:https://presentail.com/fr-lb/beirut/weddings | en-AE:https://presentail.com/en-ae/dubai/weddings | ar-AE:https://presentail.com/ar-ae/dubai/weddings | fr-AE:https://presentail.com/fr-ae/dubai/weddings | en-CY:https://presentail.com/en-cy/limassol/weddings | ar-CY:https://presentail.com/ar-cy/limassol/weddings | fr-CY:https://presentail.com/fr-cy/limassol/weddings | x-default:https://presentail.com/en-lb/beirut/weddings,None,Yes,179,17548,7.1%,6,0,Yes,No,No,No,https://presentail.com/en-lb/bcharee/weddings.md,200,text/markdown; charset=utf-8,Yes,Yes,"<https://presentail.com/en-lb/bcharee/weddings>; rel=""canonical""; type=""text/html""",Yes,No,Low,Multiple H1
https://presentail.com/en-lb/bcharee/corporate,other,en,LB,bcharee,2026-07-22,200,200,https://presentail.com/en-lb/bcharee/corporate,0,https://presentail.com/en-lb/bcharee/corporate [200],309,text/html; charset=utf-8,,Yes,,"index, follow",https://presentail.com/en-lb/bcharee/corporate,200,Yes,No,Corporate Gifting in Bcharre | Presentail,41,No,"Send flowers, cakes and gifts with same-day express delivery in Lebanon, UAE, and Cyprus. Premium arrangements from Presentail.",127,No,2,Corporate Gifting in Bcharre | Presentail | Corporate Gifting in Bcharre | Presentail,Yes,No,1,None,en,Online Flower & Gift Delivery | Presentail,"Send flowers, cakes and gifts with same-day express delivery in Lebanon, UAE, and Cyprus. Premium arrangements from Presentail.",https://presentail.com/,https://presentail.com/opengraph.jpg,Yes,,None,en-LB:https://presentail.com/en-lb/beirut/corporate | ar-LB:https://presentail.com/ar-lb/beirut/corporate | fr-LB:https://presentail.com/fr-lb/beirut/corporate | en-AE:https://presentail.com/en-ae/dubai/corporate | ar-AE:https://presentail.com/ar-ae/dubai/corporate | fr-AE:https://presentail.com/fr-ae/dubai/corporate | en-CY:https://presentail.com/en-cy/limassol/corporate | ar-CY:https://presentail.com/ar-cy/limassol/corporate | fr-CY:https://presentail.com/fr-cy/limassol/corporate | x-default:https://presentail.com/en-lb/beirut/corporate,None,Yes,170,17487,6.8%,6,0,Yes,No,No,No,https://presentail.com/en-lb/bcharee/corporate.md,200,text/markdown; charset=utf-8,Yes,Yes,"<https://presentail.com/en-lb/bcharee/corporate>; rel=""canonical""; type=""text/html""",Yes,No,Low,Multiple H1
https://presentail.com/en-lb/beirut,homepage,en,LB,beirut,2026-07-22,200,200,https://presentail.com/en-lb/beirut,0,https://presentail.com/en-lb/beirut [200],211,text/html; charset=utf-8,,Yes,,"index, follow",https://presentail.com/en-lb/beirut,200,Yes,No,Flower & Gift Delivery in Beirut | Presentail,45,No,"Send flowers, cakes and gifts with same-day express delivery in Lebanon, UAE, and Cyprus. Premium arrangements from Presentail.",127,No,2,Flower & Gift Delivery in Beirut | Presentail | Flower & Gift Delivery in Beirut | Presentail,Yes,No,2,None,en,Online Flower & Gift Delivery | Presentail,"Send flowers, cakes and gifts with same-day express delivery in Lebanon, UAE, and Cyprus. Premium arrangements from Presentail.",https://presentail.com/,https://presentail.com/opengraph.jpg,Yes,,None,en-LB:https://presentail.com/en-lb/beirut | ar-LB:https://presentail.com/ar-lb/beirut | fr-LB:https://presentail.com/fr-lb/beirut | en-AE:https://presentail.com/en-ae/dubai | ar-AE:https://presentail.com/ar-ae/dubai | fr-AE:https://presentail.com/fr-ae/dubai | en-CY:https://presentail.com/en-cy/limassol | ar-CY:https://presentail.com/ar-cy/limassol | fr-CY:https://presentail.com/fr-cy/limassol | x-default:https://presentail.com/en-lb/beirut,None,Yes,240,20344,9.8%,12,0,Yes,No,No,No,https://presentail.com/en-lb/beirut.md,200,text/markdown; charset=utf-8,Yes,Yes,"<https://presentail.com/en-lb/beirut>; rel=""canonical""; type=""text/html""",Yes,No,Low,Multiple H1
https://presentail.com/en-lb/beirut/brands,other,en,LB,beirut,2026-07-22,200,200,https://presentail.com/en-lb/beirut/brands,0,https://presentail.com/en-lb/beirut/brands [200],267,text/html; charset=utf-8,,Yes,,"index, follow",https://presentail.com/en-lb/beirut/brands,200,Yes,No,Partner Brands in Beirut | Presentail,37,No,"Send flowers, cakes and gifts with same-day express delivery in Lebanon, UAE, and Cyprus. Premium arrangements from Presentail.",127,No,2,Partner Brands in Beirut | Presentail | Partner Brands in Beirut | Presentail,Yes,No,1,None,en,Online Flower & Gift Delivery | Presentail,"Send flowers, cakes and gifts with same-day express delivery in Lebanon, UAE, and Cyprus. Premium arrangements from Presentail.",https://presentail.com/,https://presentail.com/opengraph.jpg,Yes,,None,en-LB:https://presentail.com/en-lb/beirut/brands | ar-LB:https://presentail.com/ar-lb/beirut/brands | fr-LB:https://presentail.com/fr-lb/beirut/brands | en-AE:https://presentail.com/en-ae/dubai/brands | ar-AE:https://presentail.com/ar-ae/dubai/brands | fr-AE:https://presentail.com/fr-ae/dubai/brands | en-CY:https://presentail.com/en-cy/limassol/brands | ar-CY:https://presentail.com/ar-cy/limassol/brands | fr-CY:https://presentail.com/fr-cy/limassol/brands | x-default:https://presentail.com/en-lb/beirut/brands,None,Yes,145,16954,6.1%,6,0,Yes,No,No,No,https://presentail.com/en-lb/beirut/brands.md,200,text/markdown; charset=utf-8,Yes,Yes,"<https://presentail.com/en-lb/beirut/brands>; rel=""canonical""; type=""text/html""",Yes,No,Low,Multiple H1
https://presentail.com/en-lb/beirut/occasions,occasion,en,LB,beirut,2026-07-22,200,200,https://presentail.com/en-lb/beirut/occasions,0,https://presentail.com/en-lb/beirut/occasions [200],205,text/html; charset=utf-8,,Yes,,"index, follow",https://presentail.com/en-lb/beirut/occasions,200,Yes,No,Shop by Occasion in Beirut | Presentail,39,No,"Send flowers, cakes and gifts with same-day express delivery in Lebanon, UAE, and Cyprus. Premium arrangements from Presentail.",127,No,2,Shop by Occasion in Beirut | Presentail | Shop by Occasion in Beirut | Presentail,Yes,No,1,None,en,Online Flower & Gift Delivery | Presentail,"Send flowers, cakes and gifts with same-day express delivery in Lebanon, UAE, and Cyprus. Premium arrangements from Presentail.",https://presentail.com/,https://presentail.com/opengraph.jpg,Yes,,None,en-LB:https://presentail.com/en-lb/beirut/occasions | ar-LB:https://presentail.com/ar-lb/beirut/occasions | fr-LB:https://presentail.com/fr-lb/beirut/occasions | en-AE:https://presentail.com/en-ae/dubai/occasions | ar-AE:https://presentail.com/ar-ae/dubai/occasions | fr-AE:https://presentail.com/fr-ae/dubai/occasions | en-CY:https://presentail.com/en-cy/limassol/occasions | ar-CY:https://presentail.com/ar-cy/limassol/occasions | fr-CY:https://presentail.com/fr-cy/limassol/occasions | x-default:https://presentail.com/en-lb/beirut/occasions,None,Yes,175,17309,6.8%,6,0,Yes,No,No,No,https://presentail.com/en-lb/beirut/occasions.md,200,text/markdown; charset=utf-8,Yes,Yes,"<https://presentail.com/en-lb/beirut/occasions>; rel=""canonical""; type=""text/html""",Yes,No,Low,Multiple H1
https://presentail.com/en-lb/beirut/contact,info,en,LB,beirut,2026-07-22,200,200,https://presentail.com/en-lb/beirut/contact,0,https://presentail.com/en-lb/beirut/contact [200],218,text/html; charset=utf-8,,Yes,,"index, follow",https://presentail.com/en-lb/beirut/contact,200,Yes,No,Contact Presentail in Beirut | Gift Delivery Help,49,No,"Send flowers, cakes and gifts with same-day express delivery in Lebanon, UAE, and Cyprus. Premium arrangements from Presentail.",127,No,2,Contact Presentail in Beirut | Gift Delivery Help | Contact Presentail in Beirut | Gift Delivery Help,Yes,No,1,None,en,Online Flower & Gift Delivery | Presentail,"Send flowers, cakes and gifts with same-day express delivery in Lebanon, UAE, and Cyprus. Premium arrangements from Presentail.",https://presentail.com/,https://presentail.com/opengraph.jpg,Yes,,None,en-LB:https://presentail.com/en-lb/beirut/contact | ar-LB:https://presentail.com/ar-lb/beirut/contact | fr-LB:https://presentail.com/fr-lb/beirut/contact | en-AE:https://presentail.com/en-ae/dubai/contact | ar-AE:https://presentail.com/ar-ae/dubai/contact | fr-AE:https://presentail.com/fr-ae/dubai/contact | en-CY:https://presentail.com/en-cy/limassol/contact | ar-CY:https://presentail.com/ar-cy/limassol/contact | fr-CY:https://presentail.com/fr-cy/limassol/contact | x-default:https://presentail.com/en-lb/beirut/contact,None,Yes,187,17754,6.7%,6,0,Yes,No,No,No,https://presentail.com/en-lb/beirut/contact.md,200,text/markdown; charset=utf-8,Yes,Yes,"<https://presentail.com/en-lb/beirut/contact>; rel=""canonical""; type=""text/html""",Yes,No,Low,Multiple H1
https://presentail.com/en-lb/beirut/faqs,info,en,LB,beirut,2026-07-22,200,200,https://presentail.com/en-lb/beirut/faqs,0,https://presentail.com/en-lb/beirut/faqs [200],279,text/html; charset=utf-8,,Yes,,"index, follow",https://presentail.com/en-lb/beirut/faqs,200,Yes,No,Flower Delivery FAQs in Beirut | Presentail,43,No,"Send flowers, cakes and gifts with same-day express delivery in Lebanon, UAE, and Cyprus. Premium arrangements from Presentail.",127,No,2,Flower Delivery FAQs in Beirut | Presentail | Flower Delivery FAQs in Beirut | Presentail,Yes,No,1,None,en,Online Flower & Gift Delivery | Presentail,"Send flowers, cakes and gifts with same-day express delivery in Lebanon, UAE, and Cyprus. Premium arrangements from Presentail.",https://presentail.com/,https://presentail.com/opengraph.jpg,Yes,,None,en-LB:https://presentail.com/en-lb/beirut/faqs | ar-LB:https://presentail.com/ar-lb/beirut/faqs | fr-LB:https://presentail.com/fr-lb/beirut/faqs | en-AE:https://presentail.com/en-ae/dubai/faqs | ar-AE:https://presentail.com/ar-ae/dubai/faqs | fr-AE:https://presentail.com/fr-ae/dubai/faqs | en-CY:https://presentail.com/en-cy/limassol/faqs | ar-CY:https://presentail.com/ar-cy/limassol/faqs | fr-CY:https://presentail.com/fr-cy/limassol/faqs | x-default:https://presentail.com/en-lb/beirut/faqs,None,Yes,147,19384,5.2%,6,0,Yes,No,No,No,https://presentail.com/en-lb/beirut/faqs.md,200,text/markdown; charset=utf-8,Yes,Yes,"<https://presentail.com/en-lb/beirut/faqs>; rel=""canonical""; type=""text/html""",Yes,No,Low,Multiple H1
https://presentail.com/en-lb/beirut/weddings,other,en,LB,beirut,2026-07-22,200,200,https://presentail.com/en-lb/beirut/weddings,0,https://presentail.com/en-lb/beirut/weddings [200],214,text/html; charset=utf-8,,Yes,,"index, follow",https://presentail.com/en-lb/beirut/weddings,200,Yes,No,Wedding Flowers in Beirut | Presentail,38,No,"Send flowers, cakes and gifts with same-day express delivery in Lebanon, UAE, and Cyprus. Premium arrangements from Presentail.",127,No,2,Wedding Flowers in Beirut | Presentail | Wedding Flowers in Beirut | Presentail,Yes,No,1,None,en,Online Flower & Gift Delivery | Presentail,"Send flowers, cakes and gifts with same-day express delivery in Lebanon, UAE, and Cyprus. Premium arrangements from Presentail.",https://presentail.com/,https://presentail.com/opengraph.jpg,Yes,,None,en-LB:https://presentail.com/en-lb/beirut/weddings | ar-LB:https://presentail.com/ar-lb/beirut/weddings | fr-LB:https://presentail.com/fr-lb/beirut/weddings | en-AE:https://presentail.com/en-ae/dubai/weddings | ar-AE:https://presentail.com/ar-ae/dubai/weddings | fr-AE:https://presentail.com/fr-ae/dubai/weddings | en-CY:https://presentail.com/en-cy/limassol/weddings | ar-CY:https://presentail.com/ar-cy/limassol/weddings | fr-CY:https://presentail.com/fr-cy/limassol/weddings | x-default:https://presentail.com/en-lb/beirut/weddings,None,Yes,179,17516,7.1%,6,0,Yes,No,No,No,https://presentail.com/en-lb/beirut/weddings.md,200,text/markdown; charset=utf-8,Yes,Yes,"<https://presentail.com/en-lb/beirut/weddings>; rel=""canonical""; type=""text/html""",Yes,No,Low,Multiple H1
https://presentail.com/en-lb/beirut/corporate,other,en,LB,beirut,2026-07-22,200,200,https://presentail.com/en-lb/beirut/corporate,0,https://presentail.com/en-lb/beirut/corporate [200],204,text/html; charset=utf-8,,Yes,,"index, follow",https://presentail.com/en-lb/beirut/corporate,200,Yes,No,Corporate Gifting in Beirut | Presentail,40,No,"Send flowers, cakes and gifts with same-day express delivery in Lebanon, UAE, and Cyprus. Premium arrangements from Presentail.",127,No,2,Corporate Gifting in Beirut | Presentail | Corporate Gifting in Beirut | Presentail,Yes,No,1,None,en,Online Flower & Gift Delivery | Presentail,"Send flowers, cakes and gifts with same-day express delivery in Lebanon, UAE, and Cyprus. Premium arrangements from Presentail.",https://presentail.com/,https://presentail.com/opengraph.jpg,Yes,,None,en-LB:https://presentail.com/en-lb/beirut/corporate | ar-LB:https://presentail.com/ar-lb/beirut/corporate | fr-LB:https://presentail.com/fr-lb/beirut/corporate | en-AE:https://presentail.com/en-ae/dubai/corporate | ar-AE:https://presentail.com/ar-ae/dubai/corporate | fr-AE:https://presentail.com/fr-ae/dubai/corporate | en-CY:https://presentail.com/en-cy/limassol/corporate | ar-CY:https://presentail.com/ar-cy/limassol/corporate | fr-CY:https://presentail.com/fr-cy/limassol/corporate | x-default:https://presentail.com/en-lb/beirut/corporate,None,Yes,170,17459,6.8%,6,0,Yes,No,No,No,https://presentail.com/en-lb/beirut/corporate.md,200,text/markdown; charset=utf-8,Yes,Yes,"<https://presentail.com/en-lb/beirut/corporate>; rel=""canonical""; type=""text/html""",Yes,No,Low,Multiple H1
https://presentail.com/en-lb/bent-jbeil,homepage,en,LB,bent-jbeil,2026-07-22,200,200,https://presentail.com/en-lb/bent-jbeil,0,https://presentail.com/en-lb/bent-jbeil [200],309,text/html; charset=utf-8,,Yes,,"index, follow",https://presentail.com/en-lb/bent-jbeil,200,Yes,No,Flower & Gift Delivery in Bint Jbeil | Presentail,49,No,"Send flowers, cakes and gifts with same-day express delivery in Lebanon, UAE, and Cyprus. Premium arrangements from Presentail.",127,No,2,Flower & Gift Delivery in Bint Jbeil | Presentail | Flower & Gift Delivery in Bint Jbeil | Presentail,Yes,No,2,None,en,Online Flower & Gift Delivery | Presentail,"Send flowers, cakes and gifts with same-day express delivery in Lebanon, UAE, and Cyprus. Premium arrangements from Presentail.",https://presentail.com/,https://presentail.com/opengraph.jpg,Yes,,None,en-LB:https://presentail.com/en-lb/beirut | ar-LB:https://presentail.com/ar-lb/beirut | fr-LB:https://presentail.com/fr-lb/beirut | en-AE:https://presentail.com/en-ae/dubai | ar-AE:https://presentail.com/ar-ae/dubai | fr-AE:https://presentail.com/fr-ae/dubai | en-CY:https://presentail.com/en-cy/limassol | ar-CY:https://presentail.com/ar-cy/limassol | fr-CY:https://presentail.com/fr-cy/limassol | x-default:https://presentail.com/en-lb/beirut,None,Yes,258,20537,10.0%,12,0,Yes,No,No,No,https://presentail.com/en-lb/bent-jbeil.md,200,text/markdown; charset=utf-8,Yes,Yes,"<https://presentail.com/en-lb/bent-jbeil>; rel=""canonical""; type=""text/html""",Yes,No,Low,Multiple H1
https://presentail.com/en-lb/bent-jbeil/brands,other,en,LB,bent-jbeil,2026-07-22,200,200,https://presentail.com/en-lb/bent-jbeil/brands,0,https://presentail.com/en-lb/bent-jbeil/brands [200],208,text/html; charset=utf-8,,Yes,,"index, follow",https://presentail.com/en-lb/bent-jbeil/brands,200,Yes,No,Partner Brands in Bint Jbeil | Presentail,41,No,"Send flowers, cakes and gifts with same-day express delivery in Lebanon, UAE, and Cyprus. Premium arrangements from Presentail.",127,No,2,Partner Brands in Bint Jbeil | Presentail | Partner Brands in Bint Jbeil | Presentail,Yes,No,1,None,en,Online Flower & Gift Delivery | Presentail,"Send flowers, cakes and gifts with same-day express delivery in Lebanon, UAE, and Cyprus. Premium arrangements from Presentail.",https://presentail.com/,https://presentail.com/opengraph.jpg,Yes,,None,en-LB:https://presentail.com/en-lb/beirut/brands | ar-LB:https://presentail.com/ar-lb/beirut/brands | fr-LB:https://presentail.com/fr-lb/beirut/brands | en-AE:https://presentail.com/en-ae/dubai/brands | ar-AE:https://presentail.com/ar-ae/dubai/brands | fr-AE:https://presentail.com/fr-ae/dubai/brands | en-CY:https://presentail.com/en-cy/limassol/brands | ar-CY:https://presentail.com/ar-cy/limassol/brands | fr-CY:https://presentail.com/fr-cy/limassol/brands | x-default:https://presentail.com/en-lb/beirut/brands,None,Yes,152,17066,6.2%,6,0,Yes,No,No,No,https://presentail.com/en-lb/bent-jbeil/brands.md,200,text/markdown; charset=utf-8,Yes,Yes,"<https://presentail.com/en-lb/bent-jbeil/brands>; rel=""canonical""; type=""text/html""",Yes,No,Low,Multiple H1
https://presentail.com/en-lb/bent-jbeil/occasions,occasion,en,LB,bent-jbeil,2026-07-22,200,200,https://presentail.com/en-lb/bent-jbeil/occasions,0,https://presentail.com/en-lb/bent-jbeil/occasions [200],214,text/html; charset=utf-8,,Yes,,"index, follow",https://presentail.com/en-lb/bent-jbeil/occasions,200,Yes,No,Shop by Occasion in Bint Jbeil | Presentail,43,No,"Send flowers, cakes and gifts with same-day express delivery in Lebanon, UAE, and Cyprus. Premium arrangements from Presentail.",127,No,2,Shop by Occasion in Bint Jbeil | Presentail | Shop by Occasion in Bint Jbeil | Presentail,Yes,No,1,None,en,Online Flower & Gift Delivery | Presentail,"Send flowers, cakes and gifts with same-day express delivery in Lebanon, UAE, and Cyprus. Premium arrangements from Presentail.",https://presentail.com/,https://presentail.com/opengraph.jpg,Yes,,None,en-LB:https://presentail.com/en-lb/beirut/occasions | ar-LB:https://presentail.com/ar-lb/beirut/occasions | fr-LB:https://presentail.com/fr-lb/beirut/occasions | en-AE:https://presentail.com/en-ae/dubai/occasions | ar-AE:https://presentail.com/ar-ae/dubai/occasions | fr-AE:https://presentail.com/fr-ae/dubai/occasions | en-CY:https://presentail.com/en-cy/limassol/occasions | ar-CY:https://presentail.com/ar-cy/limassol/occasions | fr-CY:https://presentail.com/fr-cy/limassol/occasions | x-default:https://presentail.com/en-lb/beirut/occasions,None,Yes,183,17429,7.0%,6,0,Yes,No,No,No,https://presentail.com/en-lb/bent-jbeil/occasions.md,200,text/markdown; charset=utf-8,Yes,Yes,"<https://presentail.com/en-lb/bent-jbeil/occasions>; rel=""canonical""; type=""text/html""",Yes,No,Low,Multiple H1
https://presentail.com/en-lb/bent-jbeil/contact,info,en,LB,bent-jbeil,2026-07-22,200,200,https://presentail.com/en-lb/bent-jbeil/contact,0,https://presentail.com/en-lb/bent-jbeil/contact [200],222,text/html; charset=utf-8,,Yes,,"index, follow",https://presentail.com/en-lb/bent-jbeil/contact,200,Yes,No,Contact Presentail in Bint Jbeil | Gift Delivery Help,53,No,"Send flowers, cakes and gifts with same-day express delivery in Lebanon, UAE, and Cyprus. Premium arrangements from Presentail.",127,No,2,Contact Presentail in Bint Jbeil | Gift Delivery Help | Contact Presentail in Bint Jbeil | Gift Delivery Help,Yes,No,1,None,en,Online Flower & Gift Delivery | Presentail,"Send flowers, cakes and gifts with same-day express delivery in Lebanon, UAE, and Cyprus. Premium arrangements from Presentail.",https://presentail.com/,https://presentail.com/opengraph.jpg,Yes,,None,en-LB:https://presentail.com/en-lb/beirut/contact | ar-LB:https://presentail.com/ar-lb/beirut/contact | fr-LB:https://presentail.com/fr-lb/beirut/contact | en-AE:https://presentail.com/en-ae/dubai/contact | ar-AE:https://presentail.com/ar-ae/dubai/contact | fr-AE:https://presentail.com/fr-ae/dubai/contact | en-CY:https://presentail.com/en-cy/limassol/contact | ar-CY:https://presentail.com/ar-cy/limassol/contact | fr-CY:https://presentail.com/fr-cy/limassol/contact | x-default:https://presentail.com/en-lb/beirut/contact,None,Yes,192,17862,6.7%,6,0,Yes,No,No,No,https://presentail.com/en-lb/bent-jbeil/contact.md,200,text/markdown; charset=utf-8,Yes,Yes,"<https://presentail.com/en-lb/bent-jbeil/contact>; rel=""canonical""; type=""text/html""",Yes,No,Low,Multiple H1
https://presentail.com/en-lb/bent-jbeil/faqs,info,en,LB,bent-jbeil,2026-07-22,200,200,https://presentail.com/en-lb/bent-jbeil/faqs,0,https://presentail.com/en-lb/bent-jbeil/faqs [200],307,text/html; charset=utf-8,,Yes,,"index, follow",https://presentail.com/en-lb/bent-jbeil/faqs,200,Yes,No,Flower Delivery FAQs in Bint Jbeil | Presentail,47,No,"Send flowers, cakes and gifts with same-day express delivery in Lebanon, UAE, and Cyprus. Premium arrangements from Presentail.",127,No,2,Flower Delivery FAQs in Bint Jbeil | Presentail | Flower Delivery FAQs in Bint Jbeil | Presentail,Yes,No,1,None,en,Online Flower & Gift Delivery | Presentail,"Send flowers, cakes and gifts with same-day express delivery in Lebanon, UAE, and Cyprus. Premium arrangements from Presentail.",https://presentail.com/,https://presentail.com/opengraph.jpg,Yes,,None,en-LB:https://presentail.com/en-lb/beirut/faqs | ar-LB:https://presentail.com/ar-lb/beirut/faqs | fr-LB:https://presentail.com/fr-lb/beirut/faqs | en-AE:https://presentail.com/en-ae/dubai/faqs | ar-AE:https://presentail.com/ar-ae/dubai/faqs | fr-AE:https://presentail.com/fr-ae/dubai/faqs | en-CY:https://presentail.com/en-cy/limassol/faqs | ar-CY:https://presentail.com/ar-cy/limassol/faqs | fr-CY:https://presentail.com/fr-cy/limassol/faqs | x-default:https://presentail.com/en-lb/beirut/faqs,None,Yes,150,19464,5.3%,6,0,Yes,No,No,No,https://presentail.com/en-lb/bent-jbeil/faqs.md,200,text/markdown; charset=utf-8,Yes,Yes,"<https://presentail.com/en-lb/bent-jbeil/faqs>; rel=""canonical""; type=""text/html""",Yes,No,Low,Multiple H1
https://presentail.com/en-lb/bent-jbeil/weddings,other,en,LB,bent-jbeil,2026-07-22,200,200,https://presentail.com/en-lb/bent-jbeil/weddings,0,https://presentail.com/en-lb/bent-jbeil/weddings [200],292,text/html; charset=utf-8,,Yes,,"index, follow",https://presentail.com/en-lb/bent-jbeil/weddings,200,Yes,No,Wedding Flowers in Bint Jbeil | Presentail,42,No,"Send flowers, cakes and gifts with same-day express delivery in Lebanon, UAE, and Cyprus. Premium arrangements from Presentail.",127,No,2,Wedding Flowers in Bint Jbeil | Presentail | Wedding Flowers in Bint Jbeil | Presentail,Yes,No,1,None,en,Online Flower & Gift Delivery | Presentail,"Send flowers, cakes and gifts with same-day express delivery in Lebanon, UAE, and Cyprus. Premium arrangements from Presentail.",https://presentail.com/,https://presentail.com/opengraph.jpg,Yes,,None,en-LB:https://presentail.com/en-lb/beirut/weddings | ar-LB:https://presentail.com/ar-lb/beirut/weddings | fr-LB:https://presentail.com/fr-lb/beirut/weddings | en-AE:https://presentail.com/en-ae/dubai/weddings | ar-AE:https://presentail.com/ar-ae/dubai/weddings | fr-AE:https://presentail.com/fr-ae/dubai/weddings | en-CY:https://presentail.com/en-cy/limassol/weddings | ar-CY:https://presentail.com/ar-cy/limassol/weddings | fr-CY:https://presentail.com/fr-cy/limassol/weddings | x-default:https://presentail.com/en-lb/beirut/weddings,None,Yes,188,17644,7.2%,6,0,Yes,No,No,No,https://presentail.com/en-lb/bent-jbeil/weddings.md,200,text/markdown; charset=utf-8,Yes,Yes,"<https://presentail.com/en-lb/bent-jbeil/weddings>; rel=""canonical""; type=""text/html""",Yes,No,Low,Multiple H1
https://presentail.com/en-lb/bent-jbeil/corporate,other,en,LB,bent-jbeil,2026-07-22,200,200,https://presentail.com/en-lb/bent-jbeil/corporate,0,https://presentail.com/en-lb/bent-jbeil/corporate [200],290,text/html; charset=utf-8,,Yes,,"index, follow",https://presentail.com/en-lb/bent-jbeil/corporate,200,Yes,No,Corporate Gifting in Bint Jbeil | Presentail,44,No,"Send flowers, cakes and gifts with same-day express delivery in Lebanon, UAE, and Cyprus. Premium arrangements from Presentail.",127,No,2,Corporate Gifting in Bint Jbeil | Presentail | Corporate Gifting in Bint Jbeil | Presentail,Yes,No,1,None,en,Online Flower & Gift Delivery | Presentail,"Send flowers, cakes and gifts with same-day express delivery in Lebanon, UAE, and Cyprus. Premium arrangements from Presentail.",https://presentail.com/,https://presentail.com/opengraph.jpg,Yes,,None,en-LB:https://presentail.com/en-lb/beirut/corporate | ar-LB:https://presentail.com/ar-lb/beirut/corporate | fr-LB:https://presentail.com/fr-lb/beirut/corporate | en-AE:https://presentail.com/en-ae/dubai/corporate | ar-AE:https://presentail.com/ar-ae/dubai/corporate | fr-AE:https://presentail.com/fr-ae/dubai/corporate | en-CY:https://presentail.com/en-cy/limassol/corporate | ar-CY:https://presentail.com/ar-cy/limassol/corporate | fr-CY:https://presentail.com/fr-cy/limassol/corporate | x-default:https://presentail.com/en-lb/beirut/corporate,None,Yes,177,17571,6.9%,6,0,Yes,No,No,No,https://presentail.com/en-lb/bent-jbeil/corporate.md,200,text/markdown; charset=utf-8,Yes,Yes,"<https://presentail.com/en-lb/bent-jbeil/corporate>; rel=""canonical""; type=""text/html""",Yes,No,Low,Multiple H1
https://presentail.com/en-lb/chouf,homepage,en,LB,chouf,2026-07-22,200,200,https://presentail.com/en-lb/chouf,0,https://presentail.com/en-lb/chouf [200],283,text/html; charset=utf-8,,Yes,,"index, follow",https://presentail.com/en-lb/chouf,200,Yes,No,Flower & Gift Delivery in Chouf | Presentail,44,No,"Send flowers, cakes and gifts with same-day express delivery in Lebanon, UAE, and Cyprus. Premium arrangements from Presentail.",127,No,2,Flower & Gift Delivery in Chouf | Presentail | Flower & Gift Delivery in Chouf | Presentail,Yes,No,2,None,en,Online Flower & Gift Delivery | Presentail,"Send flowers, cakes and gifts with same-day express delivery in Lebanon, UAE, and Cyprus. Premium arrangements from Presentail.",https://presentail.com/,https://presentail.com/opengraph.jpg,Yes,,None,en-LB:https://presentail.com/en-lb/beirut | ar-LB:https://presentail.com/ar-lb/beirut | fr-LB:https://presentail.com/fr-lb/beirut | en-AE:https://presentail.com/en-ae/dubai | ar-AE:https://presentail.com/ar-ae/dubai | fr-AE:https://presentail.com/fr-ae/dubai | en-CY:https://presentail.com/en-cy/limassol | ar-CY:https://presentail.com/ar-cy/limassol | fr-CY:https://presentail.com/fr-cy/limassol | x-default:https://presentail.com/en-lb/beirut,None,Yes,242,20298,9.7%,12,0,Yes,No,No,No,https://presentail.com/en-lb/chouf.md,200,text/markdown; charset=utf-8,Yes,Yes,"<https://presentail.com/en-lb/chouf>; rel=""canonical""; type=""text/html""",Yes,No,Low,Multiple H1
https://presentail.com/en-lb/chouf/brands,other,en,LB,chouf,2026-07-22,200,200,https://presentail.com/en-lb/chouf/brands,0,https://presentail.com/en-lb/chouf/brands [200],289,text/html; charset=utf-8,,Yes,,"index, follow",https://presentail.com/en-lb/chouf/brands,200,Yes,No,Partner Brands in Chouf | Presentail,36,No,"Send flowers, cakes and gifts with same-day express delivery in Lebanon, UAE, and Cyprus. Premium arrangements from Presentail.",127,No,2,Partner Brands in Chouf | Presentail | Partner Brands in Chouf | Presentail,Yes,No,1,None,en,Online Flower & Gift Delivery | Presentail,"Send flowers, cakes and gifts with same-day express delivery in Lebanon, UAE, and Cyprus. Premium arrangements from Presentail.",https://presentail.com/,https://presentail.com/opengraph.jpg,Yes,,None,en-LB:https://presentail.com/en-lb/beirut/brands | ar-LB:https://presentail.com/ar-lb/beirut/brands | fr-LB:https://presentail.com/fr-lb/beirut/brands | en-AE:https://presentail.com/en-ae/dubai/brands | ar-AE:https://presentail.com/ar-ae/dubai/brands | fr-AE:https://presentail.com/fr-ae/dubai/brands | en-CY:https://presentail.com/en-cy/limassol/brands | ar-CY:https://presentail.com/ar-cy/limassol/brands | fr-CY:https://presentail.com/fr-cy/limassol/brands | x-default:https://presentail.com/en-lb/beirut/brands,None,Yes,145,16926,6.1%,6,0,Yes,No,No,No,https://presentail.com/en-lb/chouf/brands.md,200,text/markdown; charset=utf-8,Yes,Yes,"<https://presentail.com/en-lb/chouf/brands>; rel=""canonical""; type=""text/html""",Yes,No,Low,Multiple H1
https://presentail.com/en-lb/chouf/occasions,occasion,en,LB,chouf,2026-07-22,200,200,https://presentail.com/en-lb/chouf/occasions,0,https://presentail.com/en-lb/chouf/occasions [200],251,text/html; charset=utf-8,,Yes,,"index, follow",https://presentail.com/en-lb/chouf/occasions,200,Yes,No,Shop by Occasion in Chouf | Presentail,38,No,"Send flowers, cakes and gifts with same-day express delivery in Lebanon, UAE, and Cyprus. Premium arrangements from Presentail.",127,No,2,Shop by Occasion in Chouf | Presentail | Shop by Occasion in Chouf | Presentail,Yes,No,1,None,en,Online Flower & Gift Delivery | Presentail,"Send flowers, cakes and gifts with same-day express delivery in Lebanon, UAE, and Cyprus. Premium arrangements from Presentail.",https://presentail.com/,https://presentail.com/opengraph.jpg,Yes,,None,en-LB:https://presentail.com/en-lb/beirut/occasions | ar-LB:https://presentail.com/ar-lb/beirut/occasions | fr-LB:https://presentail.com/fr-lb/beirut/occasions | en-AE:https://presentail.com/en-ae/dubai/occasions | ar-AE:https://presentail.com/ar-ae/dubai/occasions | fr-AE:https://presentail.com/fr-ae/dubai/occasions | en-CY:https://presentail.com/en-cy/limassol/occasions | ar-CY:https://presentail.com/ar-cy/limassol/occasions | fr-CY:https://presentail.com/fr-cy/limassol/occasions | x-default:https://presentail.com/en-lb/beirut/occasions,None,Yes,175,17279,6.8%,6,0,Yes,No,No,No,https://presentail.com/en-lb/chouf/occasions.md,200,text/markdown; charset=utf-8,Yes,Yes,"<https://presentail.com/en-lb/chouf/occasions>; rel=""canonical""; type=""text/html""",Yes,No,Low,Multiple H1
https://presentail.com/en-lb/chouf/contact,info,en,LB,chouf,2026-07-22,200,200,https://presentail.com/en-lb/chouf/contact,0,https://presentail.com/en-lb/chouf/contact [200],230,text/html; charset=utf-8,,Yes,,"index, follow",https://presentail.com/en-lb/chouf/contact,200,Yes,No,Contact Presentail in Chouf | Gift Delivery Help,48,No,"Send flowers, cakes and gifts with same-day express delivery in Lebanon, UAE, and Cyprus. Premium arrangements from Presentail.",127,No,2,Contact Presentail in Chouf | Gift Delivery Help | Contact Presentail in Chouf | Gift Delivery Help,Yes,No,1,None,en,Online Flower & Gift Delivery | Presentail,"Send flowers, cakes and gifts with same-day express delivery in Lebanon, UAE, and Cyprus. Premium arrangements from Presentail.",https://presentail.com/,https://presentail.com/opengraph.jpg,Yes,,None,en-LB:https://presentail.com/en-lb/beirut/contact | ar-LB:https://presentail.com/ar-lb/beirut/contact | fr-LB:https://presentail.com/fr-lb/beirut/contact | en-AE:https://presentail.com/en-ae/dubai/contact | ar-AE:https://presentail.com/ar-ae/dubai/contact | fr-AE:https://presentail.com/fr-ae/dubai/contact | en-CY:https://presentail.com/en-cy/limassol/contact | ar-CY:https://presentail.com/ar-cy/limassol/contact | fr-CY:https://presentail.com/fr-cy/limassol/contact | x-default:https://presentail.com/en-lb/beirut/contact,None,Yes,187,17727,6.6%,6,0,Yes,No,No,No,https://presentail.com/en-lb/chouf/contact.md,200,text/markdown; charset=utf-8,Yes,Yes,"<https://presentail.com/en-lb/chouf/contact>; rel=""canonical""; type=""text/html""",Yes,No,Low,Multiple H1
https://presentail.com/en-lb/chouf/faqs,info,en,LB,chouf,2026-07-22,200,200,https://presentail.com/en-lb/chouf/faqs,0,https://presentail.com/en-lb/chouf/faqs [200],294,text/html; charset=utf-8,,Yes,,"index, follow",https://presentail.com/en-lb/chouf/faqs,200,Yes,No,Flower Delivery FAQs in Chouf | Presentail,42,No,"Send flowers, cakes and gifts with same-day express delivery in Lebanon, UAE, and Cyprus. Premium arrangements from Presentail.",127,No,2,Flower Delivery FAQs in Chouf | Presentail | Flower Delivery FAQs in Chouf | Presentail,Yes,No,1,None,en,Online Flower & Gift Delivery | Presentail,"Send flowers, cakes and gifts with same-day express delivery in Lebanon, UAE, and Cyprus. Premium arrangements from Presentail.",https://presentail.com/,https://presentail.com/opengraph.jpg,Yes,,None,en-LB:https://presentail.com/en-lb/beirut/faqs | ar-LB:https://presentail.com/ar-lb/beirut/faqs | fr-LB:https://presentail.com/fr-lb/beirut/faqs | en-AE:https://presentail.com/en-ae/dubai/faqs | ar-AE:https://presentail.com/ar-ae/dubai/faqs | fr-AE:https://presentail.com/fr-ae/dubai/faqs | en-CY:https://presentail.com/en-cy/limassol/faqs | ar-CY:https://presentail.com/ar-cy/limassol/faqs | fr-CY:https://presentail.com/fr-cy/limassol/faqs | x-default:https://presentail.com/en-lb/beirut/faqs,None,Yes,147,19364,5.2%,6,0,Yes,No,No,No,https://presentail.com/en-lb/chouf/faqs.md,200,text/markdown; charset=utf-8,Yes,Yes,"<https://presentail.com/en-lb/chouf/faqs>; rel=""canonical""; type=""text/html""",Yes,No,Low,Multiple H1
https://presentail.com/en-lb/chouf/weddings,other,en,LB,chouf,2026-07-22,200,200,https://presentail.com/en-lb/chouf/weddings,0,https://presentail.com/en-lb/chouf/weddings [200],230,text/html; charset=utf-8,,Yes,,"index, follow",https://presentail.com/en-lb/chouf/weddings,200,Yes,No,Wedding Flowers in Chouf | Presentail,37,No,"Send flowers, cakes and gifts with same-day express delivery in Lebanon, UAE, and Cyprus. Premium arrangements from Presentail.",127,No,2,Wedding Flowers in Chouf | Presentail | Wedding Flowers in Chouf | Presentail,Yes,No,1,None,en,Online Flower & Gift Delivery | Presentail,"Send flowers, cakes and gifts with same-day express delivery in Lebanon, UAE, and Cyprus. Premium arrangements from Presentail.",https://presentail.com/,https://presentail.com/opengraph.jpg,Yes,,None,en-LB:https://presentail.com/en-lb/beirut/weddings | ar-LB:https://presentail.com/ar-lb/beirut/weddings | fr-LB:https://presentail.com/fr-lb/beirut/weddings | en-AE:https://presentail.com/en-ae/dubai/weddings | ar-AE:https://presentail.com/ar-ae/dubai/weddings | fr-AE:https://presentail.com/fr-ae/dubai/weddings | en-CY:https://presentail.com/en-cy/limassol/weddings | ar-CY:https://presentail.com/ar-cy/limassol/weddings | fr-CY:https://presentail.com/fr-cy/limassol/weddings | x-default:https://presentail.com/en-lb/beirut/weddings,None,Yes,179,17484,7.0%,6,0,Yes,No,No,No,https://presentail.com/en-lb/chouf/weddings.md,200,text/markdown; charset=utf-8,Yes,Yes,"<https://presentail.com/en-lb/chouf/weddings>; rel=""canonical""; type=""text/html""",Yes,No,Low,Multiple H1
https://presentail.com/en-lb/chouf/corporate,other,en,LB,chouf,2026-07-22,200,200,https://presentail.com/en-lb/chouf/corporate,0,https://presentail.com/en-lb/chouf/corporate [200],240,text/html; charset=utf-8,,Yes,,"index, follow",https://presentail.com/en-lb/chouf/corporate,200,Yes,No,Corporate Gifting in Chouf | Presentail,39,No,"Send flowers, cakes and gifts with same-day express delivery in Lebanon, UAE, and Cyprus. Premium arrangements from Presentail.",127,No,2,Corporate Gifting in Chouf | Presentail | Corporate Gifting in Chouf | Presentail,Yes,No,1,None,en,Online Flower & Gift Delivery | Presentail,"Send flowers, cakes and gifts with same-day express delivery in Lebanon, UAE, and Cyprus. Premium arrangements from Presentail.",https://presentail.com/,https://presentail.com/opengraph.jpg,Yes,,None,en-LB:https://presentail.com/en-lb/beirut/corporate | ar-LB:https://presentail.com/ar-lb/beirut/corporate | fr-LB:https://presentail.com/fr-lb/beirut/corporate | en-AE:https://presentail.com/en-ae/dubai/corporate | ar-AE:https://presentail.com/ar-ae/dubai/corporate | fr-AE:https://presentail.com/fr-ae/dubai/corporate | en-CY:https://presentail.com/en-cy/limassol/corporate | ar-CY:https://presentail.com/ar-cy/limassol/corporate | fr-CY:https://presentail.com/fr-cy/limassol/corporate | x-default:https://presentail.com/en-lb/beirut/corporate,None,Yes,170,17431,6.8%,6,0,Yes,No,No,No,https://presentail.com/en-lb/chouf/corporate.md,200,text/markdown; charset=utf-8,Yes,Yes,"<https://presentail.com/en-lb/chouf/corporate>; rel=""canonical""; type=""text/html""",Yes,No,Low,Multiple H1
https://presentail.com/en-lb/hasbaya,homepage,en,LB,hasbaya,2026-07-22,200,200,https://presentail.com/en-lb/hasbaya,0,https://presentail.com/en-lb/hasbaya [200],901,text/html; charset=utf-8,,Yes,,"index, follow",https://presentail.com/en-lb/hasbaya,200,Yes,No,Flower & Gift Delivery in Hasbaya | Presentail,46,No,"Send flowers, cakes and gifts with same-day express delivery in Lebanon, UAE, and Cyprus. Premium arrangements from Presentail.",127,No,2,Flower & Gift Delivery in Hasbaya | Presentail | Flower & Gift Delivery in Hasbaya | Presentail,Yes,No,2,None,en,Online Flower & Gift Delivery | Presentail,"Send flowers, cakes and gifts with same-day express delivery in Lebanon, UAE, and Cyprus. Premium arrangements from Presentail.",https://presentail.com/,https://presentail.com/opengraph.jpg,Yes,,None,en-LB:https://presentail.com/en-lb/beirut | ar-LB:https://presentail.com/ar-lb/beirut | fr-LB:https://presentail.com/fr-lb/beirut | en-AE:https://presentail.com/en-ae/dubai | ar-AE:https://presentail.com/ar-ae/dubai | fr-AE:https://presentail.com/fr-ae/dubai | en-CY:https://presentail.com/en-cy/limassol | ar-CY:https://presentail.com/ar-cy/limassol | fr-CY:https://presentail.com/fr-cy/limassol | x-default:https://presentail.com/en-lb/beirut,None,Yes,241,20399,9.9%,12,0,Yes,No,No,No,https://presentail.com/en-lb/hasbaya.md,200,text/markdown; charset=utf-8,Yes,Yes,"<https://presentail.com/en-lb/hasbaya>; rel=""canonical""; type=""text/html""",Yes,No,Low,Multiple H1
https://presentail.com/en-lb/hasbaya/brands,other,en,LB,hasbaya,2026-07-22,200,200,https://presentail.com/en-lb/hasbaya/brands,0,https://presentail.com/en-lb/hasbaya/brands [200],289,text/html; charset=utf-8,,Yes,,"index, follow",https://presentail.com/en-lb/hasbaya/brands,200,Yes,No,Partner Brands in Hasbaya | Presentail,38,No,"Send flowers, cakes and gifts with same-day express delivery in Lebanon, UAE, and Cyprus. Premium arrangements from Presentail.",127,No,2,Partner Brands in Hasbaya | Presentail | Partner Brands in Hasbaya | Presentail,Yes,No,1,None,en,Online Flower & Gift Delivery | Presentail,"Send flowers, cakes and gifts with same-day express delivery in Lebanon, UAE, and Cyprus. Premium arrangements from Presentail.",https://presentail.com/,https://presentail.com/opengraph.jpg,Yes,,None,en-LB:https://presentail.com/en-lb/beirut/brands | ar-LB:https://presentail.com/ar-lb/beirut/brands | fr-LB:https://presentail.com/fr-lb/beirut/brands | en-AE:https://presentail.com/en-ae/dubai/brands | ar-AE:https://presentail.com/ar-ae/dubai/brands | fr-AE:https://presentail.com/fr-ae/dubai/brands | en-CY:https://presentail.com/en-cy/limassol/brands | ar-CY:https://presentail.com/ar-cy/limassol/brands | fr-CY:https://presentail.com/fr-cy/limassol/brands | x-default:https://presentail.com/en-lb/beirut/brands,None,Yes,145,16982,6.1%,6,0,Yes,No,No,No,https://presentail.com/en-lb/hasbaya/brands.md,200,text/markdown; charset=utf-8,Yes,Yes,"<https://presentail.com/en-lb/hasbaya/brands>; rel=""canonical""; type=""text/html""",Yes,No,Low,Multiple H1
https://presentail.com/en-lb/hasbaya/occasions,occasion,en,LB,hasbaya,2026-07-22,200,200,https://presentail.com/en-lb/hasbaya/occasions,0,https://presentail.com/en-lb/hasbaya/occasions [200],224,text/html; charset=utf-8,,Yes,,"index, follow",https://presentail.com/en-lb/hasbaya/occasions,200,Yes,No,Shop by Occasion in Hasbaya | Presentail,40,No,"Send flowers, cakes and gifts with same-day express delivery in Lebanon, UAE, and Cyprus. Premium arrangements from Presentail.",127,No,2,Shop by Occasion in Hasbaya | Presentail | Shop by Occasion in Hasbaya | Presentail,Yes,No,1,None,en,Online Flower & Gift Delivery | Presentail,"Send flowers, cakes and gifts with same-day express delivery in Lebanon, UAE, and Cyprus. Premium arrangements from Presentail.",https://presentail.com/,https://presentail.com/opengraph.jpg,Yes,,None,en-LB:https://presentail.com/en-lb/beirut/occasions | ar-LB:https://presentail.com/ar-lb/beirut/occasions | fr-LB:https://presentail.com/fr-lb/beirut/occasions | en-AE:https://presentail.com/en-ae/dubai/occasions | ar-AE:https://presentail.com/ar-ae/dubai/occasions | fr-AE:https://presentail.com/fr-ae/dubai/occasions | en-CY:https://presentail.com/en-cy/limassol/occasions | ar-CY:https://presentail.com/ar-cy/limassol/occasions | fr-CY:https://presentail.com/fr-cy/limassol/occasions | x-default:https://presentail.com/en-lb/beirut/occasions,None,Yes,175,17339,6.9%,6,0,Yes,No,No,No,https://presentail.com/en-lb/hasbaya/occasions.md,200,text/markdown; charset=utf-8,Yes,Yes,"<https://presentail.com/en-lb/hasbaya/occasions>; rel=""canonical""; type=""text/html""",Yes,No,Low,Multiple H1
https://presentail.com/en-lb/hasbaya/contact,info,en,LB,hasbaya,2026-07-22,200,200,https://presentail.com/en-lb/hasbaya/contact,0,https://presentail.com/en-lb/hasbaya/contact [200],286,text/html; charset=utf-8,,Yes,,"index, follow",https://presentail.com/en-lb/hasbaya/contact,200,Yes,No,Contact Presentail in Hasbaya | Gift Delivery Help,50,No,"Send flowers, cakes and gifts with same-day express delivery in Lebanon, UAE, and Cyprus. Premium arrangements from Presentail.",127,No,2,Contact Presentail in Hasbaya | Gift Delivery Help | Contact Presentail in Hasbaya | Gift Delivery Help,Yes,No,1,None,en,Online Flower & Gift Delivery | Presentail,"Send flowers, cakes and gifts with same-day express delivery in Lebanon, UAE, and Cyprus. Premium arrangements from Presentail.",https://presentail.com/,https://presentail.com/opengraph.jpg,Yes,,None,en-LB:https://presentail.com/en-lb/beirut/contact | ar-LB:https://presentail.com/ar-lb/beirut/contact | fr-LB:https://presentail.com/fr-lb/beirut/contact | en-AE:https://presentail.com/en-ae/dubai/contact | ar-AE:https://presentail.com/ar-ae/dubai/contact | fr-AE:https://presentail.com/fr-ae/dubai/contact | en-CY:https://presentail.com/en-cy/limassol/contact | ar-CY:https://presentail.com/ar-cy/limassol/contact | fr-CY:https://presentail.com/fr-cy/limassol/contact | x-default:https://presentail.com/en-lb/beirut/contact,None,Yes,187,17781,6.7%,6,0,Yes,No,No,No,https://presentail.com/en-lb/hasbaya/contact.md,200,text/markdown; charset=utf-8,Yes,Yes,"<https://presentail.com/en-lb/hasbaya/contact>; rel=""canonical""; type=""text/html""",Yes,No,Low,Multiple H1
https://presentail.com/en-lb/hasbaya/faqs,info,en,LB,hasbaya,2026-07-22,200,200,https://presentail.com/en-lb/hasbaya/faqs,0,https://presentail.com/en-lb/hasbaya/faqs [200],302,text/html; charset=utf-8,,Yes,,"index, follow",https://presentail.com/en-lb/hasbaya/faqs,200,Yes,No,Flower Delivery FAQs in Hasbaya | Presentail,44,No,"Send flowers, cakes and gifts with same-day express delivery in Lebanon, UAE, and Cyprus. Premium arrangements from Presentail.",127,No,2,Flower Delivery FAQs in Hasbaya | Presentail | Flower Delivery FAQs in Hasbaya | Presentail,Yes,No,1,None,en,Online Flower & Gift Delivery | Presentail,"Send flowers, cakes and gifts with same-day express delivery in Lebanon, UAE, and Cyprus. Premium arrangements from Presentail.",https://presentail.com/,https://presentail.com/opengraph.jpg,Yes,,None,en-LB:https://presentail.com/en-lb/beirut/faqs | ar-LB:https://presentail.com/ar-lb/beirut/faqs | fr-LB:https://presentail.com/fr-lb/beirut/faqs | en-AE:https://presentail.com/en-ae/dubai/faqs | ar-AE:https://presentail.com/ar-ae/dubai/faqs | fr-AE:https://presentail.com/fr-ae/dubai/faqs | en-CY:https://presentail.com/en-cy/limassol/faqs | ar-CY:https://presentail.com/ar-cy/limassol/faqs | fr-CY:https://presentail.com/fr-cy/limassol/faqs | x-default:https://presentail.com/en-lb/beirut/faqs,None,Yes,147,19404,5.3%,6,0,Yes,No,No,No,https://presentail.com/en-lb/hasbaya/faqs.md,200,text/markdown; charset=utf-8,Yes,Yes,"<https://presentail.com/en-lb/hasbaya/faqs>; rel=""canonical""; type=""text/html""",Yes,No,Low,Multiple H1
https://presentail.com/en-lb/hasbaya/weddings,other,en,LB,hasbaya,2026-07-22,200,200,https://presentail.com/en-lb/hasbaya/weddings,0,https://presentail.com/en-lb/hasbaya/weddings [200],311,text/html; charset=utf-8,,Yes,,"index, follow",https://presentail.com/en-lb/hasbaya/weddings,200,Yes,No,Wedding Flowers in Hasbaya | Presentail,39,No,"Send flowers, cakes and gifts with same-day express delivery in Lebanon, UAE, and Cyprus. Premium arrangements from Presentail.",127,No,2,Wedding Flowers in Hasbaya | Presentail | Wedding Flowers in Hasbaya | Presentail,Yes,No,1,None,en,Online Flower & Gift Delivery | Presentail,"Send flowers, cakes and gifts with same-day express delivery in Lebanon, UAE, and Cyprus. Premium arrangements from Presentail.",https://presentail.com/,https://presentail.com/opengraph.jpg,Yes,,None,en-LB:https://presentail.com/en-lb/beirut/weddings | ar-LB:https://presentail.com/ar-lb/beirut/weddings | fr-LB:https://presentail.com/fr-lb/beirut/weddings | en-AE:https://presentail.com/en-ae/dubai/weddings | ar-AE:https://presentail.com/ar-ae/dubai/weddings | fr-AE:https://presentail.com/fr-ae/dubai/weddings | en-CY:https://presentail.com/en-cy/limassol/weddings | ar-CY:https://presentail.com/ar-cy/limassol/weddings | fr-CY:https://presentail.com/fr-cy/limassol/weddings | x-default:https://presentail.com/en-lb/beirut/weddings,None,Yes,179,17548,7.1%,6,0,Yes,No,No,No,https://presentail.com/en-lb/hasbaya/weddings.md,200,text/markdown; charset=utf-8,Yes,Yes,"<https://presentail.com/en-lb/hasbaya/weddings>; rel=""canonical""; type=""text/html""",Yes,No,Low,Multiple H1
https://presentail.com/en-lb/hasbaya/corporate,other,en,LB,hasbaya,2026-07-22,200,200,https://presentail.com/en-lb/hasbaya/corporate,0,https://presentail.com/en-lb/hasbaya/corporate [200],804,text/html; charset=utf-8,,Yes,,"index, follow",https://presentail.com/en-lb/hasbaya/corporate,200,Yes,No,Corporate Gifting in Hasbaya | Presentail,41,No,"Send flowers, cakes and gifts with same-day express delivery in Lebanon, UAE, and Cyprus. Premium arrangements from Presentail.",127,No,2,Corporate Gifting in Hasbaya | Presentail | Corporate Gifting in Hasbaya | Presentail,Yes,No,1,None,en,Online Flower & Gift Delivery | Presentail,"Send flowers, cakes and gifts with same-day express delivery in Lebanon, UAE, and Cyprus. Premium arrangements from Presentail.",https://presentail.com/,https://presentail.com/opengraph.jpg,Yes,,None,en-LB:https://presentail.com/en-lb/beirut/corporate | ar-LB:https://presentail.com/ar-lb/beirut/corporate | fr-LB:https://presentail.com/fr-lb/beirut/corporate | en-AE:https://presentail.com/en-ae/dubai/corporate | ar-AE:https://presentail.com/ar-ae/dubai/corporate | fr-AE:https://presentail.com/fr-ae/dubai/corporate | en-CY:https://presentail.com/en-cy/limassol/corporate | ar-CY:https://presentail.com/ar-cy/limassol/corporate | fr-CY:https://presentail.com/fr-cy/limassol/corporate | x-default:https://presentail.com/en-lb/beirut/corporate,None,Yes,170,17487,6.8%,6,0,Yes,No,No,No,https://presentail.com/en-lb/hasbaya/corporate.md,200,text/markdown; charset=utf-8,Yes,Yes,"<https://presentail.com/en-lb/hasbaya/corporate>; rel=""canonical""; type=""text/html""",Yes,No,Low,Multiple H1
https://presentail.com/en-lb/hermel,homepage,en,LB,hermel,2026-07-22,200,200,https://presentail.com/en-lb/hermel,0,https://presentail.com/en-lb/hermel [200],315,text/html; charset=utf-8,,Yes,,"index, follow",https://presentail.com/en-lb/hermel,200,Yes,No,Flower & Gift Delivery in Hermel | Presentail,45,No,"Send flowers, cakes and gifts with same-day express delivery in Lebanon, UAE, and Cyprus. Premium arrangements from Presentail.",127,No,2,Flower & Gift Delivery in Hermel | Presentail | Flower & Gift Delivery in Hermel | Presentail,Yes,No,2,None,en,Online Flower & Gift Delivery | Presentail,"Send flowers, cakes and gifts with same-day express delivery in Lebanon, UAE, and Cyprus. Premium arrangements from Presentail.",https://presentail.com/,https://presentail.com/opengraph.jpg,Yes,,None,en-LB:https://presentail.com/en-lb/beirut | ar-LB:https://presentail.com/ar-lb/beirut | fr-LB:https://presentail.com/fr-lb/beirut | en-AE:https://presentail.com/en-ae/dubai | ar-AE:https://presentail.com/ar-ae/dubai | fr-AE:https://presentail.com/fr-ae/dubai | en-CY:https://presentail.com/en-cy/limassol | ar-CY:https://presentail.com/ar-cy/limassol | fr-CY:https://presentail.com/fr-cy/limassol | x-default:https://presentail.com/en-lb/beirut,None,Yes,242,20353,9.8%,12,0,Yes,No,No,No,https://presentail.com/en-lb/hermel.md,200,text/markdown; charset=utf-8,Yes,Yes,"<https://presentail.com/en-lb/hermel>; rel=""canonical""; type=""text/html""",Yes,No,Low,Multiple H1
https://presentail.com/en-lb/hermel/brands,other,en,LB,hermel,2026-07-22,200,200,https://presentail.com/en-lb/hermel/brands,0,https://presentail.com/en-lb/hermel/brands [200],227,text/html; charset=utf-8,,Yes,,"index, follow",https://presentail.com/en-lb/hermel/brands,200,Yes,No,Partner Brands in Hermel | Presentail,37,No,"Send flowers, cakes and gifts with same-day express delivery in Lebanon, UAE, and Cyprus. Premium arrangements from Presentail.",127,No,2,Partner Brands in Hermel | Presentail | Partner Brands in Hermel | Presentail,Yes,No,1,None,en,Online Flower & Gift Delivery | Presentail,"Send flowers, cakes and gifts with same-day express delivery in Lebanon, UAE, and Cyprus. Premium arrangements from Presentail.",https://presentail.com/,https://presentail.com/opengraph.jpg,Yes,,None,en-LB:https://presentail.com/en-lb/beirut/brands | ar-LB:https://presentail.com/ar-lb/beirut/brands | fr-LB:https://presentail.com/fr-lb/beirut/brands | en-AE:https://presentail.com/en-ae/dubai/brands | ar-AE:https://presentail.com/ar-ae/dubai/brands | fr-AE:https://presentail.com/fr-ae/dubai/brands | en-CY:https://presentail.com/en-cy/limassol/brands | ar-CY:https://presentail.com/ar-cy/limassol/brands | fr-CY:https://presentail.com/fr-cy/limassol/brands | x-default:https://presentail.com/en-lb/beirut/brands,None,Yes,145,16954,6.1%,6,0,Yes,No,No,No,https://presentail.com/en-lb/hermel/brands.md,200,text/markdown; charset=utf-8,Yes,Yes,"<https://presentail.com/en-lb/hermel/brands>; rel=""canonical""; type=""text/html""",Yes,No,Low,Multiple H1
https://presentail.com/en-lb/hermel/occasions,occasion,en,LB,hermel,2026-07-22,200,200,https://presentail.com/en-lb/hermel/occasions,0,https://presentail.com/en-lb/hermel/occasions [200],128,text/html; charset=utf-8,,Yes,,"index, follow",https://presentail.com/en-lb/hermel/occasions,200,Yes,No,Shop by Occasion in Hermel | Presentail,39,No,"Send flowers, cakes and gifts with same-day express delivery in Lebanon, UAE, and Cyprus. Premium arrangements from Presentail.",127,No,2,Shop by Occasion in Hermel | Presentail | Shop by Occasion in Hermel | Presentail,Yes,No,1,None,en,Online Flower & Gift Delivery | Presentail,"Send flowers, cakes and gifts with same-day express delivery in Lebanon, UAE, and Cyprus. Premium arrangements from Presentail.",https://presentail.com/,https://presentail.com/opengraph.jpg,Yes,,None,en-LB:https://presentail.com/en-lb/beirut/occasions | ar-LB:https://presentail.com/ar-lb/beirut/occasions | fr-LB:https://presentail.com/fr-lb/beirut/occasions | en-AE:https://presentail.com/en-ae/dubai/occasions | ar-AE:https://presentail.com/ar-ae/dubai/occasions | fr-AE:https://presentail.com/fr-ae/dubai/occasions | en-CY:https://presentail.com/en-cy/limassol/occasions | ar-CY:https://presentail.com/ar-cy/limassol/occasions | fr-CY:https://presentail.com/fr-cy/limassol/occasions | x-default:https://presentail.com/en-lb/beirut/occasions,None,Yes,175,17309,6.8%,6,0,Yes,No,No,No,https://presentail.com/en-lb/hermel/occasions.md,200,text/markdown; charset=utf-8,Yes,Yes,"<https://presentail.com/en-lb/hermel/occasions>; rel=""canonical""; type=""text/html""",Yes,No,Low,Multiple H1
https://presentail.com/en-lb/hermel/contact,info,en,LB,hermel,2026-07-22,200,200,https://presentail.com/en-lb/hermel/contact,0,https://presentail.com/en-lb/hermel/contact [200],189,text/html; charset=utf-8,,Yes,,"index, follow",https://presentail.com/en-lb/hermel/contact,200,Yes,No,Contact Presentail in Hermel | Gift Delivery Help,49,No,"Send flowers, cakes and gifts with same-day express delivery in Lebanon, UAE, and Cyprus. Premium arrangements from Presentail.",127,No,2,Contact Presentail in Hermel | Gift Delivery Help | Contact Presentail in Hermel | Gift Delivery Help,Yes,No,1,None,en,Online Flower & Gift Delivery | Presentail,"Send flowers, cakes and gifts with same-day express delivery in Lebanon, UAE, and Cyprus. Premium arrangements from Presentail.",https://presentail.com/,https://presentail.com/opengraph.jpg,Yes,,None,en-LB:https://presentail.com/en-lb/beirut/contact | ar-LB:https://presentail.com/ar-lb/beirut/contact | fr-LB:https://presentail.com/fr-lb/beirut/contact | en-AE:https://presentail.com/en-ae/dubai/contact | ar-AE:https://presentail.com/ar-ae/dubai/contact | fr-AE:https://presentail.com/fr-ae/dubai/contact | en-CY:https://presentail.com/en-cy/limassol/contact | ar-CY:https://presentail.com/ar-cy/limassol/contact | fr-CY:https://presentail.com/fr-cy/limassol/contact | x-default:https://presentail.com/en-lb/beirut/contact,None,Yes,187,17754,6.7%,6,0,Yes,No,No,No,https://presentail.com/en-lb/hermel/contact.md,200,text/markdown; charset=utf-8,Yes,Yes,"<https://presentail.com/en-lb/hermel/contact>; rel=""canonical""; type=""text/html""",Yes,No,Low,Multiple H1
https://presentail.com/en-lb/hermel/faqs,info,en,LB,hermel,2026-07-22,200,200,https://presentail.com/en-lb/hermel/faqs,0,https://presentail.com/en-lb/hermel/faqs [200],273,text/html; charset=utf-8,,Yes,,"index, follow",https://presentail.com/en-lb/hermel/faqs,200,Yes,No,Flower Delivery FAQs in Hermel | Presentail,43,No,"Send flowers, cakes and gifts with same-day express delivery in Lebanon, UAE, and Cyprus. Premium arrangements from Presentail.",127,No,2,Flower Delivery FAQs in Hermel | Presentail | Flower Delivery FAQs in Hermel | Presentail,Yes,No,1,None,en,Online Flower & Gift Delivery | Presentail,"Send flowers, cakes and gifts with same-day express delivery in Lebanon, UAE, and Cyprus. Premium arrangements from Presentail.",https://presentail.com/,https://presentail.com/opengraph.jpg,Yes,,None,en-LB:https://presentail.com/en-lb/beirut/faqs | ar-LB:https://presentail.com/ar-lb/beirut/faqs | fr-LB:https://presentail.com/fr-lb/beirut/faqs | en-AE:https://presentail.com/en-ae/dubai/faqs | ar-AE:https://presentail.com/ar-ae/dubai/faqs | fr-AE:https://presentail.com/fr-ae/dubai/faqs | en-CY:https://presentail.com/en-cy/limassol/faqs | ar-CY:https://presentail.com/ar-cy/limassol/faqs | fr-CY:https://presentail.com/fr-cy/limassol/faqs | x-default:https://presentail.com/en-lb/beirut/faqs,None,Yes,147,19384,5.2%,6,0,Yes,No,No,No,https://presentail.com/en-lb/hermel/faqs.md,200,text/markdown; charset=utf-8,Yes,Yes,"<https://presentail.com/en-lb/hermel/faqs>; rel=""canonical""; type=""text/html""",Yes,No,Low,Multiple H1
https://presentail.com/en-lb/hermel/weddings,other,en,LB,hermel,2026-07-22,200,200,https://presentail.com/en-lb/hermel/weddings,0,https://presentail.com/en-lb/hermel/weddings [200],284,text/html; charset=utf-8,,Yes,,"index, follow",https://presentail.com/en-lb/hermel/weddings,200,Yes,No,Wedding Flowers in Hermel | Presentail,38,No,"Send flowers, cakes and gifts with same-day express delivery in Lebanon, UAE, and Cyprus. Premium arrangements from Presentail.",127,No,2,Wedding Flowers in Hermel | Presentail | Wedding Flowers in Hermel | Presentail,Yes,No,1,None,en,Online Flower & Gift Delivery | Presentail,"Send flowers, cakes and gifts with same-day express delivery in Lebanon, UAE, and Cyprus. Premium arrangements from Presentail.",https://presentail.com/,https://presentail.com/opengraph.jpg,Yes,,None,en-LB:https://presentail.com/en-lb/beirut/weddings | ar-LB:https://presentail.com/ar-lb/beirut/weddings | fr-LB:https://presentail.com/fr-lb/beirut/weddings | en-AE:https://presentail.com/en-ae/dubai/weddings | ar-AE:https://presentail.com/ar-ae/dubai/weddings | fr-AE:https://presentail.com/fr-ae/dubai/weddings | en-CY:https://presentail.com/en-cy/limassol/weddings | ar-CY:https://presentail.com/ar-cy/limassol/weddings | fr-CY:https://presentail.com/fr-cy/limassol/weddings | x-default:https://presentail.com/en-lb/beirut/weddings,None,Yes,179,17516,7.1%,6,0,Yes,No,No,No,https://presentail.com/en-lb/hermel/weddings.md,200,text/markdown; charset=utf-8,Yes,Yes,"<https://presentail.com/en-lb/hermel/weddings>; rel=""canonical""; type=""text/html""",Yes,No,Low,Multiple H1
https://presentail.com/en-lb/hermel/corporate,other,en,LB,hermel,2026-07-22,200,200,https://presentail.com/en-lb/hermel/corporate,0,https://presentail.com/en-lb/hermel/corporate [200],264,text/html; charset=utf-8,,Yes,,"index, follow",https://presentail.com/en-lb/hermel/corporate,200,Yes,No,Corporate Gifting in Hermel | Presentail,40,No,"Send flowers, cakes and gifts with same-day express delivery in Lebanon, UAE, and Cyprus. Premium arrangements from Presentail.",127,No,2,Corporate Gifting in Hermel | Presentail | Corporate Gifting in Hermel | Presentail,Yes,No,1,None,en,Online Flower & Gift Delivery | Presentail,"Send flowers, cakes and gifts with same-day express delivery in Lebanon, UAE, and Cyprus. Premium arrangements from Presentail.",https://presentail.com/,https://presentail.com/opengraph.jpg,Yes,,None,en-LB:https://presentail.com/en-lb/beirut/corporate | ar-LB:https://presentail.com/ar-lb/beirut/corporate | fr-LB:https://presentail.com/fr-lb/beirut/corporate | en-AE:https://presentail.com/en-ae/dubai/corporate | ar-AE:https://presentail.com/ar-ae/dubai/corporate | fr-AE:https://presentail.com/fr-ae/dubai/corporate | en-CY:https://presentail.com/en-cy/limassol/corporate | ar-CY:https://presentail.com/ar-cy/limassol/corporate | fr-CY:https://presentail.com/fr-cy/limassol/corporate | x-default:https://presentail.com/en-lb/beirut/corporate,None,Yes,170,17459,6.8%,6,0,Yes,No,No,No,https://presentail.com/en-lb/hermel/corporate.md,200,text/markdown; charset=utf-8,Yes,Yes,"<https://presentail.com/en-lb/hermel/corporate>; rel=""canonical""; type=""text/html""",Yes,No,Low,Multiple H1
https://presentail.com/en-lb/jbeil,homepage,en,LB,jbeil,2026-07-22,200,200,https://presentail.com/en-lb/jbeil,0,https://presentail.com/en-lb/jbeil [200],471,text/html; charset=utf-8,,Yes,,"index, follow",https://presentail.com/en-lb/jbeil,200,Yes,No,Flower & Gift Delivery in Jbeil | Presentail,44,No,"Send flowers, cakes and gifts with same-day express delivery in Lebanon, UAE, and Cyprus. Premium arrangements from Presentail.",127,No,2,Flower & Gift Delivery in Jbeil | Presentail | Flower & Gift Delivery in Jbeil | Presentail,Yes,No,2,None,en,Online Flower & Gift Delivery | Presentail,"Send flowers, cakes and gifts with same-day express delivery in Lebanon, UAE, and Cyprus. Premium arrangements from Presentail.",https://presentail.com/,https://presentail.com/opengraph.jpg,Yes,,None,en-LB:https://presentail.com/en-lb/beirut | ar-LB:https://presentail.com/ar-lb/beirut | fr-LB:https://presentail.com/fr-lb/beirut | en-AE:https://presentail.com/en-ae/dubai | ar-AE:https://presentail.com/ar-ae/dubai | fr-AE:https://presentail.com/fr-ae/dubai | en-CY:https://presentail.com/en-cy/limassol | ar-CY:https://presentail.com/ar-cy/limassol | fr-CY:https://presentail.com/fr-cy/limassol | x-default:https://presentail.com/en-lb/beirut,None,Yes,245,20338,9.9%,12,0,Yes,No,No,No,https://presentail.com/en-lb/jbeil.md,200,text/markdown; charset=utf-8,Yes,Yes,"<https://presentail.com/en-lb/jbeil>; rel=""canonical""; type=""text/html""",Yes,No,Low,Multiple H1
https://presentail.com/en-lb/jbeil/brands,other,en,LB,jbeil,2026-07-22,200,200,https://presentail.com/en-lb/jbeil/brands,0,https://presentail.com/en-lb/jbeil/brands [200],303,text/html; charset=utf-8,,Yes,,"index, follow",https://presentail.com/en-lb/jbeil/brands,200,Yes,No,Partner Brands in Jbeil | Presentail,36,No,"Send flowers, cakes and gifts with same-day express delivery in Lebanon, UAE, and Cyprus. Premium arrangements from Presentail.",127,No,2,Partner Brands in Jbeil | Presentail | Partner Brands in Jbeil | Presentail,Yes,No,1,None,en,Online Flower & Gift Delivery | Presentail,"Send flowers, cakes and gifts with same-day express delivery in Lebanon, UAE, and Cyprus. Premium arrangements from Presentail.",https://presentail.com/,https://presentail.com/opengraph.jpg,Yes,,None,en-LB:https://presentail.com/en-lb/beirut/brands | ar-LB:https://presentail.com/ar-lb/beirut/brands | fr-LB:https://presentail.com/fr-lb/beirut/brands | en-AE:https://presentail.com/en-ae/dubai/brands | ar-AE:https://presentail.com/ar-ae/dubai/brands | fr-AE:https://presentail.com/fr-ae/dubai/brands | en-CY:https://presentail.com/en-cy/limassol/brands | ar-CY:https://presentail.com/ar-cy/limassol/brands | fr-CY:https://presentail.com/fr-cy/limassol/brands | x-default:https://presentail.com/en-lb/beirut/brands,None,Yes,145,16926,6.1%,6,0,Yes,No,No,No,https://presentail.com/en-lb/jbeil/brands.md,200,text/markdown; charset=utf-8,Yes,Yes,"<https://presentail.com/en-lb/jbeil/brands>; rel=""canonical""; type=""text/html""",Yes,No,Low,Multiple H1
https://presentail.com/en-lb/jbeil/occasions,occasion,en,LB,jbeil,2026-07-22,200,200,https://presentail.com/en-lb/jbeil/occasions,0,https://presentail.com/en-lb/jbeil/occasions [200],286,text/html; charset=utf-8,,Yes,,"index, follow",https://presentail.com/en-lb/jbeil/occasions,200,Yes,No,Shop by Occasion in Jbeil | Presentail,38,No,"Send flowers, cakes and gifts with same-day express delivery in Lebanon, UAE, and Cyprus. Premium arrangements from Presentail.",127,No,2,Shop by Occasion in Jbeil | Presentail | Shop by Occasion in Jbeil | Presentail,Yes,No,1,None,en,Online Flower & Gift Delivery | Presentail,"Send flowers, cakes and gifts with same-day express delivery in Lebanon, UAE, and Cyprus. Premium arrangements from Presentail.",https://presentail.com/,https://presentail.com/opengraph.jpg,Yes,,None,en-LB:https://presentail.com/en-lb/beirut/occasions | ar-LB:https://presentail.com/ar-lb/beirut/occasions | fr-LB:https://presentail.com/fr-lb/beirut/occasions | en-AE:https://presentail.com/en-ae/dubai/occasions | ar-AE:https://presentail.com/ar-ae/dubai/occasions | fr-AE:https://presentail.com/fr-ae/dubai/occasions | en-CY:https://presentail.com/en-cy/limassol/occasions | ar-CY:https://presentail.com/ar-cy/limassol/occasions | fr-CY:https://presentail.com/fr-cy/limassol/occasions | x-default:https://presentail.com/en-lb/beirut/occasions,None,Yes,175,17279,6.8%,6,0,Yes,No,No,No,https://presentail.com/en-lb/jbeil/occasions.md,200,text/markdown; charset=utf-8,Yes,Yes,"<https://presentail.com/en-lb/jbeil/occasions>; rel=""canonical""; type=""text/html""",Yes,No,Low,Multiple H1
https://presentail.com/en-lb/jbeil/contact,info,en,LB,jbeil,2026-07-22,200,200,https://presentail.com/en-lb/jbeil/contact,0,https://presentail.com/en-lb/jbeil/contact [200],298,text/html; charset=utf-8,,Yes,,"index, follow",https://presentail.com/en-lb/jbeil/contact,200,Yes,No,Contact Presentail in Jbeil | Gift Delivery Help,48,No,"Send flowers, cakes and gifts with same-day express delivery in Lebanon, UAE, and Cyprus. Premium arrangements from Presentail.",127,No,2,Contact Presentail in Jbeil | Gift Delivery Help | Contact Presentail in Jbeil | Gift Delivery Help,Yes,No,1,None,en,Online Flower & Gift Delivery | Presentail,"Send flowers, cakes and gifts with same-day express delivery in Lebanon, UAE, and Cyprus. Premium arrangements from Presentail.",https://presentail.com/,https://presentail.com/opengraph.jpg,Yes,,None,en-LB:https://presentail.com/en-lb/beirut/contact | ar-LB:https://presentail.com/ar-lb/beirut/contact | fr-LB:https://presentail.com/fr-lb/beirut/contact | en-AE:https://presentail.com/en-ae/dubai/contact | ar-AE:https://presentail.com/ar-ae/dubai/contact | fr-AE:https://presentail.com/fr-ae/dubai/contact | en-CY:https://presentail.com/en-cy/limassol/contact | ar-CY:https://presentail.com/ar-cy/limassol/contact | fr-CY:https://presentail.com/fr-cy/limassol/contact | x-default:https://presentail.com/en-lb/beirut/contact,None,Yes,187,17727,6.6%,6,0,Yes,No,No,No,https://presentail.com/en-lb/jbeil/contact.md,200,text/markdown; charset=utf-8,Yes,Yes,"<https://presentail.com/en-lb/jbeil/contact>; rel=""canonical""; type=""text/html""",Yes,No,Low,Multiple H1
https://presentail.com/en-lb/jbeil/faqs,info,en,LB,jbeil,2026-07-22,200,200,https://presentail.com/en-lb/jbeil/faqs,0,https://presentail.com/en-lb/jbeil/faqs [200],338,text/html; charset=utf-8,,Yes,,"index, follow",https://presentail.com/en-lb/jbeil/faqs,200,Yes,No,Flower Delivery FAQs in Jbeil | Presentail,42,No,"Send flowers, cakes and gifts with same-day express delivery in Lebanon, UAE, and Cyprus. Premium arrangements from Presentail.",127,No,2,Flower Delivery FAQs in Jbeil | Presentail | Flower Delivery FAQs in Jbeil | Presentail,Yes,No,1,None,en,Online Flower & Gift Delivery | Presentail,"Send flowers, cakes and gifts with same-day express delivery in Lebanon, UAE, and Cyprus. Premium arrangements from Presentail.",https://presentail.com/,https://presentail.com/opengraph.jpg,Yes,,None,en-LB:https://presentail.com/en-lb/beirut/faqs | ar-LB:https://presentail.com/ar-lb/beirut/faqs | fr-LB:https://presentail.com/fr-lb/beirut/faqs | en-AE:https://presentail.com/en-ae/dubai/faqs | ar-AE:https://presentail.com/ar-ae/dubai/faqs | fr-AE:https://presentail.com/fr-ae/dubai/faqs | en-CY:https://presentail.com/en-cy/limassol/faqs | ar-CY:https://presentail.com/ar-cy/limassol/faqs | fr-CY:https://presentail.com/fr-cy/limassol/faqs | x-default:https://presentail.com/en-lb/beirut/faqs,None,Yes,147,19364,5.2%,6,0,Yes,No,No,No,https://presentail.com/en-lb/jbeil/faqs.md,200,text/markdown; charset=utf-8,Yes,Yes,"<https://presentail.com/en-lb/jbeil/faqs>; rel=""canonical""; type=""text/html""",Yes,No,Low,Multiple H1
https://presentail.com/en-lb/jbeil/weddings,other,en,LB,jbeil,2026-07-22,200,200,https://presentail.com/en-lb/jbeil/weddings,0,https://presentail.com/en-lb/jbeil/weddings [200],242,text/html; charset=utf-8,,Yes,,"index, follow",https://presentail.com/en-lb/jbeil/weddings,200,Yes,No,Wedding Flowers in Jbeil | Presentail,37,No,"Send flowers, cakes and gifts with same-day express delivery in Lebanon, UAE, and Cyprus. Premium arrangements from Presentail.",127,No,2,Wedding Flowers in Jbeil | Presentail | Wedding Flowers in Jbeil | Presentail,Yes,No,1,None,en,Online Flower & Gift Delivery | Presentail,"Send flowers, cakes and gifts with same-day express delivery in Lebanon, UAE, and Cyprus. Premium arrangements from Presentail.",https://presentail.com/,https://presentail.com/opengraph.jpg,Yes,,None,en-LB:https://presentail.com/en-lb/beirut/weddings | ar-LB:https://presentail.com/ar-lb/beirut/weddings | fr-LB:https://presentail.com/fr-lb/beirut/weddings | en-AE:https://presentail.com/en-ae/dubai/weddings | ar-AE:https://presentail.com/ar-ae/dubai/weddings | fr-AE:https://presentail.com/fr-ae/dubai/weddings | en-CY:https://presentail.com/en-cy/limassol/weddings | ar-CY:https://presentail.com/ar-cy/limassol/weddings | fr-CY:https://presentail.com/fr-cy/limassol/weddings | x-default:https://presentail.com/en-lb/beirut/weddings,None,Yes,179,17484,7.0%,6,0,Yes,No,No,No,https://presentail.com/en-lb/jbeil/weddings.md,200,text/markdown; charset=utf-8,Yes,Yes,"<https://presentail.com/en-lb/jbeil/weddings>; rel=""canonical""; type=""text/html""",Yes,No,Low,Multiple H1
https://presentail.com/en-lb/jbeil/corporate,other,en,LB,jbeil,2026-07-22,200,200,https://presentail.com/en-lb/jbeil/corporate,0,https://presentail.com/en-lb/jbeil/corporate [200],297,text/html; charset=utf-8,,Yes,,"index, follow",https://presentail.com/en-lb/jbeil/corporate,200,Yes,No,Corporate Gifting in Jbeil | Presentail,39,No,"Send flowers, cakes and gifts with same-day express delivery in Lebanon, UAE, and Cyprus. Premium arrangements from Presentail.",127,No,2,Corporate Gifting in Jbeil | Presentail | Corporate Gifting in Jbeil | Presentail,Yes,No,1,None,en,Online Flower & Gift Delivery | Presentail,"Send flowers, cakes and gifts with same-day express delivery in Lebanon, UAE, and Cyprus. Premium arrangements from Presentail.",https://presentail.com/,https://presentail.com/opengraph.jpg,Yes,,None,en-LB:https://presentail.com/en-lb/beirut/corporate | ar-LB:https://presentail.com/ar-lb/beirut/corporate | fr-LB:https://presentail.com/fr-lb/beirut/corporate | en-AE:https://presentail.com/en-ae/dubai/corporate | ar-AE:https://presentail.com/ar-ae/dubai/corporate | fr-AE:https://presentail.com/fr-ae/dubai/corporate | en-CY:https://presentail.com/en-cy/limassol/corporate | ar-CY:https://presentail.com/ar-cy/limassol/corporate | fr-CY:https://presentail.com/fr-cy/limassol/corporate | x-default:https://presentail.com/en-lb/beirut/corporate,None,Yes,170,17431,6.8%,6,0,Yes,No,No,No,https://presentail.com/en-lb/jbeil/corporate.md,200,text/markdown; charset=utf-8,Yes,Yes,"<https://presentail.com/en-lb/jbeil/corporate>; rel=""canonical""; type=""text/html""",Yes,No,Low,Multiple H1
https://presentail.com/en-lb/jezzine,homepage,en,LB,jezzine,2026-07-22,200,200,https://presentail.com/en-lb/jezzine,0,https://presentail.com/en-lb/jezzine [200],394,text/html; charset=utf-8,,Yes,,"index, follow",https://presentail.com/en-lb/jezzine,200,Yes,No,Flower & Gift Delivery in Jezzine | Presentail,46,No,"Send flowers, cakes and gifts with same-day express delivery in Lebanon, UAE, and Cyprus. Premium arrangements from Presentail.",127,No,2,Flower & Gift Delivery in Jezzine | Presentail | Flower & Gift Delivery in Jezzine | Presentail,Yes,No,2,None,en,Online Flower & Gift Delivery | Presentail,"Send flowers, cakes and gifts with same-day express delivery in Lebanon, UAE, and Cyprus. Premium arrangements from Presentail.",https://presentail.com/,https://presentail.com/opengraph.jpg,Yes,,None,en-LB:https://presentail.com/en-lb/beirut | ar-LB:https://presentail.com/ar-lb/beirut | fr-LB:https://presentail.com/fr-lb/beirut | en-AE:https://presentail.com/en-ae/dubai | ar-AE:https://presentail.com/ar-ae/dubai | fr-AE:https://presentail.com/fr-ae/dubai | en-CY:https://presentail.com/en-cy/limassol | ar-CY:https://presentail.com/ar-cy/limassol | fr-CY:https://presentail.com/fr-cy/limassol | x-default:https://presentail.com/en-lb/beirut,None,Yes,244,20431,10.0%,12,0,Yes,No,No,No,https://presentail.com/en-lb/jezzine.md,200,text/markdown; charset=utf-8,Yes,Yes,"<https://presentail.com/en-lb/jezzine>; rel=""canonical""; type=""text/html""",Yes,No,Low,Multiple H1
https://presentail.com/en-lb/jezzine/brands,other,en,LB,jezzine,2026-07-22,200,200,https://presentail.com/en-lb/jezzine/brands,0,https://presentail.com/en-lb/jezzine/brands [200],207,text/html; charset=utf-8,,Yes,,"index, follow",https://presentail.com/en-lb/jezzine/brands,200,Yes,No,Partner Brands in Jezzine | Presentail,38,No,"Send flowers, cakes and gifts with same-day express delivery in Lebanon, UAE, and Cyprus. Premium arrangements from Presentail.",127,No,2,Partner Brands in Jezzine | Presentail | Partner Brands in Jezzine | Presentail,Yes,No,1,None,en,Online Flower & Gift Delivery | Presentail,"Send flowers, cakes and gifts with same-day express delivery in Lebanon, UAE, and Cyprus. Premium arrangements from Presentail.",https://presentail.com/,https://presentail.com/opengraph.jpg,Yes,,None,en-LB:https://presentail.com/en-lb/beirut/brands | ar-LB:https://presentail.com/ar-lb/beirut/brands | fr-LB:https://presentail.com/fr-lb/beirut/brands | en-AE:https://presentail.com/en-ae/dubai/brands | ar-AE:https://presentail.com/ar-ae/dubai/brands | fr-AE:https://presentail.com/fr-ae/dubai/brands | en-CY:https://presentail.com/en-cy/limassol/brands | ar-CY:https://presentail.com/ar-cy/limassol/brands | fr-CY:https://presentail.com/fr-cy/limassol/brands | x-default:https://presentail.com/en-lb/beirut/brands,None,Yes,145,16982,6.1%,6,0,Yes,No,No,No,https://presentail.com/en-lb/jezzine/brands.md,200,text/markdown; charset=utf-8,Yes,Yes,"<https://presentail.com/en-lb/jezzine/brands>; rel=""canonical""; type=""text/html""",Yes,No,Low,Multiple H1
https://presentail.com/en-lb/jezzine/occasions,occasion,en,LB,jezzine,2026-07-22,200,200,https://presentail.com/en-lb/jezzine/occasions,0,https://presentail.com/en-lb/jezzine/occasions [200],276,text/html; charset=utf-8,,Yes,,"index, follow",https://presentail.com/en-lb/jezzine/occasions,200,Yes,No,Shop by Occasion in Jezzine | Presentail,40,No,"Send flowers, cakes and gifts with same-day express delivery in Lebanon, UAE, and Cyprus. Premium arrangements from Presentail.",127,No,2,Shop by Occasion in Jezzine | Presentail | Shop by Occasion in Jezzine | Presentail,Yes,No,1,None,en,Online Flower & Gift Delivery | Presentail,"Send flowers, cakes and gifts with same-day express delivery in Lebanon, UAE, and Cyprus. Premium arrangements from Presentail.",https://presentail.com/,https://presentail.com/opengraph.jpg,Yes,,None,en-LB:https://presentail.com/en-lb/beirut/occasions | ar-LB:https://presentail.com/ar-lb/beirut/occasions | fr-LB:https://presentail.com/fr-lb/beirut/occasions | en-AE:https://presentail.com/en-ae/dubai/occasions | ar-AE:https://presentail.com/ar-ae/dubai/occasions | fr-AE:https://presentail.com/fr-ae/dubai/occasions | en-CY:https://presentail.com/en-cy/limassol/occasions | ar-CY:https://presentail.com/ar-cy/limassol/occasions | fr-CY:https://presentail.com/fr-cy/limassol/occasions | x-default:https://presentail.com/en-lb/beirut/occasions,None,Yes,175,17339,6.9%,6,0,Yes,No,No,No,https://presentail.com/en-lb/jezzine/occasions.md,200,text/markdown; charset=utf-8,Yes,Yes,"<https://presentail.com/en-lb/jezzine/occasions>; rel=""canonical""; type=""text/html""",Yes,No,Low,Multiple H1
https://presentail.com/en-lb/jezzine/contact,info,en,LB,jezzine,2026-07-22,200,200,https://presentail.com/en-lb/jezzine/contact,0,https://presentail.com/en-lb/jezzine/contact [200],173,text/html; charset=utf-8,,Yes,,"index, follow",https://presentail.com/en-lb/jezzine/contact,200,Yes,No,Contact Presentail in Jezzine | Gift Delivery Help,50,No,"Send flowers, cakes and gifts with same-day express delivery in Lebanon, UAE, and Cyprus. Premium arrangements from Presentail.",127,No,2,Contact Presentail in Jezzine | Gift Delivery Help | Contact Presentail in Jezzine | Gift Delivery Help,Yes,No,1,None,en,Online Flower & Gift Delivery | Presentail,"Send flowers, cakes and gifts with same-day express delivery in Lebanon, UAE, and Cyprus. Premium arrangements from Presentail.",https://presentail.com/,https://presentail.com/opengraph.jpg,Yes,,None,en-LB:https://presentail.com/en-lb/beirut/contact | ar-LB:https://presentail.com/ar-lb/beirut/contact | fr-LB:https://presentail.com/fr-lb/beirut/contact | en-AE:https://presentail.com/en-ae/dubai/contact | ar-AE:https://presentail.com/ar-ae/dubai/contact | fr-AE:https://presentail.com/fr-ae/dubai/contact | en-CY:https://presentail.com/en-cy/limassol/contact | ar-CY:https://presentail.com/ar-cy/limassol/contact | fr-CY:https://presentail.com/fr-cy/limassol/contact | x-default:https://presentail.com/en-lb/beirut/contact,None,Yes,187,17781,6.7%,6,0,Yes,No,No,No,https://presentail.com/en-lb/jezzine/contact.md,200,text/markdown; charset=utf-8,Yes,Yes,"<https://presentail.com/en-lb/jezzine/contact>; rel=""canonical""; type=""text/html""",Yes,No,Low,Multiple H1
https://presentail.com/en-lb/jezzine/faqs,info,en,LB,jezzine,2026-07-22,200,200,https://presentail.com/en-lb/jezzine/faqs,0,https://presentail.com/en-lb/jezzine/faqs [200],187,text/html; charset=utf-8,,Yes,,"index, follow",https://presentail.com/en-lb/jezzine/faqs,200,Yes,No,Flower Delivery FAQs in Jezzine | Presentail,44,No,"Send flowers, cakes and gifts with same-day express delivery in Lebanon, UAE, and Cyprus. Premium arrangements from Presentail.",127,No,2,Flower Delivery FAQs in Jezzine | Presentail | Flower Delivery FAQs in Jezzine | Presentail,Yes,No,1,None,en,Online Flower & Gift Delivery | Presentail,"Send flowers, cakes and gifts with same-day express delivery in Lebanon, UAE, and Cyprus. Premium arrangements from Presentail.",https://presentail.com/,https://presentail.com/opengraph.jpg,Yes,,None,en-LB:https://presentail.com/en-lb/beirut/faqs | ar-LB:https://presentail.com/ar-lb/beirut/faqs | fr-LB:https://presentail.com/fr-lb/beirut/faqs | en-AE:https://presentail.com/en-ae/dubai/faqs | ar-AE:https://presentail.com/ar-ae/dubai/faqs | fr-AE:https://presentail.com/fr-ae/dubai/faqs | en-CY:https://presentail.com/en-cy/limassol/faqs | ar-CY:https://presentail.com/ar-cy/limassol/faqs | fr-CY:https://presentail.com/fr-cy/limassol/faqs | x-default:https://presentail.com/en-lb/beirut/faqs,None,Yes,147,19404,5.3%,6,0,Yes,No,No,No,https://presentail.com/en-lb/jezzine/faqs.md,200,text/markdown; charset=utf-8,Yes,Yes,"<https://presentail.com/en-lb/jezzine/faqs>; rel=""canonical""; type=""text/html""",Yes,No,Low,Multiple H1
https://presentail.com/en-lb/jezzine/weddings,other,en,LB,jezzine,2026-07-22,200,200,https://presentail.com/en-lb/jezzine/weddings,0,https://presentail.com/en-lb/jezzine/weddings [200],208,text/html; charset=utf-8,,Yes,,"index, follow",https://presentail.com/en-lb/jezzine/weddings,200,Yes,No,Wedding Flowers in Jezzine | Presentail,39,No,"Send flowers, cakes and gifts with same-day express delivery in Lebanon, UAE, and Cyprus. Premium arrangements from Presentail.",127,No,2,Wedding Flowers in Jezzine | Presentail | Wedding Flowers in Jezzine | Presentail,Yes,No,1,None,en,Online Flower & Gift Delivery | Presentail,"Send flowers, cakes and gifts with same-day express delivery in Lebanon, UAE, and Cyprus. Premium arrangements from Presentail.",https://presentail.com/,https://presentail.com/opengraph.jpg,Yes,,None,en-LB:https://presentail.com/en-lb/beirut/weddings | ar-LB:https://presentail.com/ar-lb/beirut/weddings | fr-LB:https://presentail.com/fr-lb/beirut/weddings | en-AE:https://presentail.com/en-ae/dubai/weddings | ar-AE:https://presentail.com/ar-ae/dubai/weddings | fr-AE:https://presentail.com/fr-ae/dubai/weddings | en-CY:https://presentail.com/en-cy/limassol/weddings | ar-CY:https://presentail.com/ar-cy/limassol/weddings | fr-CY:https://presentail.com/fr-cy/limassol/weddings | x-default:https://presentail.com/en-lb/beirut/weddings,None,Yes,179,17548,7.1%,6,0,Yes,No,No,No,https://presentail.com/en-lb/jezzine/weddings.md,200,text/markdown; charset=utf-8,Yes,Yes,"<https://presentail.com/en-lb/jezzine/weddings>; rel=""canonical""; type=""text/html""",Yes,No,Low,Multiple H1
https://presentail.com/en-lb/jezzine/corporate,other,en,LB,jezzine,2026-07-22,200,200,https://presentail.com/en-lb/jezzine/corporate,0,https://presentail.com/en-lb/jezzine/corporate [200],144,text/html; charset=utf-8,,Yes,,"index, follow",https://presentail.com/en-lb/jezzine/corporate,200,Yes,No,Corporate Gifting in Jezzine | Presentail,41,No,"Send flowers, cakes and gifts with same-day express delivery in Lebanon, UAE, and Cyprus. Premium arrangements from Presentail.",127,No,2,Corporate Gifting in Jezzine | Presentail | Corporate Gifting in Jezzine | Presentail,Yes,No,1,None,en,Online Flower & Gift Delivery | Presentail,"Send flowers, cakes and gifts with same-day express delivery in Lebanon, UAE, and Cyprus. Premium arrangements from Presentail.",https://presentail.com/,https://presentail.com/opengraph.jpg,Yes,,None,en-LB:https://presentail.com/en-lb/beirut/corporate | ar-LB:https://presentail.com/ar-lb/beirut/corporate | fr-LB:https://presentail.com/fr-lb/beirut/corporate | en-AE:https://presentail.com/en-ae/dubai/corporate | ar-AE:https://presentail.com/ar-ae/dubai/corporate | fr-AE:https://presentail.com/fr-ae/dubai/corporate | en-CY:https://presentail.com/en-cy/limassol/corporate | ar-CY:https://presentail.com/ar-cy/limassol/corporate | fr-CY:https://presentail.com/fr-cy/limassol/corporate | x-default:https://presentail.com/en-lb/beirut/corporate,None,Yes,170,17487,6.8%,6,0,Yes,No,No,No,https://presentail.com/en-lb/jezzine/corporate.md,200,text/markdown; charset=utf-8,Yes,Yes,"<https://presentail.com/en-lb/jezzine/corporate>; rel=""canonical""; type=""text/html""",Yes,No,Low,Multiple H1
https://presentail.com/en-lb/kesserwan,homepage,en,LB,kesserwan,2026-07-22,200,200,https://presentail.com/en-lb/kesserwan,0,https://presentail.com/en-lb/kesserwan [200],212,text/html; charset=utf-8,,Yes,,"index, follow",https://presentail.com/en-lb/kesserwan,200,Yes,No,Flower & Gift Delivery in Kesserwan | Presentail,48,No,"Send flowers, cakes and gifts with same-day express delivery in Lebanon, UAE, and Cyprus. Premium arrangements from Presentail.",127,No,2,Flower & Gift Delivery in Kesserwan | Presentail | Flower & Gift Delivery in Kesserwan | Presentail,Yes,No,2,None,en,Online Flower & Gift Delivery | Presentail,"Send flowers, cakes and gifts with same-day express delivery in Lebanon, UAE, and Cyprus. Premium arrangements from Presentail.",https://presentail.com/,https://presentail.com/opengraph.jpg,Yes,,None,en-LB:https://presentail.com/en-lb/beirut | ar-LB:https://presentail.com/ar-lb/beirut | fr-LB:https://presentail.com/fr-lb/beirut | en-AE:https://presentail.com/en-ae/dubai | ar-AE:https://presentail.com/ar-ae/dubai | fr-AE:https://presentail.com/fr-ae/dubai | en-CY:https://presentail.com/en-cy/limassol | ar-CY:https://presentail.com/ar-cy/limassol | fr-CY:https://presentail.com/fr-cy/limassol | x-default:https://presentail.com/en-lb/beirut,None,Yes,242,20488,9.9%,12,0,Yes,No,No,No,https://presentail.com/en-lb/kesserwan.md,200,text/markdown; charset=utf-8,Yes,Yes,"<https://presentail.com/en-lb/kesserwan>; rel=""canonical""; type=""text/html""",Yes,No,Low,Multiple H1
https://presentail.com/en-lb/kesserwan/brands,other,en,LB,kesserwan,2026-07-22,200,200,https://presentail.com/en-lb/kesserwan/brands,0,https://presentail.com/en-lb/kesserwan/brands [200],200,text/html; charset=utf-8,,Yes,,"index, follow",https://presentail.com/en-lb/kesserwan/brands,200,Yes,No,Partner Brands in Kesserwan | Presentail,40,No,"Send flowers, cakes and gifts with same-day express delivery in Lebanon, UAE, and Cyprus. Premium arrangements from Presentail.",127,No,2,Partner Brands in Kesserwan | Presentail | Partner Brands in Kesserwan | Presentail,Yes,No,1,None,en,Online Flower & Gift Delivery | Presentail,"Send flowers, cakes and gifts with same-day express delivery in Lebanon, UAE, and Cyprus. Premium arrangements from Presentail.",https://presentail.com/,https://presentail.com/opengraph.jpg,Yes,,None,en-LB:https://presentail.com/en-lb/beirut/brands | ar-LB:https://presentail.com/ar-lb/beirut/brands | fr-LB:https://presentail.com/fr-lb/beirut/brands | en-AE:https://presentail.com/en-ae/dubai/brands | ar-AE:https://presentail.com/ar-ae/dubai/brands | fr-AE:https://presentail.com/fr-ae/dubai/brands | en-CY:https://presentail.com/en-cy/limassol/brands | ar-CY:https://presentail.com/ar-cy/limassol/brands | fr-CY:https://presentail.com/fr-cy/limassol/brands | x-default:https://presentail.com/en-lb/beirut/brands,None,Yes,145,17038,6.2%,6,0,Yes,No,No,No,https://presentail.com/en-lb/kesserwan/brands.md,200,text/markdown; charset=utf-8,Yes,Yes,"<https://presentail.com/en-lb/kesserwan/brands>; rel=""canonical""; type=""text/html""",Yes,No,Low,Multiple H1
https://presentail.com/en-lb/kesserwan/occasions,occasion,en,LB,kesserwan,2026-07-22,200,200,https://presentail.com/en-lb/kesserwan/occasions,0,https://presentail.com/en-lb/kesserwan/occasions [200],182,text/html; charset=utf-8,,Yes,,"index, follow",https://presentail.com/en-lb/kesserwan/occasions,200,Yes,No,Shop by Occasion in Kesserwan | Presentail,42,No,"Send flowers, cakes and gifts with same-day express delivery in Lebanon, UAE, and Cyprus. Premium arrangements from Presentail.",127,No,2,Shop by Occasion in Kesserwan | Presentail | Shop by Occasion in Kesserwan | Presentail,Yes,No,1,None,en,Online Flower & Gift Delivery | Presentail,"Send flowers, cakes and gifts with same-day express delivery in Lebanon, UAE, and Cyprus. Premium arrangements from Presentail.",https://presentail.com/,https://presentail.com/opengraph.jpg,Yes,,None,en-LB:https://presentail.com/en-lb/beirut/occasions | ar-LB:https://presentail.com/ar-lb/beirut/occasions | fr-LB:https://presentail.com/fr-lb/beirut/occasions | en-AE:https://presentail.com/en-ae/dubai/occasions | ar-AE:https://presentail.com/ar-ae/dubai/occasions | fr-AE:https://presentail.com/fr-ae/dubai/occasions | en-CY:https://presentail.com/en-cy/limassol/occasions | ar-CY:https://presentail.com/ar-cy/limassol/occasions | fr-CY:https://presentail.com/fr-cy/limassol/occasions | x-default:https://presentail.com/en-lb/beirut/occasions,None,Yes,175,17399,6.9%,6,0,Yes,No,No,No,https://presentail.com/en-lb/kesserwan/occasions.md,200,text/markdown; charset=utf-8,Yes,Yes,"<https://presentail.com/en-lb/kesserwan/occasions>; rel=""canonical""; type=""text/html""",Yes,No,Low,Multiple H1
https://presentail.com/en-lb/kesserwan/contact,info,en,LB,kesserwan,2026-07-22,200,200,https://presentail.com/en-lb/kesserwan/contact,0,https://presentail.com/en-lb/kesserwan/contact [200],198,text/html; charset=utf-8,,Yes,,"index, follow",https://presentail.com/en-lb/kesserwan/contact,200,Yes,No,Contact Presentail in Kesserwan | Gift Delivery Help,52,No,"Send flowers, cakes and gifts with same-day express delivery in Lebanon, UAE, and Cyprus. Premium arrangements from Presentail.",127,No,2,Contact Presentail in Kesserwan | Gift Delivery Help | Contact Presentail in Kesserwan | Gift Delivery Help,Yes,No,1,None,en,Online Flower & Gift Delivery | Presentail,"Send flowers, cakes and gifts with same-day express delivery in Lebanon, UAE, and Cyprus. Premium arrangements from Presentail.",https://presentail.com/,https://presentail.com/opengraph.jpg,Yes,,None,en-LB:https://presentail.com/en-lb/beirut/contact | ar-LB:https://presentail.com/ar-lb/beirut/contact | fr-LB:https://presentail.com/fr-lb/beirut/contact | en-AE:https://presentail.com/en-ae/dubai/contact | ar-AE:https://presentail.com/ar-ae/dubai/contact | fr-AE:https://presentail.com/fr-ae/dubai/contact | en-CY:https://presentail.com/en-cy/limassol/contact | ar-CY:https://presentail.com/ar-cy/limassol/contact | fr-CY:https://presentail.com/fr-cy/limassol/contact | x-default:https://presentail.com/en-lb/beirut/contact,None,Yes,187,17835,6.7%,6,0,Yes,No,No,No,https://presentail.com/en-lb/kesserwan/contact.md,200,text/markdown; charset=utf-8,Yes,Yes,"<https://presentail.com/en-lb/kesserwan/contact>; rel=""canonical""; type=""text/html""",Yes,No,Low,Multiple H1
https://presentail.com/en-lb/kesserwan/faqs,info,en,LB,kesserwan,2026-07-22,200,200,https://presentail.com/en-lb/kesserwan/faqs,0,https://presentail.com/en-lb/kesserwan/faqs [200],194,text/html; charset=utf-8,,Yes,,"index, follow",https://presentail.com/en-lb/kesserwan/faqs,200,Yes,No,Flower Delivery FAQs in Kesserwan | Presentail,46,No,"Send flowers, cakes and gifts with same-day express delivery in Lebanon, UAE, and Cyprus. Premium arrangements from Presentail.",127,No,2,Flower Delivery FAQs in Kesserwan | Presentail | Flower Delivery FAQs in Kesserwan | Presentail,Yes,No,1,None,en,Online Flower & Gift Delivery | Presentail,"Send flowers, cakes and gifts with same-day express delivery in Lebanon, UAE, and Cyprus. Premium arrangements from Presentail.",https://presentail.com/,https://presentail.com/opengraph.jpg,Yes,,None,en-LB:https://presentail.com/en-lb/beirut/faqs | ar-LB:https://presentail.com/ar-lb/beirut/faqs | fr-LB:https://presentail.com/fr-lb/beirut/faqs | en-AE:https://presentail.com/en-ae/dubai/faqs | ar-AE:https://presentail.com/ar-ae/dubai/faqs | fr-AE:https://presentail.com/fr-ae/dubai/faqs | en-CY:https://presentail.com/en-cy/limassol/faqs | ar-CY:https://presentail.com/ar-cy/limassol/faqs | fr-CY:https://presentail.com/fr-cy/limassol/faqs | x-default:https://presentail.com/en-lb/beirut/faqs,None,Yes,147,19444,5.3%,6,0,Yes,No,No,No,https://presentail.com/en-lb/kesserwan/faqs.md,200,text/markdown; charset=utf-8,Yes,Yes,"<https://presentail.com/en-lb/kesserwan/faqs>; rel=""canonical""; type=""text/html""",Yes,No,Low,Multiple H1
https://presentail.com/en-lb/kesserwan/weddings,other,en,LB,kesserwan,2026-07-22,200,200,https://presentail.com/en-lb/kesserwan/weddings,0,https://presentail.com/en-lb/kesserwan/weddings [200],265,text/html; charset=utf-8,,Yes,,"index, follow",https://presentail.com/en-lb/kesserwan/weddings,200,Yes,No,Wedding Flowers in Kesserwan | Presentail,41,No,"Send flowers, cakes and gifts with same-day express delivery in Lebanon, UAE, and Cyprus. Premium arrangements from Presentail.",127,No,2,Wedding Flowers in Kesserwan | Presentail | Wedding Flowers in Kesserwan | Presentail,Yes,No,1,None,en,Online Flower & Gift Delivery | Presentail,"Send flowers, cakes and gifts with same-day express delivery in Lebanon, UAE, and Cyprus. Premium arrangements from Presentail.",https://presentail.com/,https://presentail.com/opengraph.jpg,Yes,,None,en-LB:https://presentail.com/en-lb/beirut/weddings | ar-LB:https://presentail.com/ar-lb/beirut/weddings | fr-LB:https://presentail.com/fr-lb/beirut/weddings | en-AE:https://presentail.com/en-ae/dubai/weddings | ar-AE:https://presentail.com/ar-ae/dubai/weddings | fr-AE:https://presentail.com/fr-ae/dubai/weddings | en-CY:https://presentail.com/en-cy/limassol/weddings | ar-CY:https://presentail.com/ar-cy/limassol/weddings | fr-CY:https://presentail.com/fr-cy/limassol/weddings | x-default:https://presentail.com/en-lb/beirut/weddings,None,Yes,179,17612,7.2%,6,0,Yes,No,No,No,https://presentail.com/en-lb/kesserwan/weddings.md,200,text/markdown; charset=utf-8,Yes,Yes,"<https://presentail.com/en-lb/kesserwan/weddings>; rel=""canonical""; type=""text/html""",Yes,No,Low,Multiple H1
https://presentail.com/en-lb/kesserwan/corporate,other,en,LB,kesserwan,2026-07-22,200,200,https://presentail.com/en-lb/kesserwan/corporate,0,https://presentail.com/en-lb/kesserwan/corporate [200],215,text/html; charset=utf-8,,Yes,,"index, follow",https://presentail.com/en-lb/kesserwan/corporate,200,Yes,No,Corporate Gifting in Kesserwan | Presentail,43,No,"Send flowers, cakes and gifts with same-day express delivery in Lebanon, UAE, and Cyprus. Premium arrangements from Presentail.",127,No,2,Corporate Gifting in Kesserwan | Presentail | Corporate Gifting in Kesserwan | Presentail,Yes,No,1,None,en,Online Flower & Gift Delivery | Presentail,"Send flowers, cakes and gifts with same-day express delivery in Lebanon, UAE, and Cyprus. Premium arrangements from Presentail.",https://presentail.com/,https://presentail.com/opengraph.jpg,Yes,,None,en-LB:https://presentail.com/en-lb/beirut/corporate | ar-LB:https://presentail.com/ar-lb/beirut/corporate | fr-LB:https://presentail.com/fr-lb/beirut/corporate | en-AE:https://presentail.com/en-ae/dubai/corporate | ar-AE:https://presentail.com/ar-ae/dubai/corporate | fr-AE:https://presentail.com/fr-ae/dubai/corporate | en-CY:https://presentail.com/en-cy/limassol/corporate | ar-CY:https://presentail.com/ar-cy/limassol/corporate | fr-CY:https://presentail.com/fr-cy/limassol/corporate | x-default:https://presentail.com/en-lb/beirut/corporate,None,Yes,170,17543,6.9%,6,0,Yes,No,No,No,https://presentail.com/en-lb/kesserwan/corporate.md,200,text/markdown; charset=utf-8,Yes,Yes,"<https://presentail.com/en-lb/kesserwan/corporate>; rel=""canonical""; type=""text/html""",Yes,No,Low,Multiple H1
https://presentail.com/en-lb/koura,homepage,en,LB,koura,2026-07-22,200,200,https://presentail.com/en-lb/koura,0,https://presentail.com/en-lb/koura [200],216,text/html; charset=utf-8,,Yes,,"index, follow",https://presentail.com/en-lb/koura,200,Yes,No,Flower & Gift Delivery in Koura | Presentail,44,No,"Send flowers, cakes and gifts with same-day express delivery in Lebanon, UAE, and Cyprus. Premium arrangements from Presentail.",127,No,2,Flower & Gift Delivery in Koura | Presentail | Flower & Gift Delivery in Koura | Presentail,Yes,No,2,None,en,Online Flower & Gift Delivery | Presentail,"Send flowers, cakes and gifts with same-day express delivery in Lebanon, UAE, and Cyprus. Premium arrangements from Presentail.",https://presentail.com/,https://presentail.com/opengraph.jpg,Yes,,None,en-LB:https://presentail.com/en-lb/beirut | ar-LB:https://presentail.com/ar-lb/beirut | fr-LB:https://presentail.com/fr-lb/beirut | en-AE:https://presentail.com/en-ae/dubai | ar-AE:https://presentail.com/ar-ae/dubai | fr-AE:https://presentail.com/fr-ae/dubai | en-CY:https://presentail.com/en-cy/limassol | ar-CY:https://presentail.com/ar-cy/limassol | fr-CY:https://presentail.com/fr-cy/limassol | x-default:https://presentail.com/en-lb/beirut,None,Yes,241,20304,9.7%,12,0,Yes,No,No,No,https://presentail.com/en-lb/koura.md,200,text/markdown; charset=utf-8,Yes,Yes,"<https://presentail.com/en-lb/koura>; rel=""canonical""; type=""text/html""",Yes,No,Low,Multiple H1
https://presentail.com/en-lb/koura/brands,other,en,LB,koura,2026-07-22,200,200,https://presentail.com/en-lb/koura/brands,0,https://presentail.com/en-lb/koura/brands [200],192,text/html; charset=utf-8,,Yes,,"index, follow",https://presentail.com/en-lb/koura/brands,200,Yes,No,Partner Brands in Koura | Presentail,36,No,"Send flowers, cakes and gifts with same-day express delivery in Lebanon, UAE, and Cyprus. Premium arrangements from Presentail.",127,No,2,Partner Brands in Koura | Presentail | Partner Brands in Koura | Presentail,Yes,No,1,None,en,Online Flower & Gift Delivery | Presentail,"Send flowers, cakes and gifts with same-day express delivery in Lebanon, UAE, and Cyprus. Premium arrangements from Presentail.",https://presentail.com/,https://presentail.com/opengraph.jpg,Yes,,None,en-LB:https://presentail.com/en-lb/beirut/brands | ar-LB:https://presentail.com/ar-lb/beirut/brands | fr-LB:https://presentail.com/fr-lb/beirut/brands | en-AE:https://presentail.com/en-ae/dubai/brands | ar-AE:https://presentail.com/ar-ae/dubai/brands | fr-AE:https://presentail.com/fr-ae/dubai/brands | en-CY:https://presentail.com/en-cy/limassol/brands | ar-CY:https://presentail.com/ar-cy/limassol/brands | fr-CY:https://presentail.com/fr-cy/limassol/brands | x-default:https://presentail.com/en-lb/beirut/brands,None,Yes,145,16926,6.1%,6,0,Yes,No,No,No,https://presentail.com/en-lb/koura/brands.md,200,text/markdown; charset=utf-8,Yes,Yes,"<https://presentail.com/en-lb/koura/brands>; rel=""canonical""; type=""text/html""",Yes,No,Low,Multiple H1
https://presentail.com/en-lb/koura/occasions,occasion,en,LB,koura,2026-07-22,200,200,https://presentail.com/en-lb/koura/occasions,0,https://presentail.com/en-lb/koura/occasions [200],228,text/html; charset=utf-8,,Yes,,"index, follow",https://presentail.com/en-lb/koura/occasions,200,Yes,No,Shop by Occasion in Koura | Presentail,38,No,"Send flowers, cakes and gifts with same-day express delivery in Lebanon, UAE, and Cyprus. Premium arrangements from Presentail.",127,No,2,Shop by Occasion in Koura | Presentail | Shop by Occasion in Koura | Presentail,Yes,No,1,None,en,Online Flower & Gift Delivery | Presentail,"Send flowers, cakes and gifts with same-day express delivery in Lebanon, UAE, and Cyprus. Premium arrangements from Presentail.",https://presentail.com/,https://presentail.com/opengraph.jpg,Yes,,None,en-LB:https://presentail.com/en-lb/beirut/occasions | ar-LB:https://presentail.com/ar-lb/beirut/occasions | fr-LB:https://presentail.com/fr-lb/beirut/occasions | en-AE:https://presentail.com/en-ae/dubai/occasions | ar-AE:https://presentail.com/ar-ae/dubai/occasions | fr-AE:https://presentail.com/fr-ae/dubai/occasions | en-CY:https://presentail.com/en-cy/limassol/occasions | ar-CY:https://presentail.com/ar-cy/limassol/occasions | fr-CY:https://presentail.com/fr-cy/limassol/occasions | x-default:https://presentail.com/en-lb/beirut/occasions,None,Yes,175,17279,6.8%,6,0,Yes,No,No,No,https://presentail.com/en-lb/koura/occasions.md,200,text/markdown; charset=utf-8,Yes,Yes,"<https://presentail.com/en-lb/koura/occasions>; rel=""canonical""; type=""text/html""",Yes,No,Low,Multiple H1
https://presentail.com/en-lb/koura/contact,info,en,LB,koura,2026-07-22,200,200,https://presentail.com/en-lb/koura/contact,0,https://presentail.com/en-lb/koura/contact [200],192,text/html; charset=utf-8,,Yes,,"index, follow",https://presentail.com/en-lb/koura/contact,200,Yes,No,Contact Presentail in Koura | Gift Delivery Help,48,No,"Send flowers, cakes and gifts with same-day express delivery in Lebanon, UAE, and Cyprus. Premium arrangements from Presentail.",127,No,2,Contact Presentail in Koura | Gift Delivery Help | Contact Presentail in Koura | Gift Delivery Help,Yes,No,1,None,en,Online Flower & Gift Delivery | Presentail,"Send flowers, cakes and gifts with same-day express delivery in Lebanon, UAE, and Cyprus. Premium arrangements from Presentail.",https://presentail.com/,https://presentail.com/opengraph.jpg,Yes,,None,en-LB:https://presentail.com/en-lb/beirut/contact | ar-LB:https://presentail.com/ar-lb/beirut/contact | fr-LB:https://presentail.com/fr-lb/beirut/contact | en-AE:https://presentail.com/en-ae/dubai/contact | ar-AE:https://presentail.com/ar-ae/dubai/contact | fr-AE:https://presentail.com/fr-ae/dubai/contact | en-CY:https://presentail.com/en-cy/limassol/contact | ar-CY:https://presentail.com/ar-cy/limassol/contact | fr-CY:https://presentail.com/fr-cy/limassol/contact | x-default:https://presentail.com/en-lb/beirut/contact,None,Yes,187,17727,6.6%,6,0,Yes,No,No,No,https://presentail.com/en-lb/koura/contact.md,200,text/markdown; charset=utf-8,Yes,Yes,"<https://presentail.com/en-lb/koura/contact>; rel=""canonical""; type=""text/html""",Yes,No,Low,Multiple H1
https://presentail.com/en-lb/koura/faqs,info,en,LB,koura,2026-07-22,200,200,https://presentail.com/en-lb/koura/faqs,0,https://presentail.com/en-lb/koura/faqs [200],187,text/html; charset=utf-8,,Yes,,"index, follow",https://presentail.com/en-lb/koura/faqs,200,Yes,No,Flower Delivery FAQs in Koura | Presentail,42,No,"Send flowers, cakes and gifts with same-day express delivery in Lebanon, UAE, and Cyprus. Premium arrangements from Presentail.",127,No,2,Flower Delivery FAQs in Koura | Presentail | Flower Delivery FAQs in Koura | Presentail,Yes,No,1,None,en,Online Flower & Gift Delivery | Presentail,"Send flowers, cakes and gifts with same-day express delivery in Lebanon, UAE, and Cyprus. Premium arrangements from Presentail.",https://presentail.com/,https://presentail.com/opengraph.jpg,Yes,,None,en-LB:https://presentail.com/en-lb/beirut/faqs | ar-LB:https://presentail.com/ar-lb/beirut/faqs | fr-LB:https://presentail.com/fr-lb/beirut/faqs | en-AE:https://presentail.com/en-ae/dubai/faqs | ar-AE:https://presentail.com/ar-ae/dubai/faqs | fr-AE:https://presentail.com/fr-ae/dubai/faqs | en-CY:https://presentail.com/en-cy/limassol/faqs | ar-CY:https://presentail.com/ar-cy/limassol/faqs | fr-CY:https://presentail.com/fr-cy/limassol/faqs | x-default:https://presentail.com/en-lb/beirut/faqs,None,Yes,147,19364,5.2%,6,0,Yes,No,No,No,https://presentail.com/en-lb/koura/faqs.md,200,text/markdown; charset=utf-8,Yes,Yes,"<https://presentail.com/en-lb/koura/faqs>; rel=""canonical""; type=""text/html""",Yes,No,Low,Multiple H1
https://presentail.com/en-lb/koura/weddings,other,en,LB,koura,2026-07-22,200,200,https://presentail.com/en-lb/koura/weddings,0,https://presentail.com/en-lb/koura/weddings [200],200,text/html; charset=utf-8,,Yes,,"index, follow",https://presentail.com/en-lb/koura/weddings,200,Yes,No,Wedding Flowers in Koura | Presentail,37,No,"Send flowers, cakes and gifts with same-day express delivery in Lebanon, UAE, and Cyprus. Premium arrangements from Presentail.",127,No,2,Wedding Flowers in Koura | Presentail | Wedding Flowers in Koura | Presentail,Yes,No,1,None,en,Online Flower & Gift Delivery | Presentail,"Send flowers, cakes and gifts with same-day express delivery in Lebanon, UAE, and Cyprus. Premium arrangements from Presentail.",https://presentail.com/,https://presentail.com/opengraph.jpg,Yes,,None,en-LB:https://presentail.com/en-lb/beirut/weddings | ar-LB:https://presentail.com/ar-lb/beirut/weddings | fr-LB:https://presentail.com/fr-lb/beirut/weddings | en-AE:https://presentail.com/en-ae/dubai/weddings | ar-AE:https://presentail.com/ar-ae/dubai/weddings | fr-AE:https://presentail.com/fr-ae/dubai/weddings | en-CY:https://presentail.com/en-cy/limassol/weddings | ar-CY:https://presentail.com/ar-cy/limassol/weddings | fr-CY:https://presentail.com/fr-cy/limassol/weddings | x-default:https://presentail.com/en-lb/beirut/weddings,None,Yes,179,17484,7.0%,6,0,Yes,No,No,No,https://presentail.com/en-lb/koura/weddings.md,200,text/markdown; charset=utf-8,Yes,Yes,"<https://presentail.com/en-lb/koura/weddings>; rel=""canonical""; type=""text/html""",Yes,No,Low,Multiple H1
https://presentail.com/en-lb/koura/corporate,other,en,LB,koura,2026-07-22,200,200,https://presentail.com/en-lb/koura/corporate,0,https://presentail.com/en-lb/koura/corporate [200],284,text/html; charset=utf-8,,Yes,,"index, follow",https://presentail.com/en-lb/koura/corporate,200,Yes,No,Corporate Gifting in Koura | Presentail,39,No,"Send flowers, cakes and gifts with same-day express delivery in Lebanon, UAE, and Cyprus. Premium arrangements from Presentail.",127,No,2,Corporate Gifting in Koura | Presentail | Corporate Gifting in Koura | Presentail,Yes,No,1,None,en,Online Flower & Gift Delivery | Presentail,"Send flowers, cakes and gifts with same-day express delivery in Lebanon, UAE, and Cyprus. Premium arrangements from Presentail.",https://presentail.com/,https://presentail.com/opengraph.jpg,Yes,,None,en-LB:https://presentail.com/en-lb/beirut/corporate | ar-LB:https://presentail.com/ar-lb/beirut/corporate | fr-LB:https://presentail.com/fr-lb/beirut/corporate | en-AE:https://presentail.com/en-ae/dubai/corporate | ar-AE:https://presentail.com/ar-ae/dubai/corporate | fr-AE:https://presentail.com/fr-ae/dubai/corporate | en-CY:https://presentail.com/en-cy/limassol/corporate | ar-CY:https://presentail.com/ar-cy/limassol/corporate | fr-CY:https://presentail.com/fr-cy/limassol/corporate | x-default:https://presentail.com/en-lb/beirut/corporate,None,Yes,170,17431,6.8%,6,0,Yes,No,No,No,https://presentail.com/en-lb/koura/corporate.md,200,text/markdown; charset=utf-8,Yes,Yes,"<https://presentail.com/en-lb/koura/corporate>; rel=""canonical""; type=""text/html""",Yes,No,Low,Multiple H1
https://presentail.com/en-lb/marjayoun,homepage,en,LB,marjayoun,2026-07-22,200,200,https://presentail.com/en-lb/marjayoun,0,https://presentail.com/en-lb/marjayoun [200],289,text/html; charset=utf-8,,Yes,,"index, follow",https://presentail.com/en-lb/marjayoun,200,Yes,No,Flower & Gift Delivery in Marjayoun | Presentail,48,No,"Send flowers, cakes and gifts with same-day express delivery in Lebanon, UAE, and Cyprus. Premium arrangements from Presentail.",127,No,2,Flower & Gift Delivery in Marjayoun | Presentail | Flower & Gift Delivery in Marjayoun | Presentail,Yes,No,2,None,en,Online Flower & Gift Delivery | Presentail,"Send flowers, cakes and gifts with same-day express delivery in Lebanon, UAE, and Cyprus. Premium arrangements from Presentail.",https://presentail.com/,https://presentail.com/opengraph.jpg,Yes,,None,en-LB:https://presentail.com/en-lb/beirut | ar-LB:https://presentail.com/ar-lb/beirut | fr-LB:https://presentail.com/fr-lb/beirut | en-AE:https://presentail.com/en-ae/dubai | ar-AE:https://presentail.com/ar-ae/dubai | fr-AE:https://presentail.com/fr-ae/dubai | en-CY:https://presentail.com/en-cy/limassol | ar-CY:https://presentail.com/ar-cy/limassol | fr-CY:https://presentail.com/fr-cy/limassol | x-default:https://presentail.com/en-lb/beirut,None,Yes,241,20485,9.9%,12,0,Yes,No,No,No,https://presentail.com/en-lb/marjayoun.md,200,text/markdown; charset=utf-8,Yes,Yes,"<https://presentail.com/en-lb/marjayoun>; rel=""canonical""; type=""text/html""",Yes,No,Low,Multiple H1
https://presentail.com/en-lb/marjayoun/brands,other,en,LB,marjayoun,2026-07-22,200,200,https://presentail.com/en-lb/marjayoun/brands,0,https://presentail.com/en-lb/marjayoun/brands [200],265,text/html; charset=utf-8,,Yes,,"index, follow",https://presentail.com/en-lb/marjayoun/brands,200,Yes,No,Partner Brands in Marjayoun | Presentail,40,No,"Send flowers, cakes and gifts with same-day express delivery in Lebanon, UAE, and Cyprus. Premium arrangements from Presentail.",127,No,2,Partner Brands in Marjayoun | Presentail | Partner Brands in Marjayoun | Presentail,Yes,No,1,None,en,Online Flower & Gift Delivery | Presentail,"Send flowers, cakes and gifts with same-day express delivery in Lebanon, UAE, and Cyprus. Premium arrangements from Presentail.",https://presentail.com/,https://presentail.com/opengraph.jpg,Yes,,None,en-LB:https://presentail.com/en-lb/beirut/brands | ar-LB:https://presentail.com/ar-lb/beirut/brands | fr-LB:https://presentail.com/fr-lb/beirut/brands | en-AE:https://presentail.com/en-ae/dubai/brands | ar-AE:https://presentail.com/ar-ae/dubai/brands | fr-AE:https://presentail.com/fr-ae/dubai/brands | en-CY:https://presentail.com/en-cy/limassol/brands | ar-CY:https://presentail.com/ar-cy/limassol/brands | fr-CY:https://presentail.com/fr-cy/limassol/brands | x-default:https://presentail.com/en-lb/beirut/brands,None,Yes,145,17038,6.2%,6,0,Yes,No,No,No,https://presentail.com/en-lb/marjayoun/brands.md,200,text/markdown; charset=utf-8,Yes,Yes,"<https://presentail.com/en-lb/marjayoun/brands>; rel=""canonical""; type=""text/html""",Yes,No,Low,Multiple H1
https://presentail.com/en-lb/marjayoun/occasions,occasion,en,LB,marjayoun,2026-07-22,200,200,https://presentail.com/en-lb/marjayoun/occasions,0,https://presentail.com/en-lb/marjayoun/occasions [200],563,text/html; charset=utf-8,,Yes,,"index, follow",https://presentail.com/en-lb/marjayoun/occasions,200,Yes,No,Shop by Occasion in Marjayoun | Presentail,42,No,"Send flowers, cakes and gifts with same-day express delivery in Lebanon, UAE, and Cyprus. Premium arrangements from Presentail.",127,No,2,Shop by Occasion in Marjayoun | Presentail | Shop by Occasion in Marjayoun | Presentail,Yes,No,1,None,en,Online Flower & Gift Delivery | Presentail,"Send flowers, cakes and gifts with same-day express delivery in Lebanon, UAE, and Cyprus. Premium arrangements from Presentail.",https://presentail.com/,https://presentail.com/opengraph.jpg,Yes,,None,en-LB:https://presentail.com/en-lb/beirut/occasions | ar-LB:https://presentail.com/ar-lb/beirut/occasions | fr-LB:https://presentail.com/fr-lb/beirut/occasions | en-AE:https://presentail.com/en-ae/dubai/occasions | ar-AE:https://presentail.com/ar-ae/dubai/occasions | fr-AE:https://presentail.com/fr-ae/dubai/occasions | en-CY:https://presentail.com/en-cy/limassol/occasions | ar-CY:https://presentail.com/ar-cy/limassol/occasions | fr-CY:https://presentail.com/fr-cy/limassol/occasions | x-default:https://presentail.com/en-lb/beirut/occasions,None,Yes,175,17399,6.9%,6,0,Yes,No,No,No,https://presentail.com/en-lb/marjayoun/occasions.md,200,text/markdown; charset=utf-8,Yes,Yes,"<https://presentail.com/en-lb/marjayoun/occasions>; rel=""canonical""; type=""text/html""",Yes,No,Low,Multiple H1
https://presentail.com/en-lb/marjayoun/contact,info,en,LB,marjayoun,2026-07-22,200,200,https://presentail.com/en-lb/marjayoun/contact,0,https://presentail.com/en-lb/marjayoun/contact [200],276,text/html; charset=utf-8,,Yes,,"index, follow",https://presentail.com/en-lb/marjayoun/contact,200,Yes,No,Contact Presentail in Marjayoun | Gift Delivery Help,52,No,"Send flowers, cakes and gifts with same-day express delivery in Lebanon, UAE, and Cyprus. Premium arrangements from Presentail.",127,No,2,Contact Presentail in Marjayoun | Gift Delivery Help | Contact Presentail in Marjayoun | Gift Delivery Help,Yes,No,1,None,en,Online Flower & Gift Delivery | Presentail,"Send flowers, cakes and gifts with same-day express delivery in Lebanon, UAE, and Cyprus. Premium arrangements from Presentail.",https://presentail.com/,https://presentail.com/opengraph.jpg,Yes,,None,en-LB:https://presentail.com/en-lb/beirut/contact | ar-LB:https://presentail.com/ar-lb/beirut/contact | fr-LB:https://presentail.com/fr-lb/beirut/contact | en-AE:https://presentail.com/en-ae/dubai/contact | ar-AE:https://presentail.com/ar-ae/dubai/contact | fr-AE:https://presentail.com/fr-ae/dubai/contact | en-CY:https://presentail.com/en-cy/limassol/contact | ar-CY:https://presentail.com/ar-cy/limassol/contact | fr-CY:https://presentail.com/fr-cy/limassol/contact | x-default:https://presentail.com/en-lb/beirut/contact,None,Yes,187,17835,6.7%,6,0,Yes,No,No,No,https://presentail.com/en-lb/marjayoun/contact.md,200,text/markdown; charset=utf-8,Yes,Yes,"<https://presentail.com/en-lb/marjayoun/contact>; rel=""canonical""; type=""text/html""",Yes,No,Low,Multiple H1
https://presentail.com/en-lb/marjayoun/faqs,info,en,LB,marjayoun,2026-07-22,200,200,https://presentail.com/en-lb/marjayoun/faqs,0,https://presentail.com/en-lb/marjayoun/faqs [200],288,text/html; charset=utf-8,,Yes,,"index, follow",https://presentail.com/en-lb/marjayoun/faqs,200,Yes,No,Flower Delivery FAQs in Marjayoun | Presentail,46,No,"Send flowers, cakes and gifts with same-day express delivery in Lebanon, UAE, and Cyprus. Premium arrangements from Presentail.",127,No,2,Flower Delivery FAQs in Marjayoun | Presentail | Flower Delivery FAQs in Marjayoun | Presentail,Yes,No,1,None,en,Online Flower & Gift Delivery | Presentail,"Send flowers, cakes and gifts with same-day express delivery in Lebanon, UAE, and Cyprus. Premium arrangements from Presentail.",https://presentail.com/,https://presentail.com/opengraph.jpg,Yes,,None,en-LB:https://presentail.com/en-lb/beirut/faqs | ar-LB:https://presentail.com/ar-lb/beirut/faqs | fr-LB:https://presentail.com/fr-lb/beirut/faqs | en-AE:https://presentail.com/en-ae/dubai/faqs | ar-AE:https://presentail.com/ar-ae/dubai/faqs | fr-AE:https://presentail.com/fr-ae/dubai/faqs | en-CY:https://presentail.com/en-cy/limassol/faqs | ar-CY:https://presentail.com/ar-cy/limassol/faqs | fr-CY:https://presentail.com/fr-cy/limassol/faqs | x-default:https://presentail.com/en-lb/beirut/faqs,None,Yes,147,19444,5.3%,6,0,Yes,No,No,No,https://presentail.com/en-lb/marjayoun/faqs.md,200,text/markdown; charset=utf-8,Yes,Yes,"<https://presentail.com/en-lb/marjayoun/faqs>; rel=""canonical""; type=""text/html""",Yes,No,Low,Multiple H1
https://presentail.com/en-lb/marjayoun/weddings,other,en,LB,marjayoun,2026-07-22,200,200,https://presentail.com/en-lb/marjayoun/weddings,0,https://presentail.com/en-lb/marjayoun/weddings [200],212,text/html; charset=utf-8,,Yes,,"index, follow",https://presentail.com/en-lb/marjayoun/weddings,200,Yes,No,Wedding Flowers in Marjayoun | Presentail,41,No,"Send flowers, cakes and gifts with same-day express delivery in Lebanon, UAE, and Cyprus. Premium arrangements from Presentail.",127,No,2,Wedding Flowers in Marjayoun | Presentail | Wedding Flowers in Marjayoun | Presentail,Yes,No,1,None,en,Online Flower & Gift Delivery | Presentail,"Send flowers, cakes and gifts with same-day express delivery in Lebanon, UAE, and Cyprus. Premium arrangements from Presentail.",https://presentail.com/,https://presentail.com/opengraph.jpg,Yes,,None,en-LB:https://presentail.com/en-lb/beirut/weddings | ar-LB:https://presentail.com/ar-lb/beirut/weddings | fr-LB:https://presentail.com/fr-lb/beirut/weddings | en-AE:https://presentail.com/en-ae/dubai/weddings | ar-AE:https://presentail.com/ar-ae/dubai/weddings | fr-AE:https://presentail.com/fr-ae/dubai/weddings | en-CY:https://presentail.com/en-cy/limassol/weddings | ar-CY:https://presentail.com/ar-cy/limassol/weddings | fr-CY:https://presentail.com/fr-cy/limassol/weddings | x-default:https://presentail.com/en-lb/beirut/weddings,None,Yes,179,17612,7.2%,6,0,Yes,No,No,No,https://presentail.com/en-lb/marjayoun/weddings.md,200,text/markdown; charset=utf-8,Yes,Yes,"<https://presentail.com/en-lb/marjayoun/weddings>; rel=""canonical""; type=""text/html""",Yes,No,Low,Multiple H1
https://presentail.com/en-lb/marjayoun/corporate,other,en,LB,marjayoun,2026-07-22,200,200,https://presentail.com/en-lb/marjayoun/corporate,0,https://presentail.com/en-lb/marjayoun/corporate [200],213,text/html; charset=utf-8,,Yes,,"index, follow",https://presentail.com/en-lb/marjayoun/corporate,200,Yes,No,Corporate Gifting in Marjayoun | Presentail,43,No,"Send flowers, cakes and gifts with same-day express delivery in Lebanon, UAE, and Cyprus. Premium arrangements from Presentail.",127,No,2,Corporate Gifting in Marjayoun | Presentail | Corporate Gifting in Marjayoun | Presentail,Yes,No,1,None,en,Online Flower & Gift Delivery | Presentail,"Send flowers, cakes and gifts with same-day express delivery in Lebanon, UAE, and Cyprus. Premium arrangements from Presentail.",https://presentail.com/,https://presentail.com/opengraph.jpg,Yes,,None,en-LB:https://presentail.com/en-lb/beirut/corporate | ar-LB:https://presentail.com/ar-lb/beirut/corporate | fr-LB:https://presentail.com/fr-lb/beirut/corporate | en-AE:https://presentail.com/en-ae/dubai/corporate | ar-AE:https://presentail.com/ar-ae/dubai/corporate | fr-AE:https://presentail.com/fr-ae/dubai/corporate | en-CY:https://presentail.com/en-cy/limassol/corporate | ar-CY:https://presentail.com/ar-cy/limassol/corporate | fr-CY:https://presentail.com/fr-cy/limassol/corporate | x-default:https://presentail.com/en-lb/beirut/corporate,None,Yes,170,17543,6.9%,6,0,Yes,No,No,No,https://presentail.com/en-lb/marjayoun/corporate.md,200,text/markdown; charset=utf-8,Yes,Yes,"<https://presentail.com/en-lb/marjayoun/corporate>; rel=""canonical""; type=""text/html""",Yes,No,Low,Multiple H1
https://presentail.com/en-lb/metn,homepage,en,LB,metn,2026-07-22,200,200,https://presentail.com/en-lb/metn,0,https://presentail.com/en-lb/metn [200],222,text/html; charset=utf-8,,Yes,,"index, follow",https://presentail.com/en-lb/metn,200,Yes,No,Flower & Gift Delivery in Metn | Presentail,43,No,"Send flowers, cakes and gifts with same-day express delivery in Lebanon, UAE, and Cyprus. Premium arrangements from Presentail.",127,No,2,Flower & Gift Delivery in Metn | Presentail | Flower & Gift Delivery in Metn | Presentail,Yes,No,2,None,en,Online Flower & Gift Delivery | Presentail,"Send flowers, cakes and gifts with same-day express delivery in Lebanon, UAE, and Cyprus. Premium arrangements from Presentail.",https://presentail.com/,https://presentail.com/opengraph.jpg,Yes,,None,en-LB:https://presentail.com/en-lb/beirut | ar-LB:https://presentail.com/ar-lb/beirut | fr-LB:https://presentail.com/fr-lb/beirut | en-AE:https://presentail.com/en-ae/dubai | ar-AE:https://presentail.com/ar-ae/dubai | fr-AE:https://presentail.com/fr-ae/dubai | en-CY:https://presentail.com/en-cy/limassol | ar-CY:https://presentail.com/ar-cy/limassol | fr-CY:https://presentail.com/fr-cy/limassol | x-default:https://presentail.com/en-lb/beirut,None,Yes,238,20258,9.7%,12,0,Yes,No,No,No,https://presentail.com/en-lb/metn.md,200,text/markdown; charset=utf-8,Yes,Yes,"<https://presentail.com/en-lb/metn>; rel=""canonical""; type=""text/html""",Yes,No,Low,Multiple H1
https://presentail.com/en-lb/metn/brands,other,en,LB,metn,2026-07-22,200,200,https://presentail.com/en-lb/metn/brands,0,https://presentail.com/en-lb/metn/brands [200],282,text/html; charset=utf-8,,Yes,,"index, follow",https://presentail.com/en-lb/metn/brands,200,Yes,No,Partner Brands in Metn | Presentail,35,No,"Send flowers, cakes and gifts with same-day express delivery in Lebanon, UAE, and Cyprus. Premium arrangements from Presentail.",127,No,2,Partner Brands in Metn | Presentail | Partner Brands in Metn | Presentail,Yes,No,1,None,en,Online Flower & Gift Delivery | Presentail,"Send flowers, cakes and gifts with same-day express delivery in Lebanon, UAE, and Cyprus. Premium arrangements from Presentail.",https://presentail.com/,https://presentail.com/opengraph.jpg,Yes,,None,en-LB:https://presentail.com/en-lb/beirut/brands | ar-LB:https://presentail.com/ar-lb/beirut/brands | fr-LB:https://presentail.com/fr-lb/beirut/brands | en-AE:https://presentail.com/en-ae/dubai/brands | ar-AE:https://presentail.com/ar-ae/dubai/brands | fr-AE:https://presentail.com/fr-ae/dubai/brands | en-CY:https://presentail.com/en-cy/limassol/brands | ar-CY:https://presentail.com/ar-cy/limassol/brands | fr-CY:https://presentail.com/fr-cy/limassol/brands | x-default:https://presentail.com/en-lb/beirut/brands,None,Yes,145,16898,6.0%,6,0,Yes,No,No,No,https://presentail.com/en-lb/metn/brands.md,200,text/markdown; charset=utf-8,Yes,Yes,"<https://presentail.com/en-lb/metn/brands>; rel=""canonical""; type=""text/html""",Yes,No,Low,Multiple H1
https://presentail.com/en-lb/metn/occasions,occasion,en,LB,metn,2026-07-22,200,200,https://presentail.com/en-lb/metn/occasions,0,https://presentail.com/en-lb/metn/occasions [200],288,text/html; charset=utf-8,,Yes,,"index, follow",https://presentail.com/en-lb/metn/occasions,200,Yes,No,Shop by Occasion in Metn | Presentail,37,No,"Send flowers, cakes and gifts with same-day express delivery in Lebanon, UAE, and Cyprus. Premium arrangements from Presentail.",127,No,2,Shop by Occasion in Metn | Presentail | Shop by Occasion in Metn | Presentail,Yes,No,1,None,en,Online Flower & Gift Delivery | Presentail,"Send flowers, cakes and gifts with same-day express delivery in Lebanon, UAE, and Cyprus. Premium arrangements from Presentail.",https://presentail.com/,https://presentail.com/opengraph.jpg,Yes,,None,en-LB:https://presentail.com/en-lb/beirut/occasions | ar-LB:https://presentail.com/ar-lb/beirut/occasions | fr-LB:https://presentail.com/fr-lb/beirut/occasions | en-AE:https://presentail.com/en-ae/dubai/occasions | ar-AE:https://presentail.com/ar-ae/dubai/occasions | fr-AE:https://presentail.com/fr-ae/dubai/occasions | en-CY:https://presentail.com/en-cy/limassol/occasions | ar-CY:https://presentail.com/ar-cy/limassol/occasions | fr-CY:https://presentail.com/fr-cy/limassol/occasions | x-default:https://presentail.com/en-lb/beirut/occasions,None,Yes,175,17249,6.8%,6,0,Yes,No,No,No,https://presentail.com/en-lb/metn/occasions.md,200,text/markdown; charset=utf-8,Yes,Yes,"<https://presentail.com/en-lb/metn/occasions>; rel=""canonical""; type=""text/html""",Yes,No,Low,Multiple H1
https://presentail.com/en-lb/metn/contact,info,en,LB,metn,2026-07-22,200,200,https://presentail.com/en-lb/metn/contact,0,https://presentail.com/en-lb/metn/contact [200],288,text/html; charset=utf-8,,Yes,,"index, follow",https://presentail.com/en-lb/metn/contact,200,Yes,No,Contact Presentail in Metn | Gift Delivery Help,47,No,"Send flowers, cakes and gifts with same-day express delivery in Lebanon, UAE, and Cyprus. Premium arrangements from Presentail.",127,No,2,Contact Presentail in Metn | Gift Delivery Help | Contact Presentail in Metn | Gift Delivery Help,Yes,No,1,None,en,Online Flower & Gift Delivery | Presentail,"Send flowers, cakes and gifts with same-day express delivery in Lebanon, UAE, and Cyprus. Premium arrangements from Presentail.",https://presentail.com/,https://presentail.com/opengraph.jpg,Yes,,None,en-LB:https://presentail.com/en-lb/beirut/contact | ar-LB:https://presentail.com/ar-lb/beirut/contact | fr-LB:https://presentail.com/fr-lb/beirut/contact | en-AE:https://presentail.com/en-ae/dubai/contact | ar-AE:https://presentail.com/ar-ae/dubai/contact | fr-AE:https://presentail.com/fr-ae/dubai/contact | en-CY:https://presentail.com/en-cy/limassol/contact | ar-CY:https://presentail.com/ar-cy/limassol/contact | fr-CY:https://presentail.com/fr-cy/limassol/contact | x-default:https://presentail.com/en-lb/beirut/contact,None,Yes,187,17700,6.6%,6,0,Yes,No,No,No,https://presentail.com/en-lb/metn/contact.md,200,text/markdown; charset=utf-8,Yes,Yes,"<https://presentail.com/en-lb/metn/contact>; rel=""canonical""; type=""text/html""",Yes,No,Low,Multiple H1
https://presentail.com/en-lb/metn/faqs,info,en,LB,metn,2026-07-22,200,200,https://presentail.com/en-lb/metn/faqs,0,https://presentail.com/en-lb/metn/faqs [200],291,text/html; charset=utf-8,,Yes,,"index, follow",https://presentail.com/en-lb/metn/faqs,200,Yes,No,Flower Delivery FAQs in Metn | Presentail,41,No,"Send flowers, cakes and gifts with same-day express delivery in Lebanon, UAE, and Cyprus. Premium arrangements from Presentail.",127,No,2,Flower Delivery FAQs in Metn | Presentail | Flower Delivery FAQs in Metn | Presentail,Yes,No,1,None,en,Online Flower & Gift Delivery | Presentail,"Send flowers, cakes and gifts with same-day express delivery in Lebanon, UAE, and Cyprus. Premium arrangements from Presentail.",https://presentail.com/,https://presentail.com/opengraph.jpg,Yes,,None,en-LB:https://presentail.com/en-lb/beirut/faqs | ar-LB:https://presentail.com/ar-lb/beirut/faqs | fr-LB:https://presentail.com/fr-lb/beirut/faqs | en-AE:https://presentail.com/en-ae/dubai/faqs | ar-AE:https://presentail.com/ar-ae/dubai/faqs | fr-AE:https://presentail.com/fr-ae/dubai/faqs | en-CY:https://presentail.com/en-cy/limassol/faqs | ar-CY:https://presentail.com/ar-cy/limassol/faqs | fr-CY:https://presentail.com/fr-cy/limassol/faqs | x-default:https://presentail.com/en-lb/beirut/faqs,None,Yes,147,19344,5.2%,6,0,Yes,No,No,No,https://presentail.com/en-lb/metn/faqs.md,200,text/markdown; charset=utf-8,Yes,Yes,"<https://presentail.com/en-lb/metn/faqs>; rel=""canonical""; type=""text/html""",Yes,No,Low,Multiple H1
https://presentail.com/en-lb/metn/weddings,other,en,LB,metn,2026-07-22,200,200,https://presentail.com/en-lb/metn/weddings,0,https://presentail.com/en-lb/metn/weddings [200],207,text/html; charset=utf-8,,Yes,,"index, follow",https://presentail.com/en-lb/metn/weddings,200,Yes,No,Wedding Flowers in Metn | Presentail,36,No,"Send flowers, cakes and gifts with same-day express delivery in Lebanon, UAE, and Cyprus. Premium arrangements from Presentail.",127,No,2,Wedding Flowers in Metn | Presentail | Wedding Flowers in Metn | Presentail,Yes,No,1,None,en,Online Flower & Gift Delivery | Presentail,"Send flowers, cakes and gifts with same-day express delivery in Lebanon, UAE, and Cyprus. Premium arrangements from Presentail.",https://presentail.com/,https://presentail.com/opengraph.jpg,Yes,,None,en-LB:https://presentail.com/en-lb/beirut/weddings | ar-LB:https://presentail.com/ar-lb/beirut/weddings | fr-LB:https://presentail.com/fr-lb/beirut/weddings | en-AE:https://presentail.com/en-ae/dubai/weddings | ar-AE:https://presentail.com/ar-ae/dubai/weddings | fr-AE:https://presentail.com/fr-ae/dubai/weddings | en-CY:https://presentail.com/en-cy/limassol/weddings | ar-CY:https://presentail.com/ar-cy/limassol/weddings | fr-CY:https://presentail.com/fr-cy/limassol/weddings | x-default:https://presentail.com/en-lb/beirut/weddings,None,Yes,179,17452,7.0%,6,0,Yes,No,No,No,https://presentail.com/en-lb/metn/weddings.md,200,text/markdown; charset=utf-8,Yes,Yes,"<https://presentail.com/en-lb/metn/weddings>; rel=""canonical""; type=""text/html""",Yes,No,Low,Multiple H1
https://presentail.com/en-lb/metn/corporate,other,en,LB,metn,2026-07-22,200,200,https://presentail.com/en-lb/metn/corporate,0,https://presentail.com/en-lb/metn/corporate [200],294,text/html; charset=utf-8,,Yes,,"index, follow",https://presentail.com/en-lb/metn/corporate,200,Yes,No,Corporate Gifting in Metn | Presentail,38,No,"Send flowers, cakes and gifts with same-day express delivery in Lebanon, UAE, and Cyprus. Premium arrangements from Presentail.",127,No,2,Corporate Gifting in Metn | Presentail | Corporate Gifting in Metn | Presentail,Yes,No,1,None,en,Online Flower & Gift Delivery | Presentail,"Send flowers, cakes and gifts with same-day express delivery in Lebanon, UAE, and Cyprus. Premium arrangements from Presentail.",https://presentail.com/,https://presentail.com/opengraph.jpg,Yes,,None,en-LB:https://presentail.com/en-lb/beirut/corporate | ar-LB:https://presentail.com/ar-lb/beirut/corporate | fr-LB:https://presentail.com/fr-lb/beirut/corporate | en-AE:https://presentail.com/en-ae/dubai/corporate | ar-AE:https://presentail.com/ar-ae/dubai/corporate | fr-AE:https://presentail.com/fr-ae/dubai/corporate | en-CY:https://presentail.com/en-cy/limassol/corporate | ar-CY:https://presentail.com/ar-cy/limassol/corporate | fr-CY:https://presentail.com/fr-cy/limassol/corporate | x-default:https://presentail.com/en-lb/beirut/corporate,None,Yes,170,17403,6.7%,6,0,Yes,No,No,No,https://presentail.com/en-lb/metn/corporate.md,200,text/markdown; charset=utf-8,Yes,Yes,"<https://presentail.com/en-lb/metn/corporate>; rel=""canonical""; type=""text/html""",Yes,No,Low,Multiple H1
https://presentail.com/en-lb/minnieh-dennaya,homepage,en,LB,minnieh-dennaya,2026-07-22,200,200,https://presentail.com/en-lb/minnieh-dennaya,0,https://presentail.com/en-lb/minnieh-dennaya [200],270,text/html; charset=utf-8,,Yes,,"index, follow",https://presentail.com/en-lb/minnieh-dennaya,200,Yes,No,Flower & Gift Delivery in Minnieh-Denniyeh | Presentail,55,No,"Send flowers, cakes and gifts with same-day express delivery in Lebanon, UAE, and Cyprus. Premium arrangements from Presentail.",127,No,2,Flower & Gift Delivery in Minnieh-Denniyeh | Presentail | Flower & Gift Delivery in Minnieh-Denniyeh | Presentail,Yes,No,2,None,en,Online Flower & Gift Delivery | Presentail,"Send flowers, cakes and gifts with same-day express delivery in Lebanon, UAE, and Cyprus. Premium arrangements from Presentail.",https://presentail.com/,https://presentail.com/opengraph.jpg,Yes,,None,en-LB:https://presentail.com/en-lb/beirut | ar-LB:https://presentail.com/ar-lb/beirut | fr-LB:https://presentail.com/fr-lb/beirut | en-AE:https://presentail.com/en-ae/dubai | ar-AE:https://presentail.com/ar-ae/dubai | fr-AE:https://presentail.com/fr-ae/dubai | en-CY:https://presentail.com/en-cy/limassol | ar-CY:https://presentail.com/ar-cy/limassol | fr-CY:https://presentail.com/fr-cy/limassol | x-default:https://presentail.com/en-lb/beirut,None,Yes,246,20750,10.1%,12,0,Yes,No,No,No,https://presentail.com/en-lb/minnieh-dennaya.md,200,text/markdown; charset=utf-8,Yes,Yes,"<https://presentail.com/en-lb/minnieh-dennaya>; rel=""canonical""; type=""text/html""",Yes,No,Low,Multiple H1
https://presentail.com/en-lb/minnieh-dennaya/brands,other,en,LB,minnieh-dennaya,2026-07-22,200,200,https://presentail.com/en-lb/minnieh-dennaya/brands,0,https://presentail.com/en-lb/minnieh-dennaya/brands [200],213,text/html; charset=utf-8,,Yes,,"index, follow",https://presentail.com/en-lb/minnieh-dennaya/brands,200,Yes,No,Partner Brands in Minnieh-Denniyeh | Presentail,47,No,"Send flowers, cakes and gifts with same-day express delivery in Lebanon, UAE, and Cyprus. Premium arrangements from Presentail.",127,No,2,Partner Brands in Minnieh-Denniyeh | Presentail | Partner Brands in Minnieh-Denniyeh | Presentail,Yes,No,1,None,en,Online Flower & Gift Delivery | Presentail,"Send flowers, cakes and gifts with same-day express delivery in Lebanon, UAE, and Cyprus. Premium arrangements from Presentail.",https://presentail.com/,https://presentail.com/opengraph.jpg,Yes,,None,en-LB:https://presentail.com/en-lb/beirut/brands | ar-LB:https://presentail.com/ar-lb/beirut/brands | fr-LB:https://presentail.com/fr-lb/beirut/brands | en-AE:https://presentail.com/en-ae/dubai/brands | ar-AE:https://presentail.com/ar-ae/dubai/brands | fr-AE:https://presentail.com/fr-ae/dubai/brands | en-CY:https://presentail.com/en-cy/limassol/brands | ar-CY:https://presentail.com/ar-cy/limassol/brands | fr-CY:https://presentail.com/fr-cy/limassol/brands | x-default:https://presentail.com/en-lb/beirut/brands,None,Yes,145,17224,6.4%,6,0,Yes,No,No,No,https://presentail.com/en-lb/minnieh-dennaya/brands.md,200,text/markdown; charset=utf-8,Yes,Yes,"<https://presentail.com/en-lb/minnieh-dennaya/brands>; rel=""canonical""; type=""text/html""",Yes,No,Low,Multiple H1
https://presentail.com/en-lb/minnieh-dennaya/occasions,occasion,en,LB,minnieh-dennaya,2026-07-22,200,200,https://presentail.com/en-lb/minnieh-dennaya/occasions,0,https://presentail.com/en-lb/minnieh-dennaya/occasions [200],216,text/html; charset=utf-8,,Yes,,"index, follow",https://presentail.com/en-lb/minnieh-dennaya/occasions,200,Yes,No,Shop by Occasion in Minnieh-Denniyeh | Presentail,49,No,"Send flowers, cakes and gifts with same-day express delivery in Lebanon, UAE, and Cyprus. Premium arrangements from Presentail.",127,No,2,Shop by Occasion in Minnieh-Denniyeh | Presentail | Shop by Occasion in Minnieh-Denniyeh | Presentail,Yes,No,1,None,en,Online Flower & Gift Delivery | Presentail,"Send flowers, cakes and gifts with same-day express delivery in Lebanon, UAE, and Cyprus. Premium arrangements from Presentail.",https://presentail.com/,https://presentail.com/opengraph.jpg,Yes,,None,en-LB:https://presentail.com/en-lb/beirut/occasions | ar-LB:https://presentail.com/ar-lb/beirut/occasions | fr-LB:https://presentail.com/fr-lb/beirut/occasions | en-AE:https://presentail.com/en-ae/dubai/occasions | ar-AE:https://presentail.com/ar-ae/dubai/occasions | fr-AE:https://presentail.com/fr-ae/dubai/occasions | en-CY:https://presentail.com/en-cy/limassol/occasions | ar-CY:https://presentail.com/ar-cy/limassol/occasions | fr-CY:https://presentail.com/fr-cy/limassol/occasions | x-default:https://presentail.com/en-lb/beirut/occasions,None,Yes,175,17599,7.2%,6,0,Yes,No,No,No,https://presentail.com/en-lb/minnieh-dennaya/occasions.md,200,text/markdown; charset=utf-8,Yes,Yes,"<https://presentail.com/en-lb/minnieh-dennaya/occasions>; rel=""canonical""; type=""text/html""",Yes,No,Low,Multiple H1
https://presentail.com/en-lb/minnieh-dennaya/contact,info,en,LB,minnieh-dennaya,2026-07-22,200,200,https://presentail.com/en-lb/minnieh-dennaya/contact,0,https://presentail.com/en-lb/minnieh-dennaya/contact [200],288,text/html; charset=utf-8,,Yes,,"index, follow",https://presentail.com/en-lb/minnieh-dennaya/contact,200,Yes,No,Contact Presentail in Minnieh-Denniyeh | Gift Delivery Help,59,No,"Send flowers, cakes and gifts with same-day express delivery in Lebanon, UAE, and Cyprus. Premium arrangements from Presentail.",127,No,2,Contact Presentail in Minnieh-Denniyeh | Gift Delivery Help | Contact Presentail in Minnieh-Denniyeh | Gift Delivery Help,Yes,No,1,None,en,Online Flower & Gift Delivery | Presentail,"Send flowers, cakes and gifts with same-day express delivery in Lebanon, UAE, and Cyprus. Premium arrangements from Presentail.",https://presentail.com/,https://presentail.com/opengraph.jpg,Yes,,None,en-LB:https://presentail.com/en-lb/beirut/contact | ar-LB:https://presentail.com/ar-lb/beirut/contact | fr-LB:https://presentail.com/fr-lb/beirut/contact | en-AE:https://presentail.com/en-ae/dubai/contact | ar-AE:https://presentail.com/ar-ae/dubai/contact | fr-AE:https://presentail.com/fr-ae/dubai/contact | en-CY:https://presentail.com/en-cy/limassol/contact | ar-CY:https://presentail.com/ar-cy/limassol/contact | fr-CY:https://presentail.com/fr-cy/limassol/contact | x-default:https://presentail.com/en-lb/beirut/contact,None,Yes,187,18013,6.8%,6,0,Yes,No,No,No,https://presentail.com/en-lb/minnieh-dennaya/contact.md,200,text/markdown; charset=utf-8,Yes,Yes,"<https://presentail.com/en-lb/minnieh-dennaya/contact>; rel=""canonical""; type=""text/html""",Yes,No,Low,Multiple H1
https://presentail.com/en-lb/minnieh-dennaya/faqs,info,en,LB,minnieh-dennaya,2026-07-22,200,200,https://presentail.com/en-lb/minnieh-dennaya/faqs,0,https://presentail.com/en-lb/minnieh-dennaya/faqs [200],276,text/html; charset=utf-8,,Yes,,"index, follow",https://presentail.com/en-lb/minnieh-dennaya/faqs,200,Yes,No,Flower Delivery FAQs in Minnieh-Denniyeh | Presentail,53,No,"Send flowers, cakes and gifts with same-day express delivery in Lebanon, UAE, and Cyprus. Premium arrangements from Presentail.",127,No,2,Flower Delivery FAQs in Minnieh-Denniyeh | Presentail | Flower Delivery FAQs in Minnieh-Denniyeh | Presentail,Yes,No,1,None,en,Online Flower & Gift Delivery | Presentail,"Send flowers, cakes and gifts with same-day express delivery in Lebanon, UAE, and Cyprus. Premium arrangements from Presentail.",https://presentail.com/,https://presentail.com/opengraph.jpg,Yes,,None,en-LB:https://presentail.com/en-lb/beirut/faqs | ar-LB:https://presentail.com/ar-lb/beirut/faqs | fr-LB:https://presentail.com/fr-lb/beirut/faqs | en-AE:https://presentail.com/en-ae/dubai/faqs | ar-AE:https://presentail.com/ar-ae/dubai/faqs | fr-AE:https://presentail.com/fr-ae/dubai/faqs | en-CY:https://presentail.com/en-cy/limassol/faqs | ar-CY:https://presentail.com/ar-cy/limassol/faqs | fr-CY:https://presentail.com/fr-cy/limassol/faqs | x-default:https://presentail.com/en-lb/beirut/faqs,None,Yes,147,19574,5.3%,6,0,Yes,No,No,No,https://presentail.com/en-lb/minnieh-dennaya/faqs.md,200,text/markdown; charset=utf-8,Yes,Yes,"<https://presentail.com/en-lb/minnieh-dennaya/faqs>; rel=""canonical""; type=""text/html""",Yes,No,Low,Multiple H1
https://presentail.com/en-lb/minnieh-dennaya/weddings,other,en,LB,minnieh-dennaya,2026-07-22,200,200,https://presentail.com/en-lb/minnieh-dennaya/weddings,0,https://presentail.com/en-lb/minnieh-dennaya/weddings [200],296,text/html; charset=utf-8,,Yes,,"index, follow",https://presentail.com/en-lb/minnieh-dennaya/weddings,200,Yes,No,Wedding Flowers in Minnieh-Denniyeh | Presentail,48,No,"Send flowers, cakes and gifts with same-day express delivery in Lebanon, UAE, and Cyprus. Premium arrangements from Presentail.",127,No,2,Wedding Flowers in Minnieh-Denniyeh | Presentail | Wedding Flowers in Minnieh-Denniyeh | Presentail,Yes,No,1,None,en,Online Flower & Gift Delivery | Presentail,"Send flowers, cakes and gifts with same-day express delivery in Lebanon, UAE, and Cyprus. Premium arrangements from Presentail.",https://presentail.com/,https://presentail.com/opengraph.jpg,Yes,,None,en-LB:https://presentail.com/en-lb/beirut/weddings | ar-LB:https://presentail.com/ar-lb/beirut/weddings | fr-LB:https://presentail.com/fr-lb/beirut/weddings | en-AE:https://presentail.com/en-ae/dubai/weddings | ar-AE:https://presentail.com/ar-ae/dubai/weddings | fr-AE:https://presentail.com/fr-ae/dubai/weddings | en-CY:https://presentail.com/en-cy/limassol/weddings | ar-CY:https://presentail.com/ar-cy/limassol/weddings | fr-CY:https://presentail.com/fr-cy/limassol/weddings | x-default:https://presentail.com/en-lb/beirut/weddings,None,Yes,179,17826,7.4%,6,0,Yes,No,No,No,https://presentail.com/en-lb/minnieh-dennaya/weddings.md,200,text/markdown; charset=utf-8,Yes,Yes,"<https://presentail.com/en-lb/minnieh-dennaya/weddings>; rel=""canonical""; type=""text/html""",Yes,No,Low,Multiple H1
https://presentail.com/en-lb/minnieh-dennaya/corporate,other,en,LB,minnieh-dennaya,2026-07-22,200,200,https://presentail.com/en-lb/minnieh-dennaya/corporate,0,https://presentail.com/en-lb/minnieh-dennaya/corporate [200],285,text/html; charset=utf-8,,Yes,,"index, follow",https://presentail.com/en-lb/minnieh-dennaya/corporate,200,Yes,No,Corporate Gifting in Minnieh-Denniyeh | Presentail,50,No,"Send flowers, cakes and gifts with same-day express delivery in Lebanon, UAE, and Cyprus. Premium arrangements from Presentail.",127,No,2,Corporate Gifting in Minnieh-Denniyeh | Presentail | Corporate Gifting in Minnieh-Denniyeh | Presentail,Yes,No,1,None,en,Online Flower & Gift Delivery | Presentail,"Send flowers, cakes and gifts with same-day express delivery in Lebanon, UAE, and Cyprus. Premium arrangements from Presentail.",https://presentail.com/,https://presentail.com/opengraph.jpg,Yes,,None,en-LB:https://presentail.com/en-lb/beirut/corporate | ar-LB:https://presentail.com/ar-lb/beirut/corporate | fr-LB:https://presentail.com/fr-lb/beirut/corporate | en-AE:https://presentail.com/en-ae/dubai/corporate | ar-AE:https://presentail.com/ar-ae/dubai/corporate | fr-AE:https://presentail.com/fr-ae/dubai/corporate | en-CY:https://presentail.com/en-cy/limassol/corporate | ar-CY:https://presentail.com/ar-cy/limassol/corporate | fr-CY:https://presentail.com/fr-cy/limassol/corporate | x-default:https://presentail.com/en-lb/beirut/corporate,None,Yes,170,17729,7.1%,6,0,Yes,No,No,No,https://presentail.com/en-lb/minnieh-dennaya/corporate.md,200,text/markdown; charset=utf-8,Yes,Yes,"<https://presentail.com/en-lb/minnieh-dennaya/corporate>; rel=""canonical""; type=""text/html""",Yes,No,Low,Multiple H1
https://presentail.com/en-lb/nabatieh,homepage,en,LB,nabatieh,2026-07-22,200,200,https://presentail.com/en-lb/nabatieh,0,https://presentail.com/en-lb/nabatieh [200],283,text/html; charset=utf-8,,Yes,,"index, follow",https://presentail.com/en-lb/nabatieh,200,Yes,No,Flower & Gift Delivery in Nabatieh | Presentail,47,No,"Send flowers, cakes and gifts with same-day express delivery in Lebanon, UAE, and Cyprus. Premium arrangements from Presentail.",127,No,2,Flower & Gift Delivery in Nabatieh | Presentail | Flower & Gift Delivery in Nabatieh | Presentail,Yes,No,2,None,en,Online Flower & Gift Delivery | Presentail,"Send flowers, cakes and gifts with same-day express delivery in Lebanon, UAE, and Cyprus. Premium arrangements from Presentail.",https://presentail.com/,https://presentail.com/opengraph.jpg,Yes,,None,en-LB:https://presentail.com/en-lb/beirut | ar-LB:https://presentail.com/ar-lb/beirut | fr-LB:https://presentail.com/fr-lb/beirut | en-AE:https://presentail.com/en-ae/dubai | ar-AE:https://presentail.com/ar-ae/dubai | fr-AE:https://presentail.com/fr-ae/dubai | en-CY:https://presentail.com/en-cy/limassol | ar-CY:https://presentail.com/ar-cy/limassol | fr-CY:https://presentail.com/fr-cy/limassol | x-default:https://presentail.com/en-lb/beirut,None,Yes,244,20438,9.9%,12,0,Yes,No,No,No,https://presentail.com/en-lb/nabatieh.md,200,text/markdown; charset=utf-8,Yes,Yes,"<https://presentail.com/en-lb/nabatieh>; rel=""canonical""; type=""text/html""",Yes,No,Low,Multiple H1
https://presentail.com/en-lb/nabatieh/brands,other,en,LB,nabatieh,2026-07-22,200,200,https://presentail.com/en-lb/nabatieh/brands,0,https://presentail.com/en-lb/nabatieh/brands [200],224,text/html; charset=utf-8,,Yes,,"index, follow",https://presentail.com/en-lb/nabatieh/brands,200,Yes,No,Partner Brands in Nabatieh | Presentail,39,No,"Send flowers, cakes and gifts with same-day express delivery in Lebanon, UAE, and Cyprus. Premium arrangements from Presentail.",127,No,2,Partner Brands in Nabatieh | Presentail | Partner Brands in Nabatieh | Presentail,Yes,No,1,None,en,Online Flower & Gift Delivery | Presentail,"Send flowers, cakes and gifts with same-day express delivery in Lebanon, UAE, and Cyprus. Premium arrangements from Presentail.",https://presentail.com/,https://presentail.com/opengraph.jpg,Yes,,None,en-LB:https://presentail.com/en-lb/beirut/brands | ar-LB:https://presentail.com/ar-lb/beirut/brands | fr-LB:https://presentail.com/fr-lb/beirut/brands | en-AE:https://presentail.com/en-ae/dubai/brands | ar-AE:https://presentail.com/ar-ae/dubai/brands | fr-AE:https://presentail.com/fr-ae/dubai/brands | en-CY:https://presentail.com/en-cy/limassol/brands | ar-CY:https://presentail.com/ar-cy/limassol/brands | fr-CY:https://presentail.com/fr-cy/limassol/brands | x-default:https://presentail.com/en-lb/beirut/brands,None,Yes,145,17010,6.2%,6,0,Yes,No,No,No,https://presentail.com/en-lb/nabatieh/brands.md,200,text/markdown; charset=utf-8,Yes,Yes,"<https://presentail.com/en-lb/nabatieh/brands>; rel=""canonical""; type=""text/html""",Yes,No,Low,Multiple H1
https://presentail.com/en-lb/nabatieh/occasions,occasion,en,LB,nabatieh,2026-07-22,200,200,https://presentail.com/en-lb/nabatieh/occasions,0,https://presentail.com/en-lb/nabatieh/occasions [200],414,text/html; charset=utf-8,,Yes,,"index, follow",https://presentail.com/en-lb/nabatieh/occasions,200,Yes,No,Shop by Occasion in Nabatieh | Presentail,41,No,"Send flowers, cakes and gifts with same-day express delivery in Lebanon, UAE, and Cyprus. Premium arrangements from Presentail.",127,No,2,Shop by Occasion in Nabatieh | Presentail | Shop by Occasion in Nabatieh | Presentail,Yes,No,1,None,en,Online Flower & Gift Delivery | Presentail,"Send flowers, cakes and gifts with same-day express delivery in Lebanon, UAE, and Cyprus. Premium arrangements from Presentail.",https://presentail.com/,https://presentail.com/opengraph.jpg,Yes,,None,en-LB:https://presentail.com/en-lb/beirut/occasions | ar-LB:https://presentail.com/ar-lb/beirut/occasions | fr-LB:https://presentail.com/fr-lb/beirut/occasions | en-AE:https://presentail.com/en-ae/dubai/occasions | ar-AE:https://presentail.com/ar-ae/dubai/occasions | fr-AE:https://presentail.com/fr-ae/dubai/occasions | en-CY:https://presentail.com/en-cy/limassol/occasions | ar-CY:https://presentail.com/ar-cy/limassol/occasions | fr-CY:https://presentail.com/fr-cy/limassol/occasions | x-default:https://presentail.com/en-lb/beirut/occasions,None,Yes,175,17369,6.9%,6,0,Yes,No,No,No,https://presentail.com/en-lb/nabatieh/occasions.md,200,text/markdown; charset=utf-8,Yes,Yes,"<https://presentail.com/en-lb/nabatieh/occasions>; rel=""canonical""; type=""text/html""",Yes,No,Low,Multiple H1
https://presentail.com/en-lb/nabatieh/contact,info,en,LB,nabatieh,2026-07-22,200,200,https://presentail.com/en-lb/nabatieh/contact,0,https://presentail.com/en-lb/nabatieh/contact [200],298,text/html; charset=utf-8,,Yes,,"index, follow",https://presentail.com/en-lb/nabatieh/contact,200,Yes,No,Contact Presentail in Nabatieh | Gift Delivery Help,51,No,"Send flowers, cakes and gifts with same-day express delivery in Lebanon, UAE, and Cyprus. Premium arrangements from Presentail.",127,No,2,Contact Presentail in Nabatieh | Gift Delivery Help | Contact Presentail in Nabatieh | Gift Delivery Help,Yes,No,1,None,en,Online Flower & Gift Delivery | Presentail,"Send flowers, cakes and gifts with same-day express delivery in Lebanon, UAE, and Cyprus. Premium arrangements from Presentail.",https://presentail.com/,https://presentail.com/opengraph.jpg,Yes,,None,en-LB:https://presentail.com/en-lb/beirut/contact | ar-LB:https://presentail.com/ar-lb/beirut/contact | fr-LB:https://presentail.com/fr-lb/beirut/contact | en-AE:https://presentail.com/en-ae/dubai/contact | ar-AE:https://presentail.com/ar-ae/dubai/contact | fr-AE:https://presentail.com/fr-ae/dubai/contact | en-CY:https://presentail.com/en-cy/limassol/contact | ar-CY:https://presentail.com/ar-cy/limassol/contact | fr-CY:https://presentail.com/fr-cy/limassol/contact | x-default:https://presentail.com/en-lb/beirut/contact,None,Yes,187,17808,6.7%,6,0,Yes,No,No,No,https://presentail.com/en-lb/nabatieh/contact.md,200,text/markdown; charset=utf-8,Yes,Yes,"<https://presentail.com/en-lb/nabatieh/contact>; rel=""canonical""; type=""text/html""",Yes,No,Low,Multiple H1
https://presentail.com/en-lb/nabatieh/faqs,info,en,LB,nabatieh,2026-07-22,200,200,https://presentail.com/en-lb/nabatieh/faqs,0,https://presentail.com/en-lb/nabatieh/faqs [200],303,text/html; charset=utf-8,,Yes,,"index, follow",https://presentail.com/en-lb/nabatieh/faqs,200,Yes,No,Flower Delivery FAQs in Nabatieh | Presentail,45,No,"Send flowers, cakes and gifts with same-day express delivery in Lebanon, UAE, and Cyprus. Premium arrangements from Presentail.",127,No,2,Flower Delivery FAQs in Nabatieh | Presentail | Flower Delivery FAQs in Nabatieh | Presentail,Yes,No,1,None,en,Online Flower & Gift Delivery | Presentail,"Send flowers, cakes and gifts with same-day express delivery in Lebanon, UAE, and Cyprus. Premium arrangements from Presentail.",https://presentail.com/,https://presentail.com/opengraph.jpg,Yes,,None,en-LB:https://presentail.com/en-lb/beirut/faqs | ar-LB:https://presentail.com/ar-lb/beirut/faqs | fr-LB:https://presentail.com/fr-lb/beirut/faqs | en-AE:https://presentail.com/en-ae/dubai/faqs | ar-AE:https://presentail.com/ar-ae/dubai/faqs | fr-AE:https://presentail.com/fr-ae/dubai/faqs | en-CY:https://presentail.com/en-cy/limassol/faqs | ar-CY:https://presentail.com/ar-cy/limassol/faqs | fr-CY:https://presentail.com/fr-cy/limassol/faqs | x-default:https://presentail.com/en-lb/beirut/faqs,None,Yes,147,19424,5.3%,6,0,Yes,No,No,No,https://presentail.com/en-lb/nabatieh/faqs.md,200,text/markdown; charset=utf-8,Yes,Yes,"<https://presentail.com/en-lb/nabatieh/faqs>; rel=""canonical""; type=""text/html""",Yes,No,Low,Multiple H1
https://presentail.com/en-lb/nabatieh/weddings,other,en,LB,nabatieh,2026-07-22,200,200,https://presentail.com/en-lb/nabatieh/weddings,0,https://presentail.com/en-lb/nabatieh/weddings [200],292,text/html; charset=utf-8,,Yes,,"index, follow",https://presentail.com/en-lb/nabatieh/weddings,200,Yes,No,Wedding Flowers in Nabatieh | Presentail,40,No,"Send flowers, cakes and gifts with same-day express delivery in Lebanon, UAE, and Cyprus. Premium arrangements from Presentail.",127,No,2,Wedding Flowers in Nabatieh | Presentail | Wedding Flowers in Nabatieh | Presentail,Yes,No,1,None,en,Online Flower & Gift Delivery | Presentail,"Send flowers, cakes and gifts with same-day express delivery in Lebanon, UAE, and Cyprus. Premium arrangements from Presentail.",https://presentail.com/,https://presentail.com/opengraph.jpg,Yes,,None,en-LB:https://presentail.com/en-lb/beirut/weddings | ar-LB:https://presentail.com/ar-lb/beirut/weddings | fr-LB:https://presentail.com/fr-lb/beirut/weddings | en-AE:https://presentail.com/en-ae/dubai/weddings | ar-AE:https://presentail.com/ar-ae/dubai/weddings | fr-AE:https://presentail.com/fr-ae/dubai/weddings | en-CY:https://presentail.com/en-cy/limassol/weddings | ar-CY:https://presentail.com/ar-cy/limassol/weddings | fr-CY:https://presentail.com/fr-cy/limassol/weddings | x-default:https://presentail.com/en-lb/beirut/weddings,None,Yes,179,17580,7.1%,6,0,Yes,No,No,No,https://presentail.com/en-lb/nabatieh/weddings.md,200,text/markdown; charset=utf-8,Yes,Yes,"<https://presentail.com/en-lb/nabatieh/weddings>; rel=""canonical""; type=""text/html""",Yes,No,Low,Multiple H1
https://presentail.com/en-lb/nabatieh/corporate,other,en,LB,nabatieh,2026-07-22,200,200,https://presentail.com/en-lb/nabatieh/corporate,0,https://presentail.com/en-lb/nabatieh/corporate [200],252,text/html; charset=utf-8,,Yes,,"index, follow",https://presentail.com/en-lb/nabatieh/corporate,200,Yes,No,Corporate Gifting in Nabatieh | Presentail,42,No,"Send flowers, cakes and gifts with same-day express delivery in Lebanon, UAE, and Cyprus. Premium arrangements from Presentail.",127,No,2,Corporate Gifting in Nabatieh | Presentail | Corporate Gifting in Nabatieh | Presentail,Yes,No,1,None,en,Online Flower & Gift Delivery | Presentail,"Send flowers, cakes and gifts with same-day express delivery in Lebanon, UAE, and Cyprus. Premium arrangements from Presentail.",https://presentail.com/,https://presentail.com/opengraph.jpg,Yes,,None,en-LB:https://presentail.com/en-lb/beirut/corporate | ar-LB:https://presentail.com/ar-lb/beirut/corporate | fr-LB:https://presentail.com/fr-lb/beirut/corporate | en-AE:https://presentail.com/en-ae/dubai/corporate | ar-AE:https://presentail.com/ar-ae/dubai/corporate | fr-AE:https://presentail.com/fr-ae/dubai/corporate | en-CY:https://presentail.com/en-cy/limassol/corporate | ar-CY:https://presentail.com/ar-cy/limassol/corporate | fr-CY:https://presentail.com/fr-cy/limassol/corporate | x-default:https://presentail.com/en-lb/beirut/corporate,None,Yes,170,17515,6.9%,6,0,Yes,No,No,No,https://presentail.com/en-lb/nabatieh/corporate.md,200,text/markdown; charset=utf-8,Yes,Yes,"<https://presentail.com/en-lb/nabatieh/corporate>; rel=""canonical""; type=""text/html""",Yes,No,Low,Multiple H1
https://presentail.com/en-lb/rechaya,homepage,en,LB,rechaya,2026-07-22,200,200,https://presentail.com/en-lb/rechaya,0,https://presentail.com/en-lb/rechaya [200],368,text/html; charset=utf-8,,Yes,,"index, follow",https://presentail.com/en-lb/rechaya,200,Yes,No,Flower & Gift Delivery in Rachaya | Presentail,46,No,"Send flowers, cakes and gifts with same-day express delivery in Lebanon, UAE, and Cyprus. Premium arrangements from Presentail.",127,No,2,Flower & Gift Delivery in Rachaya | Presentail | Flower & Gift Delivery in Rachaya | Presentail,Yes,No,2,None,en,Online Flower & Gift Delivery | Presentail,"Send flowers, cakes and gifts with same-day express delivery in Lebanon, UAE, and Cyprus. Premium arrangements from Presentail.",https://presentail.com/,https://presentail.com/opengraph.jpg,Yes,,None,en-LB:https://presentail.com/en-lb/beirut | ar-LB:https://presentail.com/ar-lb/beirut | fr-LB:https://presentail.com/fr-lb/beirut | en-AE:https://presentail.com/en-ae/dubai | ar-AE:https://presentail.com/ar-ae/dubai | fr-AE:https://presentail.com/fr-ae/dubai | en-CY:https://presentail.com/en-cy/limassol | ar-CY:https://presentail.com/ar-cy/limassol | fr-CY:https://presentail.com/fr-cy/limassol | x-default:https://presentail.com/en-lb/beirut,None,Yes,244,20404,9.9%,12,0,Yes,No,No,No,https://presentail.com/en-lb/rechaya.md,200,text/markdown; charset=utf-8,Yes,Yes,"<https://presentail.com/en-lb/rechaya>; rel=""canonical""; type=""text/html""",Yes,No,Low,Multiple H1
https://presentail.com/en-lb/rechaya/brands,other,en,LB,rechaya,2026-07-22,200,200,https://presentail.com/en-lb/rechaya/brands,0,https://presentail.com/en-lb/rechaya/brands [200],279,text/html; charset=utf-8,,Yes,,"index, follow",https://presentail.com/en-lb/rechaya/brands,200,Yes,No,Partner Brands in Rachaya | Presentail,38,No,"Send flowers, cakes and gifts with same-day express delivery in Lebanon, UAE, and Cyprus. Premium arrangements from Presentail.",127,No,2,Partner Brands in Rachaya | Presentail | Partner Brands in Rachaya | Presentail,Yes,No,1,None,en,Online Flower & Gift Delivery | Presentail,"Send flowers, cakes and gifts with same-day express delivery in Lebanon, UAE, and Cyprus. Premium arrangements from Presentail.",https://presentail.com/,https://presentail.com/opengraph.jpg,Yes,,None,en-LB:https://presentail.com/en-lb/beirut/brands | ar-LB:https://presentail.com/ar-lb/beirut/brands | fr-LB:https://presentail.com/fr-lb/beirut/brands | en-AE:https://presentail.com/en-ae/dubai/brands | ar-AE:https://presentail.com/ar-ae/dubai/brands | fr-AE:https://presentail.com/fr-ae/dubai/brands | en-CY:https://presentail.com/en-cy/limassol/brands | ar-CY:https://presentail.com/ar-cy/limassol/brands | fr-CY:https://presentail.com/fr-cy/limassol/brands | x-default:https://presentail.com/en-lb/beirut/brands,None,Yes,145,16982,6.1%,6,0,Yes,No,No,No,https://presentail.com/en-lb/rechaya/brands.md,200,text/markdown; charset=utf-8,Yes,Yes,"<https://presentail.com/en-lb/rechaya/brands>; rel=""canonical""; type=""text/html""",Yes,No,Low,Multiple H1
https://presentail.com/en-lb/rechaya/occasions,occasion,en,LB,rechaya,2026-07-22,200,200,https://presentail.com/en-lb/rechaya/occasions,0,https://presentail.com/en-lb/rechaya/occasions [200],227,text/html; charset=utf-8,,Yes,,"index, follow",https://presentail.com/en-lb/rechaya/occasions,200,Yes,No,Shop by Occasion in Rachaya | Presentail,40,No,"Send flowers, cakes and gifts with same-day express delivery in Lebanon, UAE, and Cyprus. Premium arrangements from Presentail.",127,No,2,Shop by Occasion in Rachaya | Presentail | Shop by Occasion in Rachaya | Presentail,Yes,No,1,None,en,Online Flower & Gift Delivery | Presentail,"Send flowers, cakes and gifts with same-day express delivery in Lebanon, UAE, and Cyprus. Premium arrangements from Presentail.",https://presentail.com/,https://presentail.com/opengraph.jpg,Yes,,None,en-LB:https://presentail.com/en-lb/beirut/occasions | ar-LB:https://presentail.com/ar-lb/beirut/occasions | fr-LB:https://presentail.com/fr-lb/beirut/occasions | en-AE:https://presentail.com/en-ae/dubai/occasions | ar-AE:https://presentail.com/ar-ae/dubai/occasions | fr-AE:https://presentail.com/fr-ae/dubai/occasions | en-CY:https://presentail.com/en-cy/limassol/occasions | ar-CY:https://presentail.com/ar-cy/limassol/occasions | fr-CY:https://presentail.com/fr-cy/limassol/occasions | x-default:https://presentail.com/en-lb/beirut/occasions,None,Yes,175,17339,6.9%,6,0,Yes,No,No,No,https://presentail.com/en-lb/rechaya/occasions.md,200,text/markdown; charset=utf-8,Yes,Yes,"<https://presentail.com/en-lb/rechaya/occasions>; rel=""canonical""; type=""text/html""",Yes,No,Low,Multiple H1
https://presentail.com/en-lb/rechaya/contact,info,en,LB,rechaya,2026-07-22,200,200,https://presentail.com/en-lb/rechaya/contact,0,https://presentail.com/en-lb/rechaya/contact [200],231,text/html; charset=utf-8,,Yes,,"index, follow",https://presentail.com/en-lb/rechaya/contact,200,Yes,No,Contact Presentail in Rachaya | Gift Delivery Help,50,No,"Send flowers, cakes and gifts with same-day express delivery in Lebanon, UAE, and Cyprus. Premium arrangements from Presentail.",127,No,2,Contact Presentail in Rachaya | Gift Delivery Help | Contact Presentail in Rachaya | Gift Delivery Help,Yes,No,1,None,en,Online Flower & Gift Delivery | Presentail,"Send flowers, cakes and gifts with same-day express delivery in Lebanon, UAE, and Cyprus. Premium arrangements from Presentail.",https://presentail.com/,https://presentail.com/opengraph.jpg,Yes,,None,en-LB:https://presentail.com/en-lb/beirut/contact | ar-LB:https://presentail.com/ar-lb/beirut/contact | fr-LB:https://presentail.com/fr-lb/beirut/contact | en-AE:https://presentail.com/en-ae/dubai/contact | ar-AE:https://presentail.com/ar-ae/dubai/contact | fr-AE:https://presentail.com/fr-ae/dubai/contact | en-CY:https://presentail.com/en-cy/limassol/contact | ar-CY:https://presentail.com/ar-cy/limassol/contact | fr-CY:https://presentail.com/fr-cy/limassol/contact | x-default:https://presentail.com/en-lb/beirut/contact,None,Yes,187,17781,6.7%,6,0,Yes,No,No,No,https://presentail.com/en-lb/rechaya/contact.md,200,text/markdown; charset=utf-8,Yes,Yes,"<https://presentail.com/en-lb/rechaya/contact>; rel=""canonical""; type=""text/html""",Yes,No,Low,Multiple H1
https://presentail.com/en-lb/rechaya/faqs,info,en,LB,rechaya,2026-07-22,200,200,https://presentail.com/en-lb/rechaya/faqs,0,https://presentail.com/en-lb/rechaya/faqs [200],203,text/html; charset=utf-8,,Yes,,"index, follow",https://presentail.com/en-lb/rechaya/faqs,200,Yes,No,Flower Delivery FAQs in Rachaya | Presentail,44,No,"Send flowers, cakes and gifts with same-day express delivery in Lebanon, UAE, and Cyprus. Premium arrangements from Presentail.",127,No,2,Flower Delivery FAQs in Rachaya | Presentail | Flower Delivery FAQs in Rachaya | Presentail,Yes,No,1,None,en,Online Flower & Gift Delivery | Presentail,"Send flowers, cakes and gifts with same-day express delivery in Lebanon, UAE, and Cyprus. Premium arrangements from Presentail.",https://presentail.com/,https://presentail.com/opengraph.jpg,Yes,,None,en-LB:https://presentail.com/en-lb/beirut/faqs | ar-LB:https://presentail.com/ar-lb/beirut/faqs | fr-LB:https://presentail.com/fr-lb/beirut/faqs | en-AE:https://presentail.com/en-ae/dubai/faqs | ar-AE:https://presentail.com/ar-ae/dubai/faqs | fr-AE:https://presentail.com/fr-ae/dubai/faqs | en-CY:https://presentail.com/en-cy/limassol/faqs | ar-CY:https://presentail.com/ar-cy/limassol/faqs | fr-CY:https://presentail.com/fr-cy/limassol/faqs | x-default:https://presentail.com/en-lb/beirut/faqs,None,Yes,147,19404,5.3%,6,0,Yes,No,No,No,https://presentail.com/en-lb/rechaya/faqs.md,200,text/markdown; charset=utf-8,Yes,Yes,"<https://presentail.com/en-lb/rechaya/faqs>; rel=""canonical""; type=""text/html""",Yes,No,Low,Multiple H1
https://presentail.com/en-lb/rechaya/weddings,other,en,LB,rechaya,2026-07-22,200,200,https://presentail.com/en-lb/rechaya/weddings,0,https://presentail.com/en-lb/rechaya/weddings [200],223,text/html; charset=utf-8,,Yes,,"index, follow",https://presentail.com/en-lb/rechaya/weddings,200,Yes,No,Wedding Flowers in Rachaya | Presentail,39,No,"Send flowers, cakes and gifts with same-day express delivery in Lebanon, UAE, and Cyprus. Premium arrangements from Presentail.",127,No,2,Wedding Flowers in Rachaya | Presentail | Wedding Flowers in Rachaya | Presentail,Yes,No,1,None,en,Online Flower & Gift Delivery | Presentail,"Send flowers, cakes and gifts with same-day express delivery in Lebanon, UAE, and Cyprus. Premium arrangements from Presentail.",https://presentail.com/,https://presentail.com/opengraph.jpg,Yes,,None,en-LB:https://presentail.com/en-lb/beirut/weddings | ar-LB:https://presentail.com/ar-lb/beirut/weddings | fr-LB:https://presentail.com/fr-lb/beirut/weddings | en-AE:https://presentail.com/en-ae/dubai/weddings | ar-AE:https://presentail.com/ar-ae/dubai/weddings | fr-AE:https://presentail.com/fr-ae/dubai/weddings | en-CY:https://presentail.com/en-cy/limassol/weddings | ar-CY:https://presentail.com/ar-cy/limassol/weddings | fr-CY:https://presentail.com/fr-cy/limassol/weddings | x-default:https://presentail.com/en-lb/beirut/weddings,None,Yes,179,17548,7.1%,6,0,Yes,No,No,No,https://presentail.com/en-lb/rechaya/weddings.md,200,text/markdown; charset=utf-8,Yes,Yes,"<https://presentail.com/en-lb/rechaya/weddings>; rel=""canonical""; type=""text/html""",Yes,No,Low,Multiple H1
https://presentail.com/en-lb/rechaya/corporate,other,en,LB,rechaya,2026-07-22,200,200,https://presentail.com/en-lb/rechaya/corporate,0,https://presentail.com/en-lb/rechaya/corporate [200],137,text/html; charset=utf-8,,Yes,,"index, follow",https://presentail.com/en-lb/rechaya/corporate,200,Yes,No,Corporate Gifting in Rachaya | Presentail,41,No,"Send flowers, cakes and gifts with same-day express delivery in Lebanon, UAE, and Cyprus. Premium arrangements from Presentail.",127,No,2,Corporate Gifting in Rachaya | Presentail | Corporate Gifting in Rachaya | Presentail,Yes,No,1,None,en,Online Flower & Gift Delivery | Presentail,"Send flowers, cakes and gifts with same-day express delivery in Lebanon, UAE, and Cyprus. Premium arrangements from Presentail.",https://presentail.com/,https://presentail.com/opengraph.jpg,Yes,,None,en-LB:https://presentail.com/en-lb/beirut/corporate | ar-LB:https://presentail.com/ar-lb/beirut/corporate | fr-LB:https://presentail.com/fr-lb/beirut/corporate | en-AE:https://presentail.com/en-ae/dubai/corporate | ar-AE:https://presentail.com/ar-ae/dubai/corporate | fr-AE:https://presentail.com/fr-ae/dubai/corporate | en-CY:https://presentail.com/en-cy/limassol/corporate | ar-CY:https://presentail.com/ar-cy/limassol/corporate | fr-CY:https://presentail.com/fr-cy/limassol/corporate | x-default:https://presentail.com/en-lb/beirut/corporate,None,Yes,170,17487,6.8%,6,0,Yes,No,No,No,https://presentail.com/en-lb/rechaya/corporate.md,200,text/markdown; charset=utf-8,Yes,Yes,"<https://presentail.com/en-lb/rechaya/corporate>; rel=""canonical""; type=""text/html""",Yes,No,Low,Multiple H1
https://presentail.com/en-lb/saida,homepage,en,LB,saida,2026-07-22,200,200,https://presentail.com/en-lb/saida,0,https://presentail.com/en-lb/saida [200],233,text/html; charset=utf-8,,Yes,,"index, follow",https://presentail.com/en-lb/saida,200,Yes,No,Flower & Gift Delivery in Saida | Presentail,44,No,"Send flowers, cakes and gifts with same-day express delivery in Lebanon, UAE, and Cyprus. Premium arrangements from Presentail.",127,No,2,Flower & Gift Delivery in Saida | Presentail | Flower & Gift Delivery in Saida | Presentail,Yes,No,2,None,en,Online Flower & Gift Delivery | Presentail,"Send flowers, cakes and gifts with same-day express delivery in Lebanon, UAE, and Cyprus. Premium arrangements from Presentail.",https://presentail.com/,https://presentail.com/opengraph.jpg,Yes,,None,en-LB:https://presentail.com/en-lb/beirut | ar-LB:https://presentail.com/ar-lb/beirut | fr-LB:https://presentail.com/fr-lb/beirut | en-AE:https://presentail.com/en-ae/dubai | ar-AE:https://presentail.com/ar-ae/dubai | fr-AE:https://presentail.com/fr-ae/dubai | en-CY:https://presentail.com/en-cy/limassol | ar-CY:https://presentail.com/ar-cy/limassol | fr-CY:https://presentail.com/fr-cy/limassol | x-default:https://presentail.com/en-lb/beirut,None,Yes,244,20319,9.8%,12,0,Yes,No,No,No,https://presentail.com/en-lb/saida.md,200,text/markdown; charset=utf-8,Yes,Yes,"<https://presentail.com/en-lb/saida>; rel=""canonical""; type=""text/html""",Yes,No,Low,Multiple H1
https://presentail.com/en-lb/saida/brands,other,en,LB,saida,2026-07-22,200,200,https://presentail.com/en-lb/saida/brands,0,https://presentail.com/en-lb/saida/brands [200],300,text/html; charset=utf-8,,Yes,,"index, follow",https://presentail.com/en-lb/saida/brands,200,Yes,No,Partner Brands in Saida | Presentail,36,No,"Send flowers, cakes and gifts with same-day express delivery in Lebanon, UAE, and Cyprus. Premium arrangements from Presentail.",127,No,2,Partner Brands in Saida | Presentail | Partner Brands in Saida | Presentail,Yes,No,1,None,en,Online Flower & Gift Delivery | Presentail,"Send flowers, cakes and gifts with same-day express delivery in Lebanon, UAE, and Cyprus. Premium arrangements from Presentail.",https://presentail.com/,https://presentail.com/opengraph.jpg,Yes,,None,en-LB:https://presentail.com/en-lb/beirut/brands | ar-LB:https://presentail.com/ar-lb/beirut/brands | fr-LB:https://presentail.com/fr-lb/beirut/brands | en-AE:https://presentail.com/en-ae/dubai/brands | ar-AE:https://presentail.com/ar-ae/dubai/brands | fr-AE:https://presentail.com/fr-ae/dubai/brands | en-CY:https://presentail.com/en-cy/limassol/brands | ar-CY:https://presentail.com/ar-cy/limassol/brands | fr-CY:https://presentail.com/fr-cy/limassol/brands | x-default:https://presentail.com/en-lb/beirut/brands,None,Yes,145,16926,6.1%,6,0,Yes,No,No,No,https://presentail.com/en-lb/saida/brands.md,200,text/markdown; charset=utf-8,Yes,Yes,"<https://presentail.com/en-lb/saida/brands>; rel=""canonical""; type=""text/html""",Yes,No,Low,Multiple H1
https://presentail.com/en-lb/saida/occasions,occasion,en,LB,saida,2026-07-22,200,200,https://presentail.com/en-lb/saida/occasions,0,https://presentail.com/en-lb/saida/occasions [200],181,text/html; charset=utf-8,,Yes,,"index, follow",https://presentail.com/en-lb/saida/occasions,200,Yes,No,Shop by Occasion in Saida | Presentail,38,No,"Send flowers, cakes and gifts with same-day express delivery in Lebanon, UAE, and Cyprus. Premium arrangements from Presentail.",127,No,2,Shop by Occasion in Saida | Presentail | Shop by Occasion in Saida | Presentail,Yes,No,1,None,en,Online Flower & Gift Delivery | Presentail,"Send flowers, cakes and gifts with same-day express delivery in Lebanon, UAE, and Cyprus. Premium arrangements from Presentail.",https://presentail.com/,https://presentail.com/opengraph.jpg,Yes,,None,en-LB:https://presentail.com/en-lb/beirut/occasions | ar-LB:https://presentail.com/ar-lb/beirut/occasions | fr-LB:https://presentail.com/fr-lb/beirut/occasions | en-AE:https://presentail.com/en-ae/dubai/occasions | ar-AE:https://presentail.com/ar-ae/dubai/occasions | fr-AE:https://presentail.com/fr-ae/dubai/occasions | en-CY:https://presentail.com/en-cy/limassol/occasions | ar-CY:https://presentail.com/ar-cy/limassol/occasions | fr-CY:https://presentail.com/fr-cy/limassol/occasions | x-default:https://presentail.com/en-lb/beirut/occasions,None,Yes,175,17279,6.8%,6,0,Yes,No,No,No,https://presentail.com/en-lb/saida/occasions.md,200,text/markdown; charset=utf-8,Yes,Yes,"<https://presentail.com/en-lb/saida/occasions>; rel=""canonical""; type=""text/html""",Yes,No,Low,Multiple H1
https://presentail.com/en-lb/saida/contact,info,en,LB,saida,2026-07-22,200,200,https://presentail.com/en-lb/saida/contact,0,https://presentail.com/en-lb/saida/contact [200],267,text/html; charset=utf-8,,Yes,,"index, follow",https://presentail.com/en-lb/saida/contact,200,Yes,No,Contact Presentail in Saida | Gift Delivery Help,48,No,"Send flowers, cakes and gifts with same-day express delivery in Lebanon, UAE, and Cyprus. Premium arrangements from Presentail.",127,No,2,Contact Presentail in Saida | Gift Delivery Help | Contact Presentail in Saida | Gift Delivery Help,Yes,No,1,None,en,Online Flower & Gift Delivery | Presentail,"Send flowers, cakes and gifts with same-day express delivery in Lebanon, UAE, and Cyprus. Premium arrangements from Presentail.",https://presentail.com/,https://presentail.com/opengraph.jpg,Yes,,None,en-LB:https://presentail.com/en-lb/beirut/contact | ar-LB:https://presentail.com/ar-lb/beirut/contact | fr-LB:https://presentail.com/fr-lb/beirut/contact | en-AE:https://presentail.com/en-ae/dubai/contact | ar-AE:https://presentail.com/ar-ae/dubai/contact | fr-AE:https://presentail.com/fr-ae/dubai/contact | en-CY:https://presentail.com/en-cy/limassol/contact | ar-CY:https://presentail.com/ar-cy/limassol/contact | fr-CY:https://presentail.com/fr-cy/limassol/contact | x-default:https://presentail.com/en-lb/beirut/contact,None,Yes,187,17727,6.6%,6,0,Yes,No,No,No,https://presentail.com/en-lb/saida/contact.md,200,text/markdown; charset=utf-8,Yes,Yes,"<https://presentail.com/en-lb/saida/contact>; rel=""canonical""; type=""text/html""",Yes,No,Low,Multiple H1
https://presentail.com/en-lb/saida/faqs,info,en,LB,saida,2026-07-22,200,200,https://presentail.com/en-lb/saida/faqs,0,https://presentail.com/en-lb/saida/faqs [200],255,text/html; charset=utf-8,,Yes,,"index, follow",https://presentail.com/en-lb/saida/faqs,200,Yes,No,Flower Delivery FAQs in Saida | Presentail,42,No,"Send flowers, cakes and gifts with same-day express delivery in Lebanon, UAE, and Cyprus. Premium arrangements from Presentail.",127,No,2,Flower Delivery FAQs in Saida | Presentail | Flower Delivery FAQs in Saida | Presentail,Yes,No,1,None,en,Online Flower & Gift Delivery | Presentail,"Send flowers, cakes and gifts with same-day express delivery in Lebanon, UAE, and Cyprus. Premium arrangements from Presentail.",https://presentail.com/,https://presentail.com/opengraph.jpg,Yes,,None,en-LB:https://presentail.com/en-lb/beirut/faqs | ar-LB:https://presentail.com/ar-lb/beirut/faqs | fr-LB:https://presentail.com/fr-lb/beirut/faqs | en-AE:https://presentail.com/en-ae/dubai/faqs | ar-AE:https://presentail.com/ar-ae/dubai/faqs | fr-AE:https://presentail.com/fr-ae/dubai/faqs | en-CY:https://presentail.com/en-cy/limassol/faqs | ar-CY:https://presentail.com/ar-cy/limassol/faqs | fr-CY:https://presentail.com/fr-cy/limassol/faqs | x-default:https://presentail.com/en-lb/beirut/faqs,None,Yes,147,19364,5.2%,6,0,Yes,No,No,No,https://presentail.com/en-lb/saida/faqs.md,200,text/markdown; charset=utf-8,Yes,Yes,"<https://presentail.com/en-lb/saida/faqs>; rel=""canonical""; type=""text/html""",Yes,No,Low,Multiple H1
https://presentail.com/en-lb/saida/weddings,other,en,LB,saida,2026-07-22,200,200,https://presentail.com/en-lb/saida/weddings,0,https://presentail.com/en-lb/saida/weddings [200],268,text/html; charset=utf-8,,Yes,,"index, follow",https://presentail.com/en-lb/saida/weddings,200,Yes,No,Wedding Flowers in Saida | Presentail,37,No,"Send flowers, cakes and gifts with same-day express delivery in Lebanon, UAE, and Cyprus. Premium arrangements from Presentail.",127,No,2,Wedding Flowers in Saida | Presentail | Wedding Flowers in Saida | Presentail,Yes,No,1,None,en,Online Flower & Gift Delivery | Presentail,"Send flowers, cakes and gifts with same-day express delivery in Lebanon, UAE, and Cyprus. Premium arrangements from Presentail.",https://presentail.com/,https://presentail.com/opengraph.jpg,Yes,,None,en-LB:https://presentail.com/en-lb/beirut/weddings | ar-LB:https://presentail.com/ar-lb/beirut/weddings | fr-LB:https://presentail.com/fr-lb/beirut/weddings | en-AE:https://presentail.com/en-ae/dubai/weddings | ar-AE:https://presentail.com/ar-ae/dubai/weddings | fr-AE:https://presentail.com/fr-ae/dubai/weddings | en-CY:https://presentail.com/en-cy/limassol/weddings | ar-CY:https://presentail.com/ar-cy/limassol/weddings | fr-CY:https://presentail.com/fr-cy/limassol/weddings | x-default:https://presentail.com/en-lb/beirut/weddings,None,Yes,179,17484,7.0%,6,0,Yes,No,No,No,https://presentail.com/en-lb/saida/weddings.md,200,text/markdown; charset=utf-8,Yes,Yes,"<https://presentail.com/en-lb/saida/weddings>; rel=""canonical""; type=""text/html""",Yes,No,Low,Multiple H1
https://presentail.com/en-lb/saida/corporate,other,en,LB,saida,2026-07-22,200,200,https://presentail.com/en-lb/saida/corporate,0,https://presentail.com/en-lb/saida/corporate [200],305,text/html; charset=utf-8,,Yes,,"index, follow",https://presentail.com/en-lb/saida/corporate,200,Yes,No,Corporate Gifting in Saida | Presentail,39,No,"Send flowers, cakes and gifts with same-day express delivery in Lebanon, UAE, and Cyprus. Premium arrangements from Presentail.",127,No,2,Corporate Gifting in Saida | Presentail | Corporate Gifting in Saida | Presentail,Yes,No,1,None,en,Online Flower & Gift Delivery | Presentail,"Send flowers, cakes and gifts with same-day express delivery in Lebanon, UAE, and Cyprus. Premium arrangements from Presentail.",https://presentail.com/,https://presentail.com/opengraph.jpg,Yes,,None,en-LB:https://presentail.com/en-lb/beirut/corporate | ar-LB:https://presentail.com/ar-lb/beirut/corporate | fr-LB:https://presentail.com/fr-lb/beirut/corporate | en-AE:https://presentail.com/en-ae/dubai/corporate | ar-AE:https://presentail.com/ar-ae/dubai/corporate | fr-AE:https://presentail.com/fr-ae/dubai/corporate | en-CY:https://presentail.com/en-cy/limassol/corporate | ar-CY:https://presentail.com/ar-cy/limassol/corporate | fr-CY:https://presentail.com/fr-cy/limassol/corporate | x-default:https://presentail.com/en-lb/beirut/corporate,None,Yes,170,17431,6.8%,6,0,Yes,No,No,No,https://presentail.com/en-lb/saida/corporate.md,200,text/markdown; charset=utf-8,Yes,Yes,"<https://presentail.com/en-lb/saida/corporate>; rel=""canonical""; type=""text/html""",Yes,No,Low,Multiple H1
https://presentail.com/en-lb/tripoli,homepage,en,LB,tripoli,2026-07-22,200,200,https://presentail.com/en-lb/tripoli,0,https://presentail.com/en-lb/tripoli [200],226,text/html; charset=utf-8,,Yes,,"index, follow",https://presentail.com/en-lb/tripoli,200,Yes,No,Flower & Gift Delivery in Tripoli | Presentail,46,No,"Send flowers, cakes and gifts with same-day express delivery in Lebanon, UAE, and Cyprus. Premium arrangements from Presentail.",127,No,2,Flower & Gift Delivery in Tripoli | Presentail | Flower & Gift Delivery in Tripoli | Presentail,Yes,No,2,None,en,Online Flower & Gift Delivery | Presentail,"Send flowers, cakes and gifts with same-day express delivery in Lebanon, UAE, and Cyprus. Premium arrangements from Presentail.",https://presentail.com/,https://presentail.com/opengraph.jpg,Yes,,None,en-LB:https://presentail.com/en-lb/beirut | ar-LB:https://presentail.com/ar-lb/beirut | fr-LB:https://presentail.com/fr-lb/beirut | en-AE:https://presentail.com/en-ae/dubai | ar-AE:https://presentail.com/ar-ae/dubai | fr-AE:https://presentail.com/fr-ae/dubai | en-CY:https://presentail.com/en-cy/limassol | ar-CY:https://presentail.com/ar-cy/limassol | fr-CY:https://presentail.com/fr-cy/limassol | x-default:https://presentail.com/en-lb/beirut,None,Yes,243,20407,9.9%,12,0,Yes,No,No,No,https://presentail.com/en-lb/tripoli.md,200,text/markdown; charset=utf-8,Yes,Yes,"<https://presentail.com/en-lb/tripoli>; rel=""canonical""; type=""text/html""",Yes,No,Low,Multiple H1
https://presentail.com/en-lb/tripoli/brands,other,en,LB,tripoli,2026-07-22,200,200,https://presentail.com/en-lb/tripoli/brands,0,https://presentail.com/en-lb/tripoli/brands [200],271,text/html; charset=utf-8,,Yes,,"index, follow",https://presentail.com/en-lb/tripoli/brands,200,Yes,No,Partner Brands in Tripoli | Presentail,38,No,"Send flowers, cakes and gifts with same-day express delivery in Lebanon, UAE, and Cyprus. Premium arrangements from Presentail.",127,No,2,Partner Brands in Tripoli | Presentail | Partner Brands in Tripoli | Presentail,Yes,No,1,None,en,Online Flower & Gift Delivery | Presentail,"Send flowers, cakes and gifts with same-day express delivery in Lebanon, UAE, and Cyprus. Premium arrangements from Presentail.",https://presentail.com/,https://presentail.com/opengraph.jpg,Yes,,None,en-LB:https://presentail.com/en-lb/beirut/brands | ar-LB:https://presentail.com/ar-lb/beirut/brands | fr-LB:https://presentail.com/fr-lb/beirut/brands | en-AE:https://presentail.com/en-ae/dubai/brands | ar-AE:https://presentail.com/ar-ae/dubai/brands | fr-AE:https://presentail.com/fr-ae/dubai/brands | en-CY:https://presentail.com/en-cy/limassol/brands | ar-CY:https://presentail.com/ar-cy/limassol/brands | fr-CY:https://presentail.com/fr-cy/limassol/brands | x-default:https://presentail.com/en-lb/beirut/brands,None,Yes,145,16982,6.1%,6,0,Yes,No,No,No,https://presentail.com/en-lb/tripoli/brands.md,200,text/markdown; charset=utf-8,Yes,Yes,"<https://presentail.com/en-lb/tripoli/brands>; rel=""canonical""; type=""text/html""",Yes,No,Low,Multiple H1
https://presentail.com/en-lb/tripoli/occasions,occasion,en,LB,tripoli,2026-07-22,200,200,https://presentail.com/en-lb/tripoli/occasions,0,https://presentail.com/en-lb/tripoli/occasions [200],269,text/html; charset=utf-8,,Yes,,"index, follow",https://presentail.com/en-lb/tripoli/occasions,200,Yes,No,Shop by Occasion in Tripoli | Presentail,40,No,"Send flowers, cakes and gifts with same-day express delivery in Lebanon, UAE, and Cyprus. Premium arrangements from Presentail.",127,No,2,Shop by Occasion in Tripoli | Presentail | Shop by Occasion in Tripoli | Presentail,Yes,No,1,None,en,Online Flower & Gift Delivery | Presentail,"Send flowers, cakes and gifts with same-day express delivery in Lebanon, UAE, and Cyprus. Premium arrangements from Presentail.",https://presentail.com/,https://presentail.com/opengraph.jpg,Yes,,None,en-LB:https://presentail.com/en-lb/beirut/occasions | ar-LB:https://presentail.com/ar-lb/beirut/occasions | fr-LB:https://presentail.com/fr-lb/beirut/occasions | en-AE:https://presentail.com/en-ae/dubai/occasions | ar-AE:https://presentail.com/ar-ae/dubai/occasions | fr-AE:https://presentail.com/fr-ae/dubai/occasions | en-CY:https://presentail.com/en-cy/limassol/occasions | ar-CY:https://presentail.com/ar-cy/limassol/occasions | fr-CY:https://presentail.com/fr-cy/limassol/occasions | x-default:https://presentail.com/en-lb/beirut/occasions,None,Yes,175,17339,6.9%,6,0,Yes,No,No,No,https://presentail.com/en-lb/tripoli/occasions.md,200,text/markdown; charset=utf-8,Yes,Yes,"<https://presentail.com/en-lb/tripoli/occasions>; rel=""canonical""; type=""text/html""",Yes,No,Low,Multiple H1
https://presentail.com/en-lb/tripoli/contact,info,en,LB,tripoli,2026-07-22,200,200,https://presentail.com/en-lb/tripoli/contact,0,https://presentail.com/en-lb/tripoli/contact [200],306,text/html; charset=utf-8,,Yes,,"index, follow",https://presentail.com/en-lb/tripoli/contact,200,Yes,No,Contact Presentail in Tripoli | Gift Delivery Help,50,No,"Send flowers, cakes and gifts with same-day express delivery in Lebanon, UAE, and Cyprus. Premium arrangements from Presentail.",127,No,2,Contact Presentail in Tripoli | Gift Delivery Help | Contact Presentail in Tripoli | Gift Delivery Help,Yes,No,1,None,en,Online Flower & Gift Delivery | Presentail,"Send flowers, cakes and gifts with same-day express delivery in Lebanon, UAE, and Cyprus. Premium arrangements from Presentail.",https://presentail.com/,https://presentail.com/opengraph.jpg,Yes,,None,en-LB:https://presentail.com/en-lb/beirut/contact | ar-LB:https://presentail.com/ar-lb/beirut/contact | fr-LB:https://presentail.com/fr-lb/beirut/contact | en-AE:https://presentail.com/en-ae/dubai/contact | ar-AE:https://presentail.com/ar-ae/dubai/contact | fr-AE:https://presentail.com/fr-ae/dubai/contact | en-CY:https://presentail.com/en-cy/limassol/contact | ar-CY:https://presentail.com/ar-cy/limassol/contact | fr-CY:https://presentail.com/fr-cy/limassol/contact | x-default:https://presentail.com/en-lb/beirut/contact,None,Yes,187,17781,6.7%,6,0,Yes,No,No,No,https://presentail.com/en-lb/tripoli/contact.md,200,text/markdown; charset=utf-8,Yes,Yes,"<https://presentail.com/en-lb/tripoli/contact>; rel=""canonical""; type=""text/html""",Yes,No,Low,Multiple H1
https://presentail.com/en-lb/tripoli/faqs,info,en,LB,tripoli,2026-07-22,200,200,https://presentail.com/en-lb/tripoli/faqs,0,https://presentail.com/en-lb/tripoli/faqs [200],316,text/html; charset=utf-8,,Yes,,"index, follow",https://presentail.com/en-lb/tripoli/faqs,200,Yes,No,Flower Delivery FAQs in Tripoli | Presentail,44,No,"Send flowers, cakes and gifts with same-day express delivery in Lebanon, UAE, and Cyprus. Premium arrangements from Presentail.",127,No,2,Flower Delivery FAQs in Tripoli | Presentail | Flower Delivery FAQs in Tripoli | Presentail,Yes,No,1,None,en,Online Flower & Gift Delivery | Presentail,"Send flowers, cakes and gifts with same-day express delivery in Lebanon, UAE, and Cyprus. Premium arrangements from Presentail.",https://presentail.com/,https://presentail.com/opengraph.jpg,Yes,,None,en-LB:https://presentail.com/en-lb/beirut/faqs | ar-LB:https://presentail.com/ar-lb/beirut/faqs | fr-LB:https://presentail.com/fr-lb/beirut/faqs | en-AE:https://presentail.com/en-ae/dubai/faqs | ar-AE:https://presentail.com/ar-ae/dubai/faqs | fr-AE:https://presentail.com/fr-ae/dubai/faqs | en-CY:https://presentail.com/en-cy/limassol/faqs | ar-CY:https://presentail.com/ar-cy/limassol/faqs | fr-CY:https://presentail.com/fr-cy/limassol/faqs | x-default:https://presentail.com/en-lb/beirut/faqs,None,Yes,147,19404,5.3%,6,0,Yes,No,No,No,https://presentail.com/en-lb/tripoli/faqs.md,200,text/markdown; charset=utf-8,Yes,Yes,"<https://presentail.com/en-lb/tripoli/faqs>; rel=""canonical""; type=""text/html""",Yes,No,Low,Multiple H1
https://presentail.com/en-lb/tripoli/weddings,other,en,LB,tripoli,2026-07-22,200,200,https://presentail.com/en-lb/tripoli/weddings,0,https://presentail.com/en-lb/tripoli/weddings [200],226,text/html; charset=utf-8,,Yes,,"index, follow",https://presentail.com/en-lb/tripoli/weddings,200,Yes,No,Wedding Flowers in Tripoli | Presentail,39,No,"Send flowers, cakes and gifts with same-day express delivery in Lebanon, UAE, and Cyprus. Premium arrangements from Presentail.",127,No,2,Wedding Flowers in Tripoli | Presentail | Wedding Flowers in Tripoli | Presentail,Yes,No,1,None,en,Online Flower & Gift Delivery | Presentail,"Send flowers, cakes and gifts with same-day express delivery in Lebanon, UAE, and Cyprus. Premium arrangements from Presentail.",https://presentail.com/,https://presentail.com/opengraph.jpg,Yes,,None,en-LB:https://presentail.com/en-lb/beirut/weddings | ar-LB:https://presentail.com/ar-lb/beirut/weddings | fr-LB:https://presentail.com/fr-lb/beirut/weddings | en-AE:https://presentail.com/en-ae/dubai/weddings | ar-AE:https://presentail.com/ar-ae/dubai/weddings | fr-AE:https://presentail.com/fr-ae/dubai/weddings | en-CY:https://presentail.com/en-cy/limassol/weddings | ar-CY:https://presentail.com/ar-cy/limassol/weddings | fr-CY:https://presentail.com/fr-cy/limassol/weddings | x-default:https://presentail.com/en-lb/beirut/weddings,None,Yes,179,17548,7.1%,6,0,Yes,No,No,No,https://presentail.com/en-lb/tripoli/weddings.md,200,text/markdown; charset=utf-8,Yes,Yes,"<https://presentail.com/en-lb/tripoli/weddings>; rel=""canonical""; type=""text/html""",Yes,No,Low,Multiple H1
https://presentail.com/en-lb/tripoli/corporate,other,en,LB,tripoli,2026-07-22,200,200,https://presentail.com/en-lb/tripoli/corporate,0,https://presentail.com/en-lb/tripoli/corporate [200],220,text/html; charset=utf-8,,Yes,,"index, follow",https://presentail.com/en-lb/tripoli/corporate,200,Yes,No,Corporate Gifting in Tripoli | Presentail,41,No,"Send flowers, cakes and gifts with same-day express delivery in Lebanon, UAE, and Cyprus. Premium arrangements from Presentail.",127,No,2,Corporate Gifting in Tripoli | Presentail | Corporate Gifting in Tripoli | Presentail,Yes,No,1,None,en,Online Flower & Gift Delivery | Presentail,"Send flowers, cakes and gifts with same-day express delivery in Lebanon, UAE, and Cyprus. Premium arrangements from Presentail.",https://presentail.com/,https://presentail.com/opengraph.jpg,Yes,,None,en-LB:https://presentail.com/en-lb/beirut/corporate | ar-LB:https://presentail.com/ar-lb/beirut/corporate | fr-LB:https://presentail.com/fr-lb/beirut/corporate | en-AE:https://presentail.com/en-ae/dubai/corporate | ar-AE:https://presentail.com/ar-ae/dubai/corporate | fr-AE:https://presentail.com/fr-ae/dubai/corporate | en-CY:https://presentail.com/en-cy/limassol/corporate | ar-CY:https://presentail.com/ar-cy/limassol/corporate | fr-CY:https://presentail.com/fr-cy/limassol/corporate | x-default:https://presentail.com/en-lb/beirut/corporate,None,Yes,170,17487,6.8%,6,0,Yes,No,No,No,https://presentail.com/en-lb/tripoli/corporate.md,200,text/markdown; charset=utf-8,Yes,Yes,"<https://presentail.com/en-lb/tripoli/corporate>; rel=""canonical""; type=""text/html""",Yes,No,Low,Multiple H1
https://presentail.com/en-lb/tyre,homepage,en,LB,tyre,2026-07-22,200,200,https://presentail.com/en-lb/tyre,0,https://presentail.com/en-lb/tyre [200],187,text/html; charset=utf-8,,Yes,,"index, follow",https://presentail.com/en-lb/tyre,200,Yes,No,Flower & Gift Delivery in Tyre | Presentail,43,No,"Send flowers, cakes and gifts with same-day express delivery in Lebanon, UAE, and Cyprus. Premium arrangements from Presentail.",127,No,2,Flower & Gift Delivery in Tyre | Presentail | Flower & Gift Delivery in Tyre | Presentail,Yes,No,2,None,en,Online Flower & Gift Delivery | Presentail,"Send flowers, cakes and gifts with same-day express delivery in Lebanon, UAE, and Cyprus. Premium arrangements from Presentail.",https://presentail.com/,https://presentail.com/opengraph.jpg,Yes,,None,en-LB:https://presentail.com/en-lb/beirut | ar-LB:https://presentail.com/ar-lb/beirut | fr-LB:https://presentail.com/fr-lb/beirut | en-AE:https://presentail.com/en-ae/dubai | ar-AE:https://presentail.com/ar-ae/dubai | fr-AE:https://presentail.com/fr-ae/dubai | en-CY:https://presentail.com/en-cy/limassol | ar-CY:https://presentail.com/ar-cy/limassol | fr-CY:https://presentail.com/fr-cy/limassol | x-default:https://presentail.com/en-lb/beirut,None,Yes,248,20293,9.8%,12,0,Yes,No,No,No,https://presentail.com/en-lb/tyre.md,200,text/markdown; charset=utf-8,Yes,Yes,"<https://presentail.com/en-lb/tyre>; rel=""canonical""; type=""text/html""",Yes,No,Low,Multiple H1
https://presentail.com/en-lb/tyre/brands,other,en,LB,tyre,2026-07-22,200,200,https://presentail.com/en-lb/tyre/brands,0,https://presentail.com/en-lb/tyre/brands [200],213,text/html; charset=utf-8,,Yes,,"index, follow",https://presentail.com/en-lb/tyre/brands,200,Yes,No,Partner Brands in Tyre | Presentail,35,No,"Send flowers, cakes and gifts with same-day express delivery in Lebanon, UAE, and Cyprus. Premium arrangements from Presentail.",127,No,2,Partner Brands in Tyre | Presentail | Partner Brands in Tyre | Presentail,Yes,No,1,None,en,Online Flower & Gift Delivery | Presentail,"Send flowers, cakes and gifts with same-day express delivery in Lebanon, UAE, and Cyprus. Premium arrangements from Presentail.",https://presentail.com/,https://presentail.com/opengraph.jpg,Yes,,None,en-LB:https://presentail.com/en-lb/beirut/brands | ar-LB:https://presentail.com/ar-lb/beirut/brands | fr-LB:https://presentail.com/fr-lb/beirut/brands | en-AE:https://presentail.com/en-ae/dubai/brands | ar-AE:https://presentail.com/ar-ae/dubai/brands | fr-AE:https://presentail.com/fr-ae/dubai/brands | en-CY:https://presentail.com/en-cy/limassol/brands | ar-CY:https://presentail.com/ar-cy/limassol/brands | fr-CY:https://presentail.com/fr-cy/limassol/brands | x-default:https://presentail.com/en-lb/beirut/brands,None,Yes,145,16898,6.0%,6,0,Yes,No,No,No,https://presentail.com/en-lb/tyre/brands.md,200,text/markdown; charset=utf-8,Yes,Yes,"<https://presentail.com/en-lb/tyre/brands>; rel=""canonical""; type=""text/html""",Yes,No,Low,Multiple H1
https://presentail.com/en-lb/tyre/occasions,occasion,en,LB,tyre,2026-07-22,200,200,https://presentail.com/en-lb/tyre/occasions,0,https://presentail.com/en-lb/tyre/occasions [200],229,text/html; charset=utf-8,,Yes,,"index, follow",https://presentail.com/en-lb/tyre/occasions,200,Yes,No,Shop by Occasion in Tyre | Presentail,37,No,"Send flowers, cakes and gifts with same-day express delivery in Lebanon, UAE, and Cyprus. Premium arrangements from Presentail.",127,No,2,Shop by Occasion in Tyre | Presentail | Shop by Occasion in Tyre | Presentail,Yes,No,1,None,en,Online Flower & Gift Delivery | Presentail,"Send flowers, cakes and gifts with same-day express delivery in Lebanon, UAE, and Cyprus. Premium arrangements from Presentail.",https://presentail.com/,https://presentail.com/opengraph.jpg,Yes,,None,en-LB:https://presentail.com/en-lb/beirut/occasions | ar-LB:https://presentail.com/ar-lb/beirut/occasions | fr-LB:https://presentail.com/fr-lb/beirut/occasions | en-AE:https://presentail.com/en-ae/dubai/occasions | ar-AE:https://presentail.com/ar-ae/dubai/occasions | fr-AE:https://presentail.com/fr-ae/dubai/occasions | en-CY:https://presentail.com/en-cy/limassol/occasions | ar-CY:https://presentail.com/ar-cy/limassol/occasions | fr-CY:https://presentail.com/fr-cy/limassol/occasions | x-default:https://presentail.com/en-lb/beirut/occasions,None,Yes,175,17249,6.8%,6,0,Yes,No,No,No,https://presentail.com/en-lb/tyre/occasions.md,200,text/markdown; charset=utf-8,Yes,Yes,"<https://presentail.com/en-lb/tyre/occasions>; rel=""canonical""; type=""text/html""",Yes,No,Low,Multiple H1
https://presentail.com/en-lb/tyre/contact,info,en,LB,tyre,2026-07-22,200,200,https://presentail.com/en-lb/tyre/contact,0,https://presentail.com/en-lb/tyre/contact [200],199,text/html; charset=utf-8,,Yes,,"index, follow",https://presentail.com/en-lb/tyre/contact,200,Yes,No,Contact Presentail in Tyre | Gift Delivery Help,47,No,"Send flowers, cakes and gifts with same-day express delivery in Lebanon, UAE, and Cyprus. Premium arrangements from Presentail.",127,No,2,Contact Presentail in Tyre | Gift Delivery Help | Contact Presentail in Tyre | Gift Delivery Help,Yes,No,1,None,en,Online Flower & Gift Delivery | Presentail,"Send flowers, cakes and gifts with same-day express delivery in Lebanon, UAE, and Cyprus. Premium arrangements from Presentail.",https://presentail.com/,https://presentail.com/opengraph.jpg,Yes,,None,en-LB:https://presentail.com/en-lb/beirut/contact | ar-LB:https://presentail.com/ar-lb/beirut/contact | fr-LB:https://presentail.com/fr-lb/beirut/contact | en-AE:https://presentail.com/en-ae/dubai/contact | ar-AE:https://presentail.com/ar-ae/dubai/contact | fr-AE:https://presentail.com/fr-ae/dubai/contact | en-CY:https://presentail.com/en-cy/limassol/contact | ar-CY:https://presentail.com/ar-cy/limassol/contact | fr-CY:https://presentail.com/fr-cy/limassol/contact | x-default:https://presentail.com/en-lb/beirut/contact,None,Yes,187,17700,6.6%,6,0,Yes,No,No,No,https://presentail.com/en-lb/tyre/contact.md,200,text/markdown; charset=utf-8,Yes,Yes,"<https://presentail.com/en-lb/tyre/contact>; rel=""canonical""; type=""text/html""",Yes,No,Low,Multiple H1
https://presentail.com/en-lb/tyre/faqs,info,en,LB,tyre,2026-07-22,200,200,https://presentail.com/en-lb/tyre/faqs,0,https://presentail.com/en-lb/tyre/faqs [200],286,text/html; charset=utf-8,,Yes,,"index, follow",https://presentail.com/en-lb/tyre/faqs,200,Yes,No,Flower Delivery FAQs in Tyre | Presentail,41,No,"Send flowers, cakes and gifts with same-day express delivery in Lebanon, UAE, and Cyprus. Premium arrangements from Presentail.",127,No,2,Flower Delivery FAQs in Tyre | Presentail | Flower Delivery FAQs in Tyre | Presentail,Yes,No,1,None,en,Online Flower & Gift Delivery | Presentail,"Send flowers, cakes and gifts with same-day express delivery in Lebanon, UAE, and Cyprus. Premium arrangements from Presentail.",https://presentail.com/,https://presentail.com/opengraph.jpg,Yes,,None,en-LB:https://presentail.com/en-lb/beirut/faqs | ar-LB:https://presentail.com/ar-lb/beirut/faqs | fr-LB:https://presentail.com/fr-lb/beirut/faqs | en-AE:https://presentail.com/en-ae/dubai/faqs | ar-AE:https://presentail.com/ar-ae/dubai/faqs | fr-AE:https://presentail.com/fr-ae/dubai/faqs | en-CY:https://presentail.com/en-cy/limassol/faqs | ar-CY:https://presentail.com/ar-cy/limassol/faqs | fr-CY:https://presentail.com/fr-cy/limassol/faqs | x-default:https://presentail.com/en-lb/beirut/faqs,None,Yes,147,19344,5.2%,6,0,Yes,No,No,No,https://presentail.com/en-lb/tyre/faqs.md,200,text/markdown; charset=utf-8,Yes,Yes,"<https://presentail.com/en-lb/tyre/faqs>; rel=""canonical""; type=""text/html""",Yes,No,Low,Multiple H1
https://presentail.com/en-lb/tyre/weddings,other,en,LB,tyre,2026-07-22,200,200,https://presentail.com/en-lb/tyre/weddings,0,https://presentail.com/en-lb/tyre/weddings [200],219,text/html; charset=utf-8,,Yes,,"index, follow",https://presentail.com/en-lb/tyre/weddings,200,Yes,No,Wedding Flowers in Tyre | Presentail,36,No,"Send flowers, cakes and gifts with same-day express delivery in Lebanon, UAE, and Cyprus. Premium arrangements from Presentail.",127,No,2,Wedding Flowers in Tyre | Presentail | Wedding Flowers in Tyre | Presentail,Yes,No,1,None,en,Online Flower & Gift Delivery | Presentail,"Send flowers, cakes and gifts with same-day express delivery in Lebanon, UAE, and Cyprus. Premium arrangements from Presentail.",https://presentail.com/,https://presentail.com/opengraph.jpg,Yes,,None,en-LB:https://presentail.com/en-lb/beirut/weddings | ar-LB:https://presentail.com/ar-lb/beirut/weddings | fr-LB:https://presentail.com/fr-lb/beirut/weddings | en-AE:https://presentail.com/en-ae/dubai/weddings | ar-AE:https://presentail.com/ar-ae/dubai/weddings | fr-AE:https://presentail.com/fr-ae/dubai/weddings | en-CY:https://presentail.com/en-cy/limassol/weddings | ar-CY:https://presentail.com/ar-cy/limassol/weddings | fr-CY:https://presentail.com/fr-cy/limassol/weddings | x-default:https://presentail.com/en-lb/beirut/weddings,None,Yes,179,17452,7.0%,6,0,Yes,No,No,No,https://presentail.com/en-lb/tyre/weddings.md,200,text/markdown; charset=utf-8,Yes,Yes,"<https://presentail.com/en-lb/tyre/weddings>; rel=""canonical""; type=""text/html""",Yes,No,Low,Multiple H1
https://presentail.com/en-lb/tyre/corporate,other,en,LB,tyre,2026-07-22,200,200,https://presentail.com/en-lb/tyre/corporate,0,https://presentail.com/en-lb/tyre/corporate [200],179,text/html; charset=utf-8,,Yes,,"index, follow",https://presentail.com/en-lb/tyre/corporate,200,Yes,No,Corporate Gifting in Tyre | Presentail,38,No,"Send flowers, cakes and gifts with same-day express delivery in Lebanon, UAE, and Cyprus. Premium arrangements from Presentail.",127,No,2,Corporate Gifting in Tyre | Presentail | Corporate Gifting in Tyre | Presentail,Yes,No,1,None,en,Online Flower & Gift Delivery | Presentail,"Send flowers, cakes and gifts with same-day express delivery in Lebanon, UAE, and Cyprus. Premium arrangements from Presentail.",https://presentail.com/,https://presentail.com/opengraph.jpg,Yes,,None,en-LB:https://presentail.com/en-lb/beirut/corporate | ar-LB:https://presentail.com/ar-lb/beirut/corporate | fr-LB:https://presentail.com/fr-lb/beirut/corporate | en-AE:https://presentail.com/en-ae/dubai/corporate | ar-AE:https://presentail.com/ar-ae/dubai/corporate | fr-AE:https://presentail.com/fr-ae/dubai/corporate | en-CY:https://presentail.com/en-cy/limassol/corporate | ar-CY:https://presentail.com/ar-cy/limassol/corporate | fr-CY:https://presentail.com/fr-cy/limassol/corporate | x-default:https://presentail.com/en-lb/beirut/corporate,None,Yes,170,17403,6.7%,6,0,Yes,No,No,No,https://presentail.com/en-lb/tyre/corporate.md,200,text/markdown; charset=utf-8,Yes,Yes,"<https://presentail.com/en-lb/tyre/corporate>; rel=""canonical""; type=""text/html""",Yes,No,Low,Multiple H1
https://presentail.com/en-lb/west-bekaa,homepage,en,LB,west-bekaa,2026-07-22,200,200,https://presentail.com/en-lb/west-bekaa,0,https://presentail.com/en-lb/west-bekaa [200],213,text/html; charset=utf-8,,Yes,,"index, follow",https://presentail.com/en-lb/west-bekaa,200,Yes,No,Flower & Gift Delivery in West Bekaa | Presentail,49,No,"Send flowers, cakes and gifts with same-day express delivery in Lebanon, UAE, and Cyprus. Premium arrangements from Presentail.",127,No,2,Flower & Gift Delivery in West Bekaa | Presentail | Flower & Gift Delivery in West Bekaa | Presentail,Yes,No,2,None,en,Online Flower & Gift Delivery | Presentail,"Send flowers, cakes and gifts with same-day express delivery in Lebanon, UAE, and Cyprus. Premium arrangements from Presentail.",https://presentail.com/,https://presentail.com/opengraph.jpg,Yes,,None,en-LB:https://presentail.com/en-lb/beirut | ar-LB:https://presentail.com/ar-lb/beirut | fr-LB:https://presentail.com/fr-lb/beirut | en-AE:https://presentail.com/en-ae/dubai | ar-AE:https://presentail.com/ar-ae/dubai | fr-AE:https://presentail.com/fr-ae/dubai | en-CY:https://presentail.com/en-cy/limassol | ar-CY:https://presentail.com/ar-cy/limassol | fr-CY:https://presentail.com/fr-cy/limassol | x-default:https://presentail.com/en-lb/beirut,None,Yes,259,20534,10.0%,12,0,Yes,No,No,No,https://presentail.com/en-lb/west-bekaa.md,200,text/markdown; charset=utf-8,Yes,Yes,"<https://presentail.com/en-lb/west-bekaa>; rel=""canonical""; type=""text/html""",Yes,No,Low,Multiple H1
https://presentail.com/en-lb/west-bekaa/brands,other,en,LB,west-bekaa,2026-07-22,200,200,https://presentail.com/en-lb/west-bekaa/brands,0,https://presentail.com/en-lb/west-bekaa/brands [200],217,text/html; charset=utf-8,,Yes,,"index, follow",https://presentail.com/en-lb/west-bekaa/brands,200,Yes,No,Partner Brands in West Bekaa | Presentail,41,No,"Send flowers, cakes and gifts with same-day express delivery in Lebanon, UAE, and Cyprus. Premium arrangements from Presentail.",127,No,2,Partner Brands in West Bekaa | Presentail | Partner Brands in West Bekaa | Presentail,Yes,No,1,None,en,Online Flower & Gift Delivery | Presentail,"Send flowers, cakes and gifts with same-day express delivery in Lebanon, UAE, and Cyprus. Premium arrangements from Presentail.",https://presentail.com/,https://presentail.com/opengraph.jpg,Yes,,None,en-LB:https://presentail.com/en-lb/beirut/brands | ar-LB:https://presentail.com/ar-lb/beirut/brands | fr-LB:https://presentail.com/fr-lb/beirut/brands | en-AE:https://presentail.com/en-ae/dubai/brands | ar-AE:https://presentail.com/ar-ae/dubai/brands | fr-AE:https://presentail.com/fr-ae/dubai/brands | en-CY:https://presentail.com/en-cy/limassol/brands | ar-CY:https://presentail.com/ar-cy/limassol/brands | fr-CY:https://presentail.com/fr-cy/limassol/brands | x-default:https://presentail.com/en-lb/beirut/brands,None,Yes,152,17066,6.2%,6,0,Yes,No,No,No,https://presentail.com/en-lb/west-bekaa/brands.md,200,text/markdown; charset=utf-8,Yes,Yes,"<https://presentail.com/en-lb/west-bekaa/brands>; rel=""canonical""; type=""text/html""",Yes,No,Low,Multiple H1
https://presentail.com/en-lb/west-bekaa/occasions,occasion,en,LB,west-bekaa,2026-07-22,200,200,https://presentail.com/en-lb/west-bekaa/occasions,0,https://presentail.com/en-lb/west-bekaa/occasions [200],201,text/html; charset=utf-8,,Yes,,"index, follow",https://presentail.com/en-lb/west-bekaa/occasions,200,Yes,No,Shop by Occasion in West Bekaa | Presentail,43,No,"Send flowers, cakes and gifts with same-day express delivery in Lebanon, UAE, and Cyprus. Premium arrangements from Presentail.",127,No,2,Shop by Occasion in West Bekaa | Presentail | Shop by Occasion in West Bekaa | Presentail,Yes,No,1,None,en,Online Flower & Gift Delivery | Presentail,"Send flowers, cakes and gifts with same-day express delivery in Lebanon, UAE, and Cyprus. Premium arrangements from Presentail.",https://presentail.com/,https://presentail.com/opengraph.jpg,Yes,,None,en-LB:https://presentail.com/en-lb/beirut/occasions | ar-LB:https://presentail.com/ar-lb/beirut/occasions | fr-LB:https://presentail.com/fr-lb/beirut/occasions | en-AE:https://presentail.com/en-ae/dubai/occasions | ar-AE:https://presentail.com/ar-ae/dubai/occasions | fr-AE:https://presentail.com/fr-ae/dubai/occasions | en-CY:https://presentail.com/en-cy/limassol/occasions | ar-CY:https://presentail.com/ar-cy/limassol/occasions | fr-CY:https://presentail.com/fr-cy/limassol/occasions | x-default:https://presentail.com/en-lb/beirut/occasions,None,Yes,183,17429,7.0%,6,0,Yes,No,No,No,https://presentail.com/en-lb/west-bekaa/occasions.md,200,text/markdown; charset=utf-8,Yes,Yes,"<https://presentail.com/en-lb/west-bekaa/occasions>; rel=""canonical""; type=""text/html""",Yes,No,Low,Multiple H1
https://presentail.com/en-lb/west-bekaa/contact,info,en,LB,west-bekaa,2026-07-22,200,200,https://presentail.com/en-lb/west-bekaa/contact,0,https://presentail.com/en-lb/west-bekaa/contact [200],276,text/html; charset=utf-8,,Yes,,"index, follow",https://presentail.com/en-lb/west-bekaa/contact,200,Yes,No,Contact Presentail in West Bekaa | Gift Delivery Help,53,No,"Send flowers, cakes and gifts with same-day express delivery in Lebanon, UAE, and Cyprus. Premium arrangements from Presentail.",127,No,2,Contact Presentail in West Bekaa | Gift Delivery Help | Contact Presentail in West Bekaa | Gift Delivery Help,Yes,No,1,None,en,Online Flower & Gift Delivery | Presentail,"Send flowers, cakes and gifts with same-day express delivery in Lebanon, UAE, and Cyprus. Premium arrangements from Presentail.",https://presentail.com/,https://presentail.com/opengraph.jpg,Yes,,None,en-LB:https://presentail.com/en-lb/beirut/contact | ar-LB:https://presentail.com/ar-lb/beirut/contact | fr-LB:https://presentail.com/fr-lb/beirut/contact | en-AE:https://presentail.com/en-ae/dubai/contact | ar-AE:https://presentail.com/ar-ae/dubai/contact | fr-AE:https://presentail.com/fr-ae/dubai/contact | en-CY:https://presentail.com/en-cy/limassol/contact | ar-CY:https://presentail.com/ar-cy/limassol/contact | fr-CY:https://presentail.com/fr-cy/limassol/contact | x-default:https://presentail.com/en-lb/beirut/contact,None,Yes,192,17862,6.7%,6,0,Yes,No,No,No,https://presentail.com/en-lb/west-bekaa/contact.md,200,text/markdown; charset=utf-8,Yes,Yes,"<https://presentail.com/en-lb/west-bekaa/contact>; rel=""canonical""; type=""text/html""",Yes,No,Low,Multiple H1
https://presentail.com/en-lb/west-bekaa/faqs,info,en,LB,west-bekaa,2026-07-22,200,200,https://presentail.com/en-lb/west-bekaa/faqs,0,https://presentail.com/en-lb/west-bekaa/faqs [200],289,text/html; charset=utf-8,,Yes,,"index, follow",https://presentail.com/en-lb/west-bekaa/faqs,200,Yes,No,Flower Delivery FAQs in West Bekaa | Presentail,47,No,"Send flowers, cakes and gifts with same-day express delivery in Lebanon, UAE, and Cyprus. Premium arrangements from Presentail.",127,No,2,Flower Delivery FAQs in West Bekaa | Presentail | Flower Delivery FAQs in West Bekaa | Presentail,Yes,No,1,None,en,Online Flower & Gift Delivery | Presentail,"Send flowers, cakes and gifts with same-day express delivery in Lebanon, UAE, and Cyprus. Premium arrangements from Presentail.",https://presentail.com/,https://presentail.com/opengraph.jpg,Yes,,None,en-LB:https://presentail.com/en-lb/beirut/faqs | ar-LB:https://presentail.com/ar-lb/beirut/faqs | fr-LB:https://presentail.com/fr-lb/beirut/faqs | en-AE:https://presentail.com/en-ae/dubai/faqs | ar-AE:https://presentail.com/ar-ae/dubai/faqs | fr-AE:https://presentail.com/fr-ae/dubai/faqs | en-CY:https://presentail.com/en-cy/limassol/faqs | ar-CY:https://presentail.com/ar-cy/limassol/faqs | fr-CY:https://presentail.com/fr-cy/limassol/faqs | x-default:https://presentail.com/en-lb/beirut/faqs,None,Yes,150,19464,5.3%,6,0,Yes,No,No,No,https://presentail.com/en-lb/west-bekaa/faqs.md,200,text/markdown; charset=utf-8,Yes,Yes,"<https://presentail.com/en-lb/west-bekaa/faqs>; rel=""canonical""; type=""text/html""",Yes,No,Low,Multiple H1
https://presentail.com/en-lb/west-bekaa/weddings,other,en,LB,west-bekaa,2026-07-22,200,200,https://presentail.com/en-lb/west-bekaa/weddings,0,https://presentail.com/en-lb/west-bekaa/weddings [200],310,text/html; charset=utf-8,,Yes,,"index, follow",https://presentail.com/en-lb/west-bekaa/weddings,200,Yes,No,Wedding Flowers in West Bekaa | Presentail,42,No,"Send flowers, cakes and gifts with same-day express delivery in Lebanon, UAE, and Cyprus. Premium arrangements from Presentail.",127,No,2,Wedding Flowers in West Bekaa | Presentail | Wedding Flowers in West Bekaa | Presentail,Yes,No,1,None,en,Online Flower & Gift Delivery | Presentail,"Send flowers, cakes and gifts with same-day express delivery in Lebanon, UAE, and Cyprus. Premium arrangements from Presentail.",https://presentail.com/,https://presentail.com/opengraph.jpg,Yes,,None,en-LB:https://presentail.com/en-lb/beirut/weddings | ar-LB:https://presentail.com/ar-lb/beirut/weddings | fr-LB:https://presentail.com/fr-lb/beirut/weddings | en-AE:https://presentail.com/en-ae/dubai/weddings | ar-AE:https://presentail.com/ar-ae/dubai/weddings | fr-AE:https://presentail.com/fr-ae/dubai/weddings | en-CY:https://presentail.com/en-cy/limassol/weddings | ar-CY:https://presentail.com/ar-cy/limassol/weddings | fr-CY:https://presentail.com/fr-cy/limassol/weddings | x-default:https://presentail.com/en-lb/beirut/weddings,None,Yes,188,17644,7.2%,6,0,Yes,No,No,No,https://presentail.com/en-lb/west-bekaa/weddings.md,200,text/markdown; charset=utf-8,Yes,Yes,"<https://presentail.com/en-lb/west-bekaa/weddings>; rel=""canonical""; type=""text/html""",Yes,No,Low,Multiple H1
https://presentail.com/en-lb/west-bekaa/corporate,other,en,LB,west-bekaa,2026-07-22,200,200,https://presentail.com/en-lb/west-bekaa/corporate,0,https://presentail.com/en-lb/west-bekaa/corporate [200],230,text/html; charset=utf-8,,Yes,,"index, follow",https://presentail.com/en-lb/west-bekaa/corporate,200,Yes,No,Corporate Gifting in West Bekaa | Presentail,44,No,"Send flowers, cakes and gifts with same-day express delivery in Lebanon, UAE, and Cyprus. Premium arrangements from Presentail.",127,No,2,Corporate Gifting in West Bekaa | Presentail | Corporate Gifting in West Bekaa | Presentail,Yes,No,1,None,en,Online Flower & Gift Delivery | Presentail,"Send flowers, cakes and gifts with same-day express delivery in Lebanon, UAE, and Cyprus. Premium arrangements from Presentail.",https://presentail.com/,https://presentail.com/opengraph.jpg,Yes,,None,en-LB:https://presentail.com/en-lb/beirut/corporate | ar-LB:https://presentail.com/ar-lb/beirut/corporate | fr-LB:https://presentail.com/fr-lb/beirut/corporate | en-AE:https://presentail.com/en-ae/dubai/corporate | ar-AE:https://presentail.com/ar-ae/dubai/corporate | fr-AE:https://presentail.com/fr-ae/dubai/corporate | en-CY:https://presentail.com/en-cy/limassol/corporate | ar-CY:https://presentail.com/ar-cy/limassol/corporate | fr-CY:https://presentail.com/fr-cy/limassol/corporate | x-default:https://presentail.com/en-lb/beirut/corporate,None,Yes,177,17571,6.9%,6,0,Yes,No,No,No,https://presentail.com/en-lb/west-bekaa/corporate.md,200,text/markdown; charset=utf-8,Yes,Yes,"<https://presentail.com/en-lb/west-bekaa/corporate>; rel=""canonical""; type=""text/html""",Yes,No,Low,Multiple H1
https://presentail.com/en-lb/zahle,homepage,en,LB,zahle,2026-07-22,200,200,https://presentail.com/en-lb/zahle,0,https://presentail.com/en-lb/zahle [200],228,text/html; charset=utf-8,,Yes,,"index, follow",https://presentail.com/en-lb/zahle,200,Yes,No,Flower & Gift Delivery in Zahle | Presentail,44,No,"Send flowers, cakes and gifts with same-day express delivery in Lebanon, UAE, and Cyprus. Premium arrangements from Presentail.",127,No,2,Flower & Gift Delivery in Zahle | Presentail | Flower & Gift Delivery in Zahle | Presentail,Yes,No,2,None,en,Online Flower & Gift Delivery | Presentail,"Send flowers, cakes and gifts with same-day express delivery in Lebanon, UAE, and Cyprus. Premium arrangements from Presentail.",https://presentail.com/,https://presentail.com/opengraph.jpg,Yes,,None,en-LB:https://presentail.com/en-lb/beirut | ar-LB:https://presentail.com/ar-lb/beirut | fr-LB:https://presentail.com/fr-lb/beirut | en-AE:https://presentail.com/en-ae/dubai | ar-AE:https://presentail.com/ar-ae/dubai | fr-AE:https://presentail.com/fr-ae/dubai | en-CY:https://presentail.com/en-cy/limassol | ar-CY:https://presentail.com/ar-cy/limassol | fr-CY:https://presentail.com/fr-cy/limassol | x-default:https://presentail.com/en-lb/beirut,None,Yes,245,20360,10.0%,12,0,Yes,No,No,No,https://presentail.com/en-lb/zahle.md,200,text/markdown; charset=utf-8,Yes,Yes,"<https://presentail.com/en-lb/zahle>; rel=""canonical""; type=""text/html""",Yes,No,Low,Multiple H1
https://presentail.com/en-lb/zahle/brands,other,en,LB,zahle,2026-07-22,200,200,https://presentail.com/en-lb/zahle/brands,0,https://presentail.com/en-lb/zahle/brands [200],392,text/html; charset=utf-8,,Yes,,"index, follow",https://presentail.com/en-lb/zahle/brands,200,Yes,No,Partner Brands in Zahle | Presentail,36,No,"Send flowers, cakes and gifts with same-day express delivery in Lebanon, UAE, and Cyprus. Premium arrangements from Presentail.",127,No,2,Partner Brands in Zahle | Presentail | Partner Brands in Zahle | Presentail,Yes,No,1,None,en,Online Flower & Gift Delivery | Presentail,"Send flowers, cakes and gifts with same-day express delivery in Lebanon, UAE, and Cyprus. Premium arrangements from Presentail.",https://presentail.com/,https://presentail.com/opengraph.jpg,Yes,,None,en-LB:https://presentail.com/en-lb/beirut/brands | ar-LB:https://presentail.com/ar-lb/beirut/brands | fr-LB:https://presentail.com/fr-lb/beirut/brands | en-AE:https://presentail.com/en-ae/dubai/brands | ar-AE:https://presentail.com/ar-ae/dubai/brands | fr-AE:https://presentail.com/fr-ae/dubai/brands | en-CY:https://presentail.com/en-cy/limassol/brands | ar-CY:https://presentail.com/ar-cy/limassol/brands | fr-CY:https://presentail.com/fr-cy/limassol/brands | x-default:https://presentail.com/en-lb/beirut/brands,None,Yes,145,16926,6.1%,6,0,Yes,No,No,No,https://presentail.com/en-lb/zahle/brands.md,200,text/markdown; charset=utf-8,Yes,Yes,"<https://presentail.com/en-lb/zahle/brands>; rel=""canonical""; type=""text/html""",Yes,No,Low,Multiple H1
https://presentail.com/en-lb/zahle/occasions,occasion,en,LB,zahle,2026-07-22,200,200,https://presentail.com/en-lb/zahle/occasions,0,https://presentail.com/en-lb/zahle/occasions [200],322,text/html; charset=utf-8,,Yes,,"index, follow",https://presentail.com/en-lb/zahle/occasions,200,Yes,No,Shop by Occasion in Zahle | Presentail,38,No,"Send flowers, cakes and gifts with same-day express delivery in Lebanon, UAE, and Cyprus. Premium arrangements from Presentail.",127,No,2,Shop by Occasion in Zahle | Presentail | Shop by Occasion in Zahle | Presentail,Yes,No,1,None,en,Online Flower & Gift Delivery | Presentail,"Send flowers, cakes and gifts with same-day express delivery in Lebanon, UAE, and Cyprus. Premium arrangements from Presentail.",https://presentail.com/,https://presentail.com/opengraph.jpg,Yes,,None,en-LB:https://presentail.com/en-lb/beirut/occasions | ar-LB:https://presentail.com/ar-lb/beirut/occasions | fr-LB:https://presentail.com/fr-lb/beirut/occasions | en-AE:https://presentail.com/en-ae/dubai/occasions | ar-AE:https://presentail.com/ar-ae/dubai/occasions | fr-AE:https://presentail.com/fr-ae/dubai/occasions | en-CY:https://presentail.com/en-cy/limassol/occasions | ar-CY:https://presentail.com/ar-cy/limassol/occasions | fr-CY:https://presentail.com/fr-cy/limassol/occasions | x-default:https://presentail.com/en-lb/beirut/occasions,None,Yes,175,17279,6.8%,6,0,Yes,No,No,No,https://presentail.com/en-lb/zahle/occasions.md,200,text/markdown; charset=utf-8,Yes,Yes,"<https://presentail.com/en-lb/zahle/occasions>; rel=""canonical""; type=""text/html""",Yes,No,Low,Multiple H1
https://presentail.com/en-lb/zahle/contact,info,en,LB,zahle,2026-07-22,200,200,https://presentail.com/en-lb/zahle/contact,0,https://presentail.com/en-lb/zahle/contact [200],273,text/html; charset=utf-8,,Yes,,"index, follow",https://presentail.com/en-lb/zahle/contact,200,Yes,No,Contact Presentail in Zahle | Gift Delivery Help,48,No,"Send flowers, cakes and gifts with same-day express delivery in Lebanon, UAE, and Cyprus. Premium arrangements from Presentail.",127,No,2,Contact Presentail in Zahle | Gift Delivery Help | Contact Presentail in Zahle | Gift Delivery Help,Yes,No,1,None,en,Online Flower & Gift Delivery | Presentail,"Send flowers, cakes and gifts with same-day express delivery in Lebanon, UAE, and Cyprus. Premium arrangements from Presentail.",https://presentail.com/,https://presentail.com/opengraph.jpg,Yes,,None,en-LB:https://presentail.com/en-lb/beirut/contact | ar-LB:https://presentail.com/ar-lb/beirut/contact | fr-LB:https://presentail.com/fr-lb/beirut/contact | en-AE:https://presentail.com/en-ae/dubai/contact | ar-AE:https://presentail.com/ar-ae/dubai/contact | fr-AE:https://presentail.com/fr-ae/dubai/contact | en-CY:https://presentail.com/en-cy/limassol/contact | ar-CY:https://presentail.com/ar-cy/limassol/contact | fr-CY:https://presentail.com/fr-cy/limassol/contact | x-default:https://presentail.com/en-lb/beirut/contact,None,Yes,187,17727,6.6%,6,0,Yes,No,No,No,https://presentail.com/en-lb/zahle/contact.md,200,text/markdown; charset=utf-8,Yes,Yes,"<https://presentail.com/en-lb/zahle/contact>; rel=""canonical""; type=""text/html""",Yes,No,Low,Multiple H1
https://presentail.com/en-lb/zahle/faqs,info,en,LB,zahle,2026-07-22,200,200,https://presentail.com/en-lb/zahle/faqs,0,https://presentail.com/en-lb/zahle/faqs [200],281,text/html; charset=utf-8,,Yes,,"index, follow",https://presentail.com/en-lb/zahle/faqs,200,Yes,No,Flower Delivery FAQs in Zahle | Presentail,42,No,"Send flowers, cakes and gifts with same-day express delivery in Lebanon, UAE, and Cyprus. Premium arrangements from Presentail.",127,No,2,Flower Delivery FAQs in Zahle | Presentail | Flower Delivery FAQs in Zahle | Presentail,Yes,No,1,None,en,Online Flower & Gift Delivery | Presentail,"Send flowers, cakes and gifts with same-day express delivery in Lebanon, UAE, and Cyprus. Premium arrangements from Presentail.",https://presentail.com/,https://presentail.com/opengraph.jpg,Yes,,None,en-LB:https://presentail.com/en-lb/beirut/faqs | ar-LB:https://presentail.com/ar-lb/beirut/faqs | fr-LB:https://presentail.com/fr-lb/beirut/faqs | en-AE:https://presentail.com/en-ae/dubai/faqs | ar-AE:https://presentail.com/ar-ae/dubai/faqs | fr-AE:https://presentail.com/fr-ae/dubai/faqs | en-CY:https://presentail.com/en-cy/limassol/faqs | ar-CY:https://presentail.com/ar-cy/limassol/faqs | fr-CY:https://presentail.com/fr-cy/limassol/faqs | x-default:https://presentail.com/en-lb/beirut/faqs,None,Yes,147,19364,5.2%,6,0,Yes,No,No,No,https://presentail.com/en-lb/zahle/faqs.md,200,text/markdown; charset=utf-8,Yes,Yes,"<https://presentail.com/en-lb/zahle/faqs>; rel=""canonical""; type=""text/html""",Yes,No,Low,Multiple H1
https://presentail.com/en-lb/zahle/weddings,other,en,LB,zahle,2026-07-22,200,200,https://presentail.com/en-lb/zahle/weddings,0,https://presentail.com/en-lb/zahle/weddings [200],283,text/html; charset=utf-8,,Yes,,"index, follow",https://presentail.com/en-lb/zahle/weddings,200,Yes,No,Wedding Flowers in Zahle | Presentail,37,No,"Send flowers, cakes and gifts with same-day express delivery in Lebanon, UAE, and Cyprus. Premium arrangements from Presentail.",127,No,2,Wedding Flowers in Zahle | Presentail | Wedding Flowers in Zahle | Presentail,Yes,No,1,None,en,Online Flower & Gift Delivery | Presentail,"Send flowers, cakes and gifts with same-day express delivery in Lebanon, UAE, and Cyprus. Premium arrangements from Presentail.",https://presentail.com/,https://presentail.com/opengraph.jpg,Yes,,None,en-LB:https://presentail.com/en-lb/beirut/weddings | ar-LB:https://presentail.com/ar-lb/beirut/weddings | fr-LB:https://presentail.com/fr-lb/beirut/weddings | en-AE:https://presentail.com/en-ae/dubai/weddings | ar-AE:https://presentail.com/ar-ae/dubai/weddings | fr-AE:https://presentail.com/fr-ae/dubai/weddings | en-CY:https://presentail.com/en-cy/limassol/weddings | ar-CY:https://presentail.com/ar-cy/limassol/weddings | fr-CY:https://presentail.com/fr-cy/limassol/weddings | x-default:https://presentail.com/en-lb/beirut/weddings,None,Yes,179,17484,7.0%,6,0,Yes,No,No,No,https://presentail.com/en-lb/zahle/weddings.md,200,text/markdown; charset=utf-8,Yes,Yes,"<https://presentail.com/en-lb/zahle/weddings>; rel=""canonical""; type=""text/html""",Yes,No,Low,Multiple H1
https://presentail.com/en-lb/zahle/corporate,other,en,LB,zahle,2026-07-22,200,200,https://presentail.com/en-lb/zahle/corporate,0,https://presentail.com/en-lb/zahle/corporate [200],302,text/html; charset=utf-8,,Yes,,"index, follow",https://presentail.com/en-lb/zahle/corporate,200,Yes,No,Corporate Gifting in Zahle | Presentail,39,No,"Send flowers, cakes and gifts with same-day express delivery in Lebanon, UAE, and Cyprus. Premium arrangements from Presentail.",127,No,2,Corporate Gifting in Zahle | Presentail | Corporate Gifting in Zahle | Presentail,Yes,No,1,None,en,Online Flower & Gift Delivery | Presentail,"Send flowers, cakes and gifts with same-day express delivery in Lebanon, UAE, and Cyprus. Premium arrangements from Presentail.",https://presentail.com/,https://presentail.com/opengraph.jpg,Yes,,None,en-LB:https://presentail.com/en-lb/beirut/corporate | ar-LB:https://presentail.com/ar-lb/beirut/corporate | fr-LB:https://presentail.com/fr-lb/beirut/corporate | en-AE:https://presentail.com/en-ae/dubai/corporate | ar-AE:https://presentail.com/ar-ae/dubai/corporate | fr-AE:https://presentail.com/fr-ae/dubai/corporate | en-CY:https://presentail.com/en-cy/limassol/corporate | ar-CY:https://presentail.com/ar-cy/limassol/corporate | fr-CY:https://presentail.com/fr-cy/limassol/corporate | x-default:https://presentail.com/en-lb/beirut/corporate,None,Yes,170,17431,6.8%,6,0,Yes,No,No,No,https://presentail.com/en-lb/zahle/corporate.md,200,text/markdown; charset=utf-8,Yes,Yes,"<https://presentail.com/en-lb/zahle/corporate>; rel=""canonical""; type=""text/html""",Yes,No,Low,Multiple H1
https://presentail.com/en-lb/zghorta,homepage,en,LB,zghorta,2026-07-22,200,200,https://presentail.com/en-lb/zghorta,0,https://presentail.com/en-lb/zghorta [200],277,text/html; charset=utf-8,,Yes,,"index, follow",https://presentail.com/en-lb/zghorta,200,Yes,No,Flower & Gift Delivery in Zgharta | Presentail,46,No,"Send flowers, cakes and gifts with same-day express delivery in Lebanon, UAE, and Cyprus. Premium arrangements from Presentail.",127,No,2,Flower & Gift Delivery in Zgharta | Presentail | Flower & Gift Delivery in Zgharta | Presentail,Yes,No,2,None,en,Online Flower & Gift Delivery | Presentail,"Send flowers, cakes and gifts with same-day express delivery in Lebanon, UAE, and Cyprus. Premium arrangements from Presentail.",https://presentail.com/,https://presentail.com/opengraph.jpg,Yes,,None,en-LB:https://presentail.com/en-lb/beirut | ar-LB:https://presentail.com/ar-lb/beirut | fr-LB:https://presentail.com/fr-lb/beirut | en-AE:https://presentail.com/en-ae/dubai | ar-AE:https://presentail.com/ar-ae/dubai | fr-AE:https://presentail.com/fr-ae/dubai | en-CY:https://presentail.com/en-cy/limassol | ar-CY:https://presentail.com/ar-cy/limassol | fr-CY:https://presentail.com/fr-cy/limassol | x-default:https://presentail.com/en-lb/beirut,None,Yes,245,20416,9.9%,12,0,Yes,No,No,No,https://presentail.com/en-lb/zghorta.md,200,text/markdown; charset=utf-8,Yes,Yes,"<https://presentail.com/en-lb/zghorta>; rel=""canonical""; type=""text/html""",Yes,No,Low,Multiple H1
https://presentail.com/en-lb/zghorta/brands,other,en,LB,zghorta,2026-07-22,200,200,https://presentail.com/en-lb/zghorta/brands,0,https://presentail.com/en-lb/zghorta/brands [200],206,text/html; charset=utf-8,,Yes,,"index, follow",https://presentail.com/en-lb/zghorta/brands,200,Yes,No,Partner Brands in Zgharta | Presentail,38,No,"Send flowers, cakes and gifts with same-day express delivery in Lebanon, UAE, and Cyprus. Premium arrangements from Presentail.",127,No,2,Partner Brands in Zgharta | Presentail | Partner Brands in Zgharta | Presentail,Yes,No,1,None,en,Online Flower & Gift Delivery | Presentail,"Send flowers, cakes and gifts with same-day express delivery in Lebanon, UAE, and Cyprus. Premium arrangements from Presentail.",https://presentail.com/,https://presentail.com/opengraph.jpg,Yes,,None,en-LB:https://presentail.com/en-lb/beirut/brands | ar-LB:https://presentail.com/ar-lb/beirut/brands | fr-LB:https://presentail.com/fr-lb/beirut/brands | en-AE:https://presentail.com/en-ae/dubai/brands | ar-AE:https://presentail.com/ar-ae/dubai/brands | fr-AE:https://presentail.com/fr-ae/dubai/brands | en-CY:https://presentail.com/en-cy/limassol/brands | ar-CY:https://presentail.com/ar-cy/limassol/brands | fr-CY:https://presentail.com/fr-cy/limassol/brands | x-default:https://presentail.com/en-lb/beirut/brands,None,Yes,145,16982,6.1%,6,0,Yes,No,No,No,https://presentail.com/en-lb/zghorta/brands.md,200,text/markdown; charset=utf-8,Yes,Yes,"<https://presentail.com/en-lb/zghorta/brands>; rel=""canonical""; type=""text/html""",Yes,No,Low,Multiple H1
https://presentail.com/en-lb/zghorta/occasions,occasion,en,LB,zghorta,2026-07-22,200,200,https://presentail.com/en-lb/zghorta/occasions,0,https://presentail.com/en-lb/zghorta/occasions [200],293,text/html; charset=utf-8,,Yes,,"index, follow",https://presentail.com/en-lb/zghorta/occasions,200,Yes,No,Shop by Occasion in Zgharta | Presentail,40,No,"Send flowers, cakes and gifts with same-day express delivery in Lebanon, UAE, and Cyprus. Premium arrangements from Presentail.",127,No,2,Shop by Occasion in Zgharta | Presentail | Shop by Occasion in Zgharta | Presentail,Yes,No,1,None,en,Online Flower & Gift Delivery | Presentail,"Send flowers, cakes and gifts with same-day express delivery in Lebanon, UAE, and Cyprus. Premium arrangements from Presentail.",https://presentail.com/,https://presentail.com/opengraph.jpg,Yes,,None,en-LB:https://presentail.com/en-lb/beirut/occasions | ar-LB:https://presentail.com/ar-lb/beirut/occasions | fr-LB:https://presentail.com/fr-lb/beirut/occasions | en-AE:https://presentail.com/en-ae/dubai/occasions | ar-AE:https://presentail.com/ar-ae/dubai/occasions | fr-AE:https://presentail.com/fr-ae/dubai/occasions | en-CY:https://presentail.com/en-cy/limassol/occasions | ar-CY:https://presentail.com/ar-cy/limassol/occasions | fr-CY:https://presentail.com/fr-cy/limassol/occasions | x-default:https://presentail.com/en-lb/beirut/occasions,None,Yes,175,17339,6.9%,6,0,Yes,No,No,No,https://presentail.com/en-lb/zghorta/occasions.md,200,text/markdown; charset=utf-8,Yes,Yes,"<https://presentail.com/en-lb/zghorta/occasions>; rel=""canonical""; type=""text/html""",Yes,No,Low,Multiple H1
https://presentail.com/en-lb/zghorta/contact,info,en,LB,zghorta,2026-07-22,200,200,https://presentail.com/en-lb/zghorta/contact,0,https://presentail.com/en-lb/zghorta/contact [200],292,text/html; charset=utf-8,,Yes,,"index, follow",https://presentail.com/en-lb/zghorta/contact,200,Yes,No,Contact Presentail in Zgharta | Gift Delivery Help,50,No,"Send flowers, cakes and gifts with same-day express delivery in Lebanon, UAE, and Cyprus. Premium arrangements from Presentail.",127,No,2,Contact Presentail in Zgharta | Gift Delivery Help | Contact Presentail in Zgharta | Gift Delivery Help,Yes,No,1,None,en,Online Flower & Gift Delivery | Presentail,"Send flowers, cakes and gifts with same-day express delivery in Lebanon, UAE, and Cyprus. Premium arrangements from Presentail.",https://presentail.com/,https://presentail.com/opengraph.jpg,Yes,,None,en-LB:https://presentail.com/en-lb/beirut/contact | ar-LB:https://presentail.com/ar-lb/beirut/contact | fr-LB:https://presentail.com/fr-lb/beirut/contact | en-AE:https://presentail.com/en-ae/dubai/contact | ar-AE:https://presentail.com/ar-ae/dubai/contact | fr-AE:https://presentail.com/fr-ae/dubai/contact | en-CY:https://presentail.com/en-cy/limassol/contact | ar-CY:https://presentail.com/ar-cy/limassol/contact | fr-CY:https://presentail.com/fr-cy/limassol/contact | x-default:https://presentail.com/en-lb/beirut/contact,None,Yes,187,17781,6.7%,6,0,Yes,No,No,No,https://presentail.com/en-lb/zghorta/contact.md,200,text/markdown; charset=utf-8,Yes,Yes,"<https://presentail.com/en-lb/zghorta/contact>; rel=""canonical""; type=""text/html""",Yes,No,Low,Multiple H1
https://presentail.com/en-lb/zghorta/faqs,info,en,LB,zghorta,2026-07-22,200,200,https://presentail.com/en-lb/zghorta/faqs,0,https://presentail.com/en-lb/zghorta/faqs [200],218,text/html; charset=utf-8,,Yes,,"index, follow",https://presentail.com/en-lb/zghorta/faqs,200,Yes,No,Flower Delivery FAQs in Zgharta | Presentail,44,No,"Send flowers, cakes and gifts with same-day express delivery in Lebanon, UAE, and Cyprus. Premium arrangements from Presentail.",127,No,2,Flower Delivery FAQs in Zgharta | Presentail | Flower Delivery FAQs in Zgharta | Presentail,Yes,No,1,None,en,Online Flower & Gift Delivery | Presentail,"Send flowers, cakes and gifts with same-day express delivery in Lebanon, UAE, and Cyprus. Premium arrangements from Presentail.",https://presentail.com/,https://presentail.com/opengraph.jpg,Yes,,None,en-LB:https://presentail.com/en-lb/beirut/faqs | ar-LB:https://presentail.com/ar-lb/beirut/faqs | fr-LB:https://presentail.com/fr-lb/beirut/faqs | en-AE:https://presentail.com/en-ae/dubai/faqs | ar-AE:https://presentail.com/ar-ae/dubai/faqs | fr-AE:https://presentail.com/fr-ae/dubai/faqs | en-CY:https://presentail.com/en-cy/limassol/faqs | ar-CY:https://presentail.com/ar-cy/limassol/faqs | fr-CY:https://presentail.com/fr-cy/limassol/faqs | x-default:https://presentail.com/en-lb/beirut/faqs,None,Yes,147,19404,5.3%,6,0,Yes,No,No,No,https://presentail.com/en-lb/zghorta/faqs.md,200,text/markdown; charset=utf-8,Yes,Yes,"<https://presentail.com/en-lb/zghorta/faqs>; rel=""canonical""; type=""text/html""",Yes,No,Low,Multiple H1
https://presentail.com/en-lb/zghorta/weddings,other,en,LB,zghorta,2026-07-22,200,200,https://presentail.com/en-lb/zghorta/weddings,0,https://presentail.com/en-lb/zghorta/weddings [200],202,text/html; charset=utf-8,,Yes,,"index, follow",https://presentail.com/en-lb/zghorta/weddings,200,Yes,No,Wedding Flowers in Zgharta | Presentail,39,No,"Send flowers, cakes and gifts with same-day express delivery in Lebanon, UAE, and Cyprus. Premium arrangements from Presentail.",127,No,2,Wedding Flowers in Zgharta | Presentail | Wedding Flowers in Zgharta | Presentail,Yes,No,1,None,en,Online Flower & Gift Delivery | Presentail,"Send flowers, cakes and gifts with same-day express delivery in Lebanon, UAE, and Cyprus. Premium arrangements from Presentail.",https://presentail.com/,https://presentail.com/opengraph.jpg,Yes,,None,en-LB:https://presentail.com/en-lb/beirut/weddings | ar-LB:https://presentail.com/ar-lb/beirut/weddings | fr-LB:https://presentail.com/fr-lb/beirut/weddings | en-AE:https://presentail.com/en-ae/dubai/weddings | ar-AE:https://presentail.com/ar-ae/dubai/weddings | fr-AE:https://presentail.com/fr-ae/dubai/weddings | en-CY:https://presentail.com/en-cy/limassol/weddings | ar-CY:https://presentail.com/ar-cy/limassol/weddings | fr-CY:https://presentail.com/fr-cy/limassol/weddings | x-default:https://presentail.com/en-lb/beirut/weddings,None,Yes,179,17548,7.1%,6,0,Yes,No,No,No,https://presentail.com/en-lb/zghorta/weddings.md,200,text/markdown; charset=utf-8,Yes,Yes,"<https://presentail.com/en-lb/zghorta/weddings>; rel=""canonical""; type=""text/html""",Yes,No,Low,Multiple H1
https://presentail.com/en-lb/zghorta/corporate,other,en,LB,zghorta,2026-07-22,200,200,https://presentail.com/en-lb/zghorta/corporate,0,https://presentail.com/en-lb/zghorta/corporate [200],130,text/html; charset=utf-8,,Yes,,"index, follow",https://presentail.com/en-lb/zghorta/corporate,200,Yes,No,Corporate Gifting in Zgharta | Presentail,41,No,"Send flowers, cakes and gifts with same-day express delivery in Lebanon, UAE, and Cyprus. Premium arrangements from Presentail.",127,No,2,Corporate Gifting in Zgharta | Presentail | Corporate Gifting in Zgharta | Presentail,Yes,No,1,None,en,Online Flower & Gift Delivery | Presentail,"Send flowers, cakes and gifts with same-day express delivery in Lebanon, UAE, and Cyprus. Premium arrangements from Presentail.",https://presentail.com/,https://presentail.com/opengraph.jpg,Yes,,None,en-LB:https://presentail.com/en-lb/beirut/corporate | ar-LB:https://presentail.com/ar-lb/beirut/corporate | fr-LB:https://presentail.com/fr-lb/beirut/corporate | en-AE:https://presentail.com/en-ae/dubai/corporate | ar-AE:https://presentail.com/ar-ae/dubai/corporate | fr-AE:https://presentail.com/fr-ae/dubai/corporate | en-CY:https://presentail.com/en-cy/limassol/corporate | ar-CY:https://presentail.com/ar-cy/limassol/corporate | fr-CY:https://presentail.com/fr-cy/limassol/corporate | x-default:https://presentail.com/en-lb/beirut/corporate,None,Yes,170,17487,6.8%,6,0,Yes,No,No,No,https://presentail.com/en-lb/zghorta/corporate.md,200,text/markdown; charset=utf-8,Yes,Yes,"<https://presentail.com/en-lb/zghorta/corporate>; rel=""canonical""; type=""text/html""",Yes,No,Low,Multiple H1
https://presentail.com/en-ae/abu-dhabi,homepage,en,AE,abu-dhabi,2026-07-22,200,200,https://presentail.com/en-ae/abu-dhabi,0,https://presentail.com/en-ae/abu-dhabi [200],196,text/html; charset=utf-8,,Yes,,"index, follow",https://presentail.com/en-ae/abu-dhabi,200,Yes,No,Flower & Gift Delivery in Abu Dhabi | Presentail,48,No,"Send flowers, cakes and gifts with same-day express delivery in Lebanon, UAE, and Cyprus. Premium arrangements from Presentail.",127,No,2,Flower & Gift Delivery in Abu Dhabi | Presentail | Flower & Gift Delivery in Abu Dhabi | Presentail,Yes,No,2,None,en,Online Flower & Gift Delivery | Presentail,"Send flowers, cakes and gifts with same-day express delivery in Lebanon, UAE, and Cyprus. Premium arrangements from Presentail.",https://presentail.com/,https://presentail.com/opengraph.jpg,Yes,,None,en-LB:https://presentail.com/en-lb/beirut | ar-LB:https://presentail.com/ar-lb/beirut | fr-LB:https://presentail.com/fr-lb/beirut | en-AE:https://presentail.com/en-ae/dubai | ar-AE:https://presentail.com/ar-ae/dubai | fr-AE:https://presentail.com/fr-ae/dubai | en-CY:https://presentail.com/en-cy/limassol | ar-CY:https://presentail.com/ar-cy/limassol | fr-CY:https://presentail.com/fr-cy/limassol | x-default:https://presentail.com/en-lb/beirut,None,Yes,265,19589,10.8%,12,0,Yes,No,No,No,https://presentail.com/en-ae/abu-dhabi.md,200,text/markdown; charset=utf-8,Yes,Yes,"<https://presentail.com/en-ae/abu-dhabi>; rel=""canonical""; type=""text/html""",Yes,No,Low,Multiple H1
https://presentail.com/en-ae/abu-dhabi/brands,other,en,AE,abu-dhabi,2026-07-22,200,200,https://presentail.com/en-ae/abu-dhabi/brands,0,https://presentail.com/en-ae/abu-dhabi/brands [200],216,text/html; charset=utf-8,,Yes,,"index, follow",https://presentail.com/en-ae/abu-dhabi/brands,200,Yes,No,Partner Brands in Abu Dhabi | Presentail,40,No,"Send flowers, cakes and gifts with same-day express delivery in Lebanon, UAE, and Cyprus. Premium arrangements from Presentail.",127,No,2,Partner Brands in Abu Dhabi | Presentail | Partner Brands in Abu Dhabi | Presentail,Yes,No,1,None,en,Online Flower & Gift Delivery | Presentail,"Send flowers, cakes and gifts with same-day express delivery in Lebanon, UAE, and Cyprus. Premium arrangements from Presentail.",https://presentail.com/,https://presentail.com/opengraph.jpg,Yes,,None,en-LB:https://presentail.com/en-lb/beirut/brands | ar-LB:https://presentail.com/ar-lb/beirut/brands | fr-LB:https://presentail.com/fr-lb/beirut/brands | en-AE:https://presentail.com/en-ae/dubai/brands | ar-AE:https://presentail.com/ar-ae/dubai/brands | fr-AE:https://presentail.com/fr-ae/dubai/brands | en-CY:https://presentail.com/en-cy/limassol/brands | ar-CY:https://presentail.com/ar-cy/limassol/brands | fr-CY:https://presentail.com/fr-cy/limassol/brands | x-default:https://presentail.com/en-lb/beirut/brands,None,Yes,153,17038,6.2%,6,0,Yes,No,No,No,https://presentail.com/en-ae/abu-dhabi/brands.md,200,text/markdown; charset=utf-8,Yes,Yes,"<https://presentail.com/en-ae/abu-dhabi/brands>; rel=""canonical""; type=""text/html""",Yes,No,Low,Multiple H1
https://presentail.com/en-ae/abu-dhabi/occasions,occasion,en,AE,abu-dhabi,2026-07-22,200,200,https://presentail.com/en-ae/abu-dhabi/occasions,0,https://presentail.com/en-ae/abu-dhabi/occasions [200],197,text/html; charset=utf-8,,Yes,,"index, follow",https://presentail.com/en-ae/abu-dhabi/occasions,200,Yes,No,Shop by Occasion in Abu Dhabi | Presentail,42,No,"Send flowers, cakes and gifts with same-day express delivery in Lebanon, UAE, and Cyprus. Premium arrangements from Presentail.",127,No,2,Shop by Occasion in Abu Dhabi | Presentail | Shop by Occasion in Abu Dhabi | Presentail,Yes,No,1,None,en,Online Flower & Gift Delivery | Presentail,"Send flowers, cakes and gifts with same-day express delivery in Lebanon, UAE, and Cyprus. Premium arrangements from Presentail.",https://presentail.com/,https://presentail.com/opengraph.jpg,Yes,,None,en-LB:https://presentail.com/en-lb/beirut/occasions | ar-LB:https://presentail.com/ar-lb/beirut/occasions | fr-LB:https://presentail.com/fr-lb/beirut/occasions | en-AE:https://presentail.com/en-ae/dubai/occasions | ar-AE:https://presentail.com/ar-ae/dubai/occasions | fr-AE:https://presentail.com/fr-ae/dubai/occasions | en-CY:https://presentail.com/en-cy/limassol/occasions | ar-CY:https://presentail.com/ar-cy/limassol/occasions | fr-CY:https://presentail.com/fr-cy/limassol/occasions | x-default:https://presentail.com/en-lb/beirut/occasions,None,Yes,184,17399,6.9%,6,0,Yes,No,No,No,https://presentail.com/en-ae/abu-dhabi/occasions.md,200,text/markdown; charset=utf-8,Yes,Yes,"<https://presentail.com/en-ae/abu-dhabi/occasions>; rel=""canonical""; type=""text/html""",Yes,No,Low,Multiple H1
https://presentail.com/en-ae/abu-dhabi/contact,info,en,AE,abu-dhabi,2026-07-22,200,200,https://presentail.com/en-ae/abu-dhabi/contact,0,https://presentail.com/en-ae/abu-dhabi/contact [200],283,text/html; charset=utf-8,,Yes,,"index, follow",https://presentail.com/en-ae/abu-dhabi/contact,200,Yes,No,Contact Presentail in Abu Dhabi | Gift Delivery Help,52,No,"Send flowers, cakes and gifts with same-day express delivery in Lebanon, UAE, and Cyprus. Premium arrangements from Presentail.",127,No,2,Contact Presentail in Abu Dhabi | Gift Delivery Help | Contact Presentail in Abu Dhabi | Gift Delivery Help,Yes,No,1,None,en,Online Flower & Gift Delivery | Presentail,"Send flowers, cakes and gifts with same-day express delivery in Lebanon, UAE, and Cyprus. Premium arrangements from Presentail.",https://presentail.com/,https://presentail.com/opengraph.jpg,Yes,,None,en-LB:https://presentail.com/en-lb/beirut/contact | ar-LB:https://presentail.com/ar-lb/beirut/contact | fr-LB:https://presentail.com/fr-lb/beirut/contact | en-AE:https://presentail.com/en-ae/dubai/contact | ar-AE:https://presentail.com/ar-ae/dubai/contact | fr-AE:https://presentail.com/fr-ae/dubai/contact | en-CY:https://presentail.com/en-cy/limassol/contact | ar-CY:https://presentail.com/ar-cy/limassol/contact | fr-CY:https://presentail.com/fr-cy/limassol/contact | x-default:https://presentail.com/en-lb/beirut/contact,None,Yes,192,17835,6.7%,6,0,Yes,No,No,No,https://presentail.com/en-ae/abu-dhabi/contact.md,200,text/markdown; charset=utf-8,Yes,Yes,"<https://presentail.com/en-ae/abu-dhabi/contact>; rel=""canonical""; type=""text/html""",Yes,No,Low,Multiple H1
https://presentail.com/en-ae/abu-dhabi/faqs,info,en,AE,abu-dhabi,2026-07-22,200,200,https://presentail.com/en-ae/abu-dhabi/faqs,0,https://presentail.com/en-ae/abu-dhabi/faqs [200],236,text/html; charset=utf-8,,Yes,,"index, follow",https://presentail.com/en-ae/abu-dhabi/faqs,200,Yes,No,Flower Delivery FAQs in Abu Dhabi | Presentail,46,No,"Send flowers, cakes and gifts with same-day express delivery in Lebanon, UAE, and Cyprus. Premium arrangements from Presentail.",127,No,2,Flower Delivery FAQs in Abu Dhabi | Presentail | Flower Delivery FAQs in Abu Dhabi | Presentail,Yes,No,1,None,en,Online Flower & Gift Delivery | Presentail,"Send flowers, cakes and gifts with same-day express delivery in Lebanon, UAE, and Cyprus. Premium arrangements from Presentail.",https://presentail.com/,https://presentail.com/opengraph.jpg,Yes,,None,en-LB:https://presentail.com/en-lb/beirut/faqs | ar-LB:https://presentail.com/ar-lb/beirut/faqs | fr-LB:https://presentail.com/fr-lb/beirut/faqs | en-AE:https://presentail.com/en-ae/dubai/faqs | ar-AE:https://presentail.com/ar-ae/dubai/faqs | fr-AE:https://presentail.com/fr-ae/dubai/faqs | en-CY:https://presentail.com/en-cy/limassol/faqs | ar-CY:https://presentail.com/ar-cy/limassol/faqs | fr-CY:https://presentail.com/fr-cy/limassol/faqs | x-default:https://presentail.com/en-lb/beirut/faqs,None,Yes,150,19444,5.3%,6,0,Yes,No,No,No,https://presentail.com/en-ae/abu-dhabi/faqs.md,200,text/markdown; charset=utf-8,Yes,Yes,"<https://presentail.com/en-ae/abu-dhabi/faqs>; rel=""canonical""; type=""text/html""",Yes,No,Low,Multiple H1
https://presentail.com/en-ae/abu-dhabi/weddings,other,en,AE,abu-dhabi,2026-07-22,200,200,https://presentail.com/en-ae/abu-dhabi/weddings,0,https://presentail.com/en-ae/abu-dhabi/weddings [200],187,text/html; charset=utf-8,,Yes,,"index, follow",https://presentail.com/en-ae/abu-dhabi/weddings,200,Yes,No,Wedding Flowers in Abu Dhabi | Presentail,41,No,"Send flowers, cakes and gifts with same-day express delivery in Lebanon, UAE, and Cyprus. Premium arrangements from Presentail.",127,No,2,Wedding Flowers in Abu Dhabi | Presentail | Wedding Flowers in Abu Dhabi | Presentail,Yes,No,1,None,en,Online Flower & Gift Delivery | Presentail,"Send flowers, cakes and gifts with same-day express delivery in Lebanon, UAE, and Cyprus. Premium arrangements from Presentail.",https://presentail.com/,https://presentail.com/opengraph.jpg,Yes,,None,en-LB:https://presentail.com/en-lb/beirut/weddings | ar-LB:https://presentail.com/ar-lb/beirut/weddings | fr-LB:https://presentail.com/fr-lb/beirut/weddings | en-AE:https://presentail.com/en-ae/dubai/weddings | ar-AE:https://presentail.com/ar-ae/dubai/weddings | fr-AE:https://presentail.com/fr-ae/dubai/weddings | en-CY:https://presentail.com/en-cy/limassol/weddings | ar-CY:https://presentail.com/ar-cy/limassol/weddings | fr-CY:https://presentail.com/fr-cy/limassol/weddings | x-default:https://presentail.com/en-lb/beirut/weddings,None,Yes,188,17612,7.2%,6,0,Yes,No,No,No,https://presentail.com/en-ae/abu-dhabi/weddings.md,200,text/markdown; charset=utf-8,Yes,Yes,"<https://presentail.com/en-ae/abu-dhabi/weddings>; rel=""canonical""; type=""text/html""",Yes,No,Low,Multiple H1
https://presentail.com/en-ae/abu-dhabi/corporate,other,en,AE,abu-dhabi,2026-07-22,200,200,https://presentail.com/en-ae/abu-dhabi/corporate,0,https://presentail.com/en-ae/abu-dhabi/corporate [200],131,text/html; charset=utf-8,,Yes,,"index, follow",https://presentail.com/en-ae/abu-dhabi/corporate,200,Yes,No,Corporate Gifting in Abu Dhabi | Presentail,43,No,"Send flowers, cakes and gifts with same-day express delivery in Lebanon, UAE, and Cyprus. Premium arrangements from Presentail.",127,No,2,Corporate Gifting in Abu Dhabi | Presentail | Corporate Gifting in Abu Dhabi | Presentail,Yes,No,1,None,en,Online Flower & Gift Delivery | Presentail,"Send flowers, cakes and gifts with same-day express delivery in Lebanon, UAE, and Cyprus. Premium arrangements from Presentail.",https://presentail.com/,https://presentail.com/opengraph.jpg,Yes,,None,en-LB:https://presentail.com/en-lb/beirut/corporate | ar-LB:https://presentail.com/ar-lb/beirut/corporate | fr-LB:https://presentail.com/fr-lb/beirut/corporate | en-AE:https://presentail.com/en-ae/dubai/corporate | ar-AE:https://presentail.com/ar-ae/dubai/corporate | fr-AE:https://presentail.com/fr-ae/dubai/corporate | en-CY:https://presentail.com/en-cy/limassol/corporate | ar-CY:https://presentail.com/ar-cy/limassol/corporate | fr-CY:https://presentail.com/fr-cy/limassol/corporate | x-default:https://presentail.com/en-lb/beirut/corporate,None,Yes,177,17543,6.9%,6,0,Yes,No,No,No,https://presentail.com/en-ae/abu-dhabi/corporate.md,200,text/markdown; charset=utf-8,Yes,Yes,"<https://presentail.com/en-ae/abu-dhabi/corporate>; rel=""canonical""; type=""text/html""",Yes,No,Low,Multiple H1
https://presentail.com/en-ae/ajman,homepage,en,AE,ajman,2026-07-22,200,200,https://presentail.com/en-ae/ajman,0,https://presentail.com/en-ae/ajman [200],225,text/html; charset=utf-8,,Yes,,"index, follow",https://presentail.com/en-ae/ajman,200,Yes,No,Flower & Gift Delivery in Ajman | Presentail,44,No,"Send flowers, cakes and gifts with same-day express delivery in Lebanon, UAE, and Cyprus. Premium arrangements from Presentail.",127,No,2,Flower & Gift Delivery in Ajman | Presentail | Flower & Gift Delivery in Ajman | Presentail,Yes,No,2,None,en,Online Flower & Gift Delivery | Presentail,"Send flowers, cakes and gifts with same-day express delivery in Lebanon, UAE, and Cyprus. Premium arrangements from Presentail.",https://presentail.com/,https://presentail.com/opengraph.jpg,Yes,,None,en-LB:https://presentail.com/en-lb/beirut | ar-LB:https://presentail.com/ar-lb/beirut | fr-LB:https://presentail.com/fr-lb/beirut | en-AE:https://presentail.com/en-ae/dubai | ar-AE:https://presentail.com/ar-ae/dubai | fr-AE:https://presentail.com/fr-ae/dubai | en-CY:https://presentail.com/en-cy/limassol | ar-CY:https://presentail.com/ar-cy/limassol | fr-CY:https://presentail.com/fr-cy/limassol | x-default:https://presentail.com/en-lb/beirut,None,Yes,246,19391,10.5%,12,0,Yes,No,No,No,https://presentail.com/en-ae/ajman.md,200,text/markdown; charset=utf-8,Yes,Yes,"<https://presentail.com/en-ae/ajman>; rel=""canonical""; type=""text/html""",Yes,No,Low,Multiple H1
https://presentail.com/en-ae/ajman/brands,other,en,AE,ajman,2026-07-22,200,200,https://presentail.com/en-ae/ajman/brands,0,https://presentail.com/en-ae/ajman/brands [200],183,text/html; charset=utf-8,,Yes,,"index, follow",https://presentail.com/en-ae/ajman/brands,200,Yes,No,Partner Brands in Ajman | Presentail,36,No,"Send flowers, cakes and gifts with same-day express delivery in Lebanon, UAE, and Cyprus. Premium arrangements from Presentail.",127,No,2,Partner Brands in Ajman | Presentail | Partner Brands in Ajman | Presentail,Yes,No,1,None,en,Online Flower & Gift Delivery | Presentail,"Send flowers, cakes and gifts with same-day express delivery in Lebanon, UAE, and Cyprus. Premium arrangements from Presentail.",https://presentail.com/,https://presentail.com/opengraph.jpg,Yes,,None,en-LB:https://presentail.com/en-lb/beirut/brands | ar-LB:https://presentail.com/ar-lb/beirut/brands | fr-LB:https://presentail.com/fr-lb/beirut/brands | en-AE:https://presentail.com/en-ae/dubai/brands | ar-AE:https://presentail.com/ar-ae/dubai/brands | fr-AE:https://presentail.com/fr-ae/dubai/brands | en-CY:https://presentail.com/en-cy/limassol/brands | ar-CY:https://presentail.com/ar-cy/limassol/brands | fr-CY:https://presentail.com/fr-cy/limassol/brands | x-default:https://presentail.com/en-lb/beirut/brands,None,Yes,146,16926,6.1%,6,0,Yes,No,No,No,https://presentail.com/en-ae/ajman/brands.md,200,text/markdown; charset=utf-8,Yes,Yes,"<https://presentail.com/en-ae/ajman/brands>; rel=""canonical""; type=""text/html""",Yes,No,Low,Multiple H1
https://presentail.com/en-ae/ajman/occasions,occasion,en,AE,ajman,2026-07-22,200,200,https://presentail.com/en-ae/ajman/occasions,0,https://presentail.com/en-ae/ajman/occasions [200],224,text/html; charset=utf-8,,Yes,,"index, follow",https://presentail.com/en-ae/ajman/occasions,200,Yes,No,Shop by Occasion in Ajman | Presentail,38,No,"Send flowers, cakes and gifts with same-day express delivery in Lebanon, UAE, and Cyprus. Premium arrangements from Presentail.",127,No,2,Shop by Occasion in Ajman | Presentail | Shop by Occasion in Ajman | Presentail,Yes,No,1,None,en,Online Flower & Gift Delivery | Presentail,"Send flowers, cakes and gifts with same-day express delivery in Lebanon, UAE, and Cyprus. Premium arrangements from Presentail.",https://presentail.com/,https://presentail.com/opengraph.jpg,Yes,,None,en-LB:https://presentail.com/en-lb/beirut/occasions | ar-LB:https://presentail.com/ar-lb/beirut/occasions | fr-LB:https://presentail.com/fr-lb/beirut/occasions | en-AE:https://presentail.com/en-ae/dubai/occasions | ar-AE:https://presentail.com/ar-ae/dubai/occasions | fr-AE:https://presentail.com/fr-ae/dubai/occasions | en-CY:https://presentail.com/en-cy/limassol/occasions | ar-CY:https://presentail.com/ar-cy/limassol/occasions | fr-CY:https://presentail.com/fr-cy/limassol/occasions | x-default:https://presentail.com/en-lb/beirut/occasions,None,Yes,176,17279,6.8%,6,0,Yes,No,No,No,https://presentail.com/en-ae/ajman/occasions.md,200,text/markdown; charset=utf-8,Yes,Yes,"<https://presentail.com/en-ae/ajman/occasions>; rel=""canonical""; type=""text/html""",Yes,No,Low,Multiple H1
https://presentail.com/en-ae/ajman/contact,info,en,AE,ajman,2026-07-22,200,200,https://presentail.com/en-ae/ajman/contact,0,https://presentail.com/en-ae/ajman/contact [200],212,text/html; charset=utf-8,,Yes,,"index, follow",https://presentail.com/en-ae/ajman/contact,200,Yes,No,Contact Presentail in Ajman | Gift Delivery Help,48,No,"Send flowers, cakes and gifts with same-day express delivery in Lebanon, UAE, and Cyprus. Premium arrangements from Presentail.",127,No,2,Contact Presentail in Ajman | Gift Delivery Help | Contact Presentail in Ajman | Gift Delivery Help,Yes,No,1,None,en,Online Flower & Gift Delivery | Presentail,"Send flowers, cakes and gifts with same-day express delivery in Lebanon, UAE, and Cyprus. Premium arrangements from Presentail.",https://presentail.com/,https://presentail.com/opengraph.jpg,Yes,,None,en-LB:https://presentail.com/en-lb/beirut/contact | ar-LB:https://presentail.com/ar-lb/beirut/contact | fr-LB:https://presentail.com/fr-lb/beirut/contact | en-AE:https://presentail.com/en-ae/dubai/contact | ar-AE:https://presentail.com/ar-ae/dubai/contact | fr-AE:https://presentail.com/fr-ae/dubai/contact | en-CY:https://presentail.com/en-cy/limassol/contact | ar-CY:https://presentail.com/ar-cy/limassol/contact | fr-CY:https://presentail.com/fr-cy/limassol/contact | x-default:https://presentail.com/en-lb/beirut/contact,None,Yes,187,17727,6.6%,6,0,Yes,No,No,No,https://presentail.com/en-ae/ajman/contact.md,200,text/markdown; charset=utf-8,Yes,Yes,"<https://presentail.com/en-ae/ajman/contact>; rel=""canonical""; type=""text/html""",Yes,No,Low,Multiple H1
https://presentail.com/en-ae/ajman/faqs,info,en,AE,ajman,2026-07-22,200,200,https://presentail.com/en-ae/ajman/faqs,0,https://presentail.com/en-ae/ajman/faqs [200],180,text/html; charset=utf-8,,Yes,,"index, follow",https://presentail.com/en-ae/ajman/faqs,200,Yes,No,Flower Delivery FAQs in Ajman | Presentail,42,No,"Send flowers, cakes and gifts with same-day express delivery in Lebanon, UAE, and Cyprus. Premium arrangements from Presentail.",127,No,2,Flower Delivery FAQs in Ajman | Presentail | Flower Delivery FAQs in Ajman | Presentail,Yes,No,1,None,en,Online Flower & Gift Delivery | Presentail,"Send flowers, cakes and gifts with same-day express delivery in Lebanon, UAE, and Cyprus. Premium arrangements from Presentail.",https://presentail.com/,https://presentail.com/opengraph.jpg,Yes,,None,en-LB:https://presentail.com/en-lb/beirut/faqs | ar-LB:https://presentail.com/ar-lb/beirut/faqs | fr-LB:https://presentail.com/fr-lb/beirut/faqs | en-AE:https://presentail.com/en-ae/dubai/faqs | ar-AE:https://presentail.com/ar-ae/dubai/faqs | fr-AE:https://presentail.com/fr-ae/dubai/faqs | en-CY:https://presentail.com/en-cy/limassol/faqs | ar-CY:https://presentail.com/ar-cy/limassol/faqs | fr-CY:https://presentail.com/fr-cy/limassol/faqs | x-default:https://presentail.com/en-lb/beirut/faqs,None,Yes,147,19364,5.2%,6,0,Yes,No,No,No,https://presentail.com/en-ae/ajman/faqs.md,200,text/markdown; charset=utf-8,Yes,Yes,"<https://presentail.com/en-ae/ajman/faqs>; rel=""canonical""; type=""text/html""",Yes,No,Low,Multiple H1
https://presentail.com/en-ae/ajman/weddings,other,en,AE,ajman,2026-07-22,200,200,https://presentail.com/en-ae/ajman/weddings,0,https://presentail.com/en-ae/ajman/weddings [200],199,text/html; charset=utf-8,,Yes,,"index, follow",https://presentail.com/en-ae/ajman/weddings,200,Yes,No,Wedding Flowers in Ajman | Presentail,37,No,"Send flowers, cakes and gifts with same-day express delivery in Lebanon, UAE, and Cyprus. Premium arrangements from Presentail.",127,No,2,Wedding Flowers in Ajman | Presentail | Wedding Flowers in Ajman | Presentail,Yes,No,1,None,en,Online Flower & Gift Delivery | Presentail,"Send flowers, cakes and gifts with same-day express delivery in Lebanon, UAE, and Cyprus. Premium arrangements from Presentail.",https://presentail.com/,https://presentail.com/opengraph.jpg,Yes,,None,en-LB:https://presentail.com/en-lb/beirut/weddings | ar-LB:https://presentail.com/ar-lb/beirut/weddings | fr-LB:https://presentail.com/fr-lb/beirut/weddings | en-AE:https://presentail.com/en-ae/dubai/weddings | ar-AE:https://presentail.com/ar-ae/dubai/weddings | fr-AE:https://presentail.com/fr-ae/dubai/weddings | en-CY:https://presentail.com/en-cy/limassol/weddings | ar-CY:https://presentail.com/ar-cy/limassol/weddings | fr-CY:https://presentail.com/fr-cy/limassol/weddings | x-default:https://presentail.com/en-lb/beirut/weddings,None,Yes,179,17484,7.0%,6,0,Yes,No,No,No,https://presentail.com/en-ae/ajman/weddings.md,200,text/markdown; charset=utf-8,Yes,Yes,"<https://presentail.com/en-ae/ajman/weddings>; rel=""canonical""; type=""text/html""",Yes,No,Low,Multiple H1
https://presentail.com/en-ae/ajman/corporate,other,en,AE,ajman,2026-07-22,200,200,https://presentail.com/en-ae/ajman/corporate,0,https://presentail.com/en-ae/ajman/corporate [200],137,text/html; charset=utf-8,,Yes,,"index, follow",https://presentail.com/en-ae/ajman/corporate,200,Yes,No,Corporate Gifting in Ajman | Presentail,39,No,"Send flowers, cakes and gifts with same-day express delivery in Lebanon, UAE, and Cyprus. Premium arrangements from Presentail.",127,No,2,Corporate Gifting in Ajman | Presentail | Corporate Gifting in Ajman | Presentail,Yes,No,1,None,en,Online Flower & Gift Delivery | Presentail,"Send flowers, cakes and gifts with same-day express delivery in Lebanon, UAE, and Cyprus. Premium arrangements from Presentail.",https://presentail.com/,https://presentail.com/opengraph.jpg,Yes,,None,en-LB:https://presentail.com/en-lb/beirut/corporate | ar-LB:https://presentail.com/ar-lb/beirut/corporate | fr-LB:https://presentail.com/fr-lb/beirut/corporate | en-AE:https://presentail.com/en-ae/dubai/corporate | ar-AE:https://presentail.com/ar-ae/dubai/corporate | fr-AE:https://presentail.com/fr-ae/dubai/corporate | en-CY:https://presentail.com/en-cy/limassol/corporate | ar-CY:https://presentail.com/ar-cy/limassol/corporate | fr-CY:https://presentail.com/fr-cy/limassol/corporate | x-default:https://presentail.com/en-lb/beirut/corporate,None,Yes,170,17431,6.8%,6,0,Yes,No,No,No,https://presentail.com/en-ae/ajman/corporate.md,200,text/markdown; charset=utf-8,Yes,Yes,"<https://presentail.com/en-ae/ajman/corporate>; rel=""canonical""; type=""text/html""",Yes,No,Low,Multiple H1
https://presentail.com/en-ae/dubai,homepage,en,AE,dubai,2026-07-22,200,200,https://presentail.com/en-ae/dubai,0,https://presentail.com/en-ae/dubai [200],140,text/html; charset=utf-8,,Yes,,"index, follow",https://presentail.com/en-ae/dubai,200,Yes,No,Flower & Gift Delivery in Dubai | Presentail,44,No,"Send flowers, cakes and gifts with same-day express delivery in Lebanon, UAE, and Cyprus. Premium arrangements from Presentail.",127,No,2,Flower & Gift Delivery in Dubai | Presentail | Flower & Gift Delivery in Dubai | Presentail,Yes,No,2,None,en,Online Flower & Gift Delivery | Presentail,"Send flowers, cakes and gifts with same-day express delivery in Lebanon, UAE, and Cyprus. Premium arrangements from Presentail.",https://presentail.com/,https://presentail.com/opengraph.jpg,Yes,,None,en-LB:https://presentail.com/en-lb/beirut | ar-LB:https://presentail.com/ar-lb/beirut | fr-LB:https://presentail.com/fr-lb/beirut | en-AE:https://presentail.com/en-ae/dubai | ar-AE:https://presentail.com/ar-ae/dubai | fr-AE:https://presentail.com/fr-ae/dubai | en-CY:https://presentail.com/en-cy/limassol | ar-CY:https://presentail.com/ar-cy/limassol | fr-CY:https://presentail.com/fr-cy/limassol | x-default:https://presentail.com/en-lb/beirut,None,Yes,252,19402,10.5%,12,0,Yes,No,No,No,https://presentail.com/en-ae/dubai.md,200,text/markdown; charset=utf-8,Yes,Yes,"<https://presentail.com/en-ae/dubai>; rel=""canonical""; type=""text/html""",Yes,No,Low,Multiple H1
https://presentail.com/en-ae/dubai/brands,other,en,AE,dubai,2026-07-22,200,200,https://presentail.com/en-ae/dubai/brands,0,https://presentail.com/en-ae/dubai/brands [200],196,text/html; charset=utf-8,,Yes,,"index, follow",https://presentail.com/en-ae/dubai/brands,200,Yes,No,Partner Brands in Dubai | Presentail,36,No,"Send flowers, cakes and gifts with same-day express delivery in Lebanon, UAE, and Cyprus. Premium arrangements from Presentail.",127,No,2,Partner Brands in Dubai | Presentail | Partner Brands in Dubai | Presentail,Yes,No,1,None,en,Online Flower & Gift Delivery | Presentail,"Send flowers, cakes and gifts with same-day express delivery in Lebanon, UAE, and Cyprus. Premium arrangements from Presentail.",https://presentail.com/,https://presentail.com/opengraph.jpg,Yes,,None,en-LB:https://presentail.com/en-lb/beirut/brands | ar-LB:https://presentail.com/ar-lb/beirut/brands | fr-LB:https://presentail.com/fr-lb/beirut/brands | en-AE:https://presentail.com/en-ae/dubai/brands | ar-AE:https://presentail.com/ar-ae/dubai/brands | fr-AE:https://presentail.com/fr-ae/dubai/brands | en-CY:https://presentail.com/en-cy/limassol/brands | ar-CY:https://presentail.com/ar-cy/limassol/brands | fr-CY:https://presentail.com/fr-cy/limassol/brands | x-default:https://presentail.com/en-lb/beirut/brands,None,Yes,146,16926,6.1%,6,0,Yes,No,No,No,https://presentail.com/en-ae/dubai/brands.md,200,text/markdown; charset=utf-8,Yes,Yes,"<https://presentail.com/en-ae/dubai/brands>; rel=""canonical""; type=""text/html""",Yes,No,Low,Multiple H1
https://presentail.com/en-ae/dubai/occasions,occasion,en,AE,dubai,2026-07-22,200,200,https://presentail.com/en-ae/dubai/occasions,0,https://presentail.com/en-ae/dubai/occasions [200],263,text/html; charset=utf-8,,Yes,,"index, follow",https://presentail.com/en-ae/dubai/occasions,200,Yes,No,Shop by Occasion in Dubai | Presentail,38,No,"Send flowers, cakes and gifts with same-day express delivery in Lebanon, UAE, and Cyprus. Premium arrangements from Presentail.",127,No,2,Shop by Occasion in Dubai | Presentail | Shop by Occasion in Dubai | Presentail,Yes,No,1,None,en,Online Flower & Gift Delivery | Presentail,"Send flowers, cakes and gifts with same-day express delivery in Lebanon, UAE, and Cyprus. Premium arrangements from Presentail.",https://presentail.com/,https://presentail.com/opengraph.jpg,Yes,,None,en-LB:https://presentail.com/en-lb/beirut/occasions | ar-LB:https://presentail.com/ar-lb/beirut/occasions | fr-LB:https://presentail.com/fr-lb/beirut/occasions | en-AE:https://presentail.com/en-ae/dubai/occasions | ar-AE:https://presentail.com/ar-ae/dubai/occasions | fr-AE:https://presentail.com/fr-ae/dubai/occasions | en-CY:https://presentail.com/en-cy/limassol/occasions | ar-CY:https://presentail.com/ar-cy/limassol/occasions | fr-CY:https://presentail.com/fr-cy/limassol/occasions | x-default:https://presentail.com/en-lb/beirut/occasions,None,Yes,176,17279,6.8%,6,0,Yes,No,No,No,https://presentail.com/en-ae/dubai/occasions.md,200,text/markdown; charset=utf-8,Yes,Yes,"<https://presentail.com/en-ae/dubai/occasions>; rel=""canonical""; type=""text/html""",Yes,No,Low,Multiple H1
https://presentail.com/en-ae/dubai/contact,info,en,AE,dubai,2026-07-22,200,200,https://presentail.com/en-ae/dubai/contact,0,https://presentail.com/en-ae/dubai/contact [200],274,text/html; charset=utf-8,,Yes,,"index, follow",https://presentail.com/en-ae/dubai/contact,200,Yes,No,Contact Presentail in Dubai | Gift Delivery Help,48,No,"Send flowers, cakes and gifts with same-day express delivery in Lebanon, UAE, and Cyprus. Premium arrangements from Presentail.",127,No,2,Contact Presentail in Dubai | Gift Delivery Help | Contact Presentail in Dubai | Gift Delivery Help,Yes,No,1,None,en,Online Flower & Gift Delivery | Presentail,"Send flowers, cakes and gifts with same-day express delivery in Lebanon, UAE, and Cyprus. Premium arrangements from Presentail.",https://presentail.com/,https://presentail.com/opengraph.jpg,Yes,,None,en-LB:https://presentail.com/en-lb/beirut/contact | ar-LB:https://presentail.com/ar-lb/beirut/contact | fr-LB:https://presentail.com/fr-lb/beirut/contact | en-AE:https://presentail.com/en-ae/dubai/contact | ar-AE:https://presentail.com/ar-ae/dubai/contact | fr-AE:https://presentail.com/fr-ae/dubai/contact | en-CY:https://presentail.com/en-cy/limassol/contact | ar-CY:https://presentail.com/ar-cy/limassol/contact | fr-CY:https://presentail.com/fr-cy/limassol/contact | x-default:https://presentail.com/en-lb/beirut/contact,None,Yes,187,17727,6.6%,6,0,Yes,No,No,No,https://presentail.com/en-ae/dubai/contact.md,200,text/markdown; charset=utf-8,Yes,Yes,"<https://presentail.com/en-ae/dubai/contact>; rel=""canonical""; type=""text/html""",Yes,No,Low,Multiple H1
https://presentail.com/en-ae/dubai/faqs,info,en,AE,dubai,2026-07-22,200,200,https://presentail.com/en-ae/dubai/faqs,0,https://presentail.com/en-ae/dubai/faqs [200],373,text/html; charset=utf-8,,Yes,,"index, follow",https://presentail.com/en-ae/dubai/faqs,200,Yes,No,Flower Delivery FAQs in Dubai | Presentail,42,No,"Send flowers, cakes and gifts with same-day express delivery in Lebanon, UAE, and Cyprus. Premium arrangements from Presentail.",127,No,2,Flower Delivery FAQs in Dubai | Presentail | Flower Delivery FAQs in Dubai | Presentail,Yes,No,1,None,en,Online Flower & Gift Delivery | Presentail,"Send flowers, cakes and gifts with same-day express delivery in Lebanon, UAE, and Cyprus. Premium arrangements from Presentail.",https://presentail.com/,https://presentail.com/opengraph.jpg,Yes,,None,en-LB:https://presentail.com/en-lb/beirut/faqs | ar-LB:https://presentail.com/ar-lb/beirut/faqs | fr-LB:https://presentail.com/fr-lb/beirut/faqs | en-AE:https://presentail.com/en-ae/dubai/faqs | ar-AE:https://presentail.com/ar-ae/dubai/faqs | fr-AE:https://presentail.com/fr-ae/dubai/faqs | en-CY:https://presentail.com/en-cy/limassol/faqs | ar-CY:https://presentail.com/ar-cy/limassol/faqs | fr-CY:https://presentail.com/fr-cy/limassol/faqs | x-default:https://presentail.com/en-lb/beirut/faqs,None,Yes,147,19364,5.2%,6,0,Yes,No,No,No,https://presentail.com/en-ae/dubai/faqs.md,200,text/markdown; charset=utf-8,Yes,Yes,"<https://presentail.com/en-ae/dubai/faqs>; rel=""canonical""; type=""text/html""",Yes,No,Low,Multiple H1
https://presentail.com/en-ae/dubai/weddings,other,en,AE,dubai,2026-07-22,200,200,https://presentail.com/en-ae/dubai/weddings,0,https://presentail.com/en-ae/dubai/weddings [200],284,text/html; charset=utf-8,,Yes,,"index, follow",https://presentail.com/en-ae/dubai/weddings,200,Yes,No,Wedding Flowers in Dubai | Presentail,37,No,"Send flowers, cakes and gifts with same-day express delivery in Lebanon, UAE, and Cyprus. Premium arrangements from Presentail.",127,No,2,Wedding Flowers in Dubai | Presentail | Wedding Flowers in Dubai | Presentail,Yes,No,1,None,en,Online Flower & Gift Delivery | Presentail,"Send flowers, cakes and gifts with same-day express delivery in Lebanon, UAE, and Cyprus. Premium arrangements from Presentail.",https://presentail.com/,https://presentail.com/opengraph.jpg,Yes,,None,en-LB:https://presentail.com/en-lb/beirut/weddings | ar-LB:https://presentail.com/ar-lb/beirut/weddings | fr-LB:https://presentail.com/fr-lb/beirut/weddings | en-AE:https://presentail.com/en-ae/dubai/weddings | ar-AE:https://presentail.com/ar-ae/dubai/weddings | fr-AE:https://presentail.com/fr-ae/dubai/weddings | en-CY:https://presentail.com/en-cy/limassol/weddings | ar-CY:https://presentail.com/ar-cy/limassol/weddings | fr-CY:https://presentail.com/fr-cy/limassol/weddings | x-default:https://presentail.com/en-lb/beirut/weddings,None,Yes,179,17484,7.0%,6,0,Yes,No,No,No,https://presentail.com/en-ae/dubai/weddings.md,200,text/markdown; charset=utf-8,Yes,Yes,"<https://presentail.com/en-ae/dubai/weddings>; rel=""canonical""; type=""text/html""",Yes,No,Low,Multiple H1
https://presentail.com/en-ae/dubai/corporate,other,en,AE,dubai,2026-07-22,200,200,https://presentail.com/en-ae/dubai/corporate,0,https://presentail.com/en-ae/dubai/corporate [200],261,text/html; charset=utf-8,,Yes,,"index, follow",https://presentail.com/en-ae/dubai/corporate,200,Yes,No,Corporate Gifting in Dubai | Presentail,39,No,"Send flowers, cakes and gifts with same-day express delivery in Lebanon, UAE, and Cyprus. Premium arrangements from Presentail.",127,No,2,Corporate Gifting in Dubai | Presentail | Corporate Gifting in Dubai | Presentail,Yes,No,1,None,en,Online Flower & Gift Delivery | Presentail,"Send flowers, cakes and gifts with same-day express delivery in Lebanon, UAE, and Cyprus. Premium arrangements from Presentail.",https://presentail.com/,https://presentail.com/opengraph.jpg,Yes,,None,en-LB:https://presentail.com/en-lb/beirut/corporate | ar-LB:https://presentail.com/ar-lb/beirut/corporate | fr-LB:https://presentail.com/fr-lb/beirut/corporate | en-AE:https://presentail.com/en-ae/dubai/corporate | ar-AE:https://presentail.com/ar-ae/dubai/corporate | fr-AE:https://presentail.com/fr-ae/dubai/corporate | en-CY:https://presentail.com/en-cy/limassol/corporate | ar-CY:https://presentail.com/ar-cy/limassol/corporate | fr-CY:https://presentail.com/fr-cy/limassol/corporate | x-default:https://presentail.com/en-lb/beirut/corporate,None,Yes,170,17431,6.8%,6,0,Yes,No,No,No,https://presentail.com/en-ae/dubai/corporate.md,200,text/markdown; charset=utf-8,Yes,Yes,"<https://presentail.com/en-ae/dubai/corporate>; rel=""canonical""; type=""text/html""",Yes,No,Low,Multiple H1
https://presentail.com/en-ae/fujairah,homepage,en,AE,fujairah,2026-07-22,200,200,https://presentail.com/en-ae/fujairah,0,https://presentail.com/en-ae/fujairah [200],292,text/html; charset=utf-8,,Yes,,"index, follow",https://presentail.com/en-ae/fujairah,200,Yes,No,Flower & Gift Delivery in Fujairah | Presentail,47,No,"Send flowers, cakes and gifts with same-day express delivery in Lebanon, UAE, and Cyprus. Premium arrangements from Presentail.",127,No,2,Flower & Gift Delivery in Fujairah | Presentail | Flower & Gift Delivery in Fujairah | Presentail,Yes,No,2,None,en,Online Flower & Gift Delivery | Presentail,"Send flowers, cakes and gifts with same-day express delivery in Lebanon, UAE, and Cyprus. Premium arrangements from Presentail.",https://presentail.com/,https://presentail.com/opengraph.jpg,Yes,,None,en-LB:https://presentail.com/en-lb/beirut | ar-LB:https://presentail.com/ar-lb/beirut | fr-LB:https://presentail.com/fr-lb/beirut | en-AE:https://presentail.com/en-ae/dubai | ar-AE:https://presentail.com/ar-ae/dubai | fr-AE:https://presentail.com/fr-ae/dubai | en-CY:https://presentail.com/en-cy/limassol | ar-CY:https://presentail.com/ar-cy/limassol | fr-CY:https://presentail.com/fr-cy/limassol | x-default:https://presentail.com/en-lb/beirut,None,Yes,244,19485,10.4%,12,0,Yes,No,No,No,https://presentail.com/en-ae/fujairah.md,200,text/markdown; charset=utf-8,Yes,Yes,"<https://presentail.com/en-ae/fujairah>; rel=""canonical""; type=""text/html""",Yes,No,Low,Multiple H1
https://presentail.com/en-ae/fujairah/brands,other,en,AE,fujairah,2026-07-22,200,200,https://presentail.com/en-ae/fujairah/brands,0,https://presentail.com/en-ae/fujairah/brands [200],221,text/html; charset=utf-8,,Yes,,"index, follow",https://presentail.com/en-ae/fujairah/brands,200,Yes,No,Partner Brands in Fujairah | Presentail,39,No,"Send flowers, cakes and gifts with same-day express delivery in Lebanon, UAE, and Cyprus. Premium arrangements from Presentail.",127,No,2,Partner Brands in Fujairah | Presentail | Partner Brands in Fujairah | Presentail,Yes,No,1,None,en,Online Flower & Gift Delivery | Presentail,"Send flowers, cakes and gifts with same-day express delivery in Lebanon, UAE, and Cyprus. Premium arrangements from Presentail.",https://presentail.com/,https://presentail.com/opengraph.jpg,Yes,,None,en-LB:https://presentail.com/en-lb/beirut/brands | ar-LB:https://presentail.com/ar-lb/beirut/brands | fr-LB:https://presentail.com/fr-lb/beirut/brands | en-AE:https://presentail.com/en-ae/dubai/brands | ar-AE:https://presentail.com/ar-ae/dubai/brands | fr-AE:https://presentail.com/fr-ae/dubai/brands | en-CY:https://presentail.com/en-cy/limassol/brands | ar-CY:https://presentail.com/ar-cy/limassol/brands | fr-CY:https://presentail.com/fr-cy/limassol/brands | x-default:https://presentail.com/en-lb/beirut/brands,None,Yes,146,17010,6.2%,6,0,Yes,No,No,No,https://presentail.com/en-ae/fujairah/brands.md,200,text/markdown; charset=utf-8,Yes,Yes,"<https://presentail.com/en-ae/fujairah/brands>; rel=""canonical""; type=""text/html""",Yes,No,Low,Multiple H1
https://presentail.com/en-ae/fujairah/occasions,occasion,en,AE,fujairah,2026-07-22,200,200,https://presentail.com/en-ae/fujairah/occasions,0,https://presentail.com/en-ae/fujairah/occasions [200],305,text/html; charset=utf-8,,Yes,,"index, follow",https://presentail.com/en-ae/fujairah/occasions,200,Yes,No,Shop by Occasion in Fujairah | Presentail,41,No,"Send flowers, cakes and gifts with same-day express delivery in Lebanon, UAE, and Cyprus. Premium arrangements from Presentail.",127,No,2,Shop by Occasion in Fujairah | Presentail | Shop by Occasion in Fujairah | Presentail,Yes,No,1,None,en,Online Flower & Gift Delivery | Presentail,"Send flowers, cakes and gifts with same-day express delivery in Lebanon, UAE, and Cyprus. Premium arrangements from Presentail.",https://presentail.com/,https://presentail.com/opengraph.jpg,Yes,,None,en-LB:https://presentail.com/en-lb/beirut/occasions | ar-LB:https://presentail.com/ar-lb/beirut/occasions | fr-LB:https://presentail.com/fr-lb/beirut/occasions | en-AE:https://presentail.com/en-ae/dubai/occasions | ar-AE:https://presentail.com/ar-ae/dubai/occasions | fr-AE:https://presentail.com/fr-ae/dubai/occasions | en-CY:https://presentail.com/en-cy/limassol/occasions | ar-CY:https://presentail.com/ar-cy/limassol/occasions | fr-CY:https://presentail.com/fr-cy/limassol/occasions | x-default:https://presentail.com/en-lb/beirut/occasions,None,Yes,176,17369,6.9%,6,0,Yes,No,No,No,https://presentail.com/en-ae/fujairah/occasions.md,200,text/markdown; charset=utf-8,Yes,Yes,"<https://presentail.com/en-ae/fujairah/occasions>; rel=""canonical""; type=""text/html""",Yes,No,Low,Multiple H1
https://presentail.com/en-ae/fujairah/contact,info,en,AE,fujairah,2026-07-22,200,200,https://presentail.com/en-ae/fujairah/contact,0,https://presentail.com/en-ae/fujairah/contact [200],294,text/html; charset=utf-8,,Yes,,"index, follow",https://presentail.com/en-ae/fujairah/contact,200,Yes,No,Contact Presentail in Fujairah | Gift Delivery Help,51,No,"Send flowers, cakes and gifts with same-day express delivery in Lebanon, UAE, and Cyprus. Premium arrangements from Presentail.",127,No,2,Contact Presentail in Fujairah | Gift Delivery Help | Contact Presentail in Fujairah | Gift Delivery Help,Yes,No,1,None,en,Online Flower & Gift Delivery | Presentail,"Send flowers, cakes and gifts with same-day express delivery in Lebanon, UAE, and Cyprus. Premium arrangements from Presentail.",https://presentail.com/,https://presentail.com/opengraph.jpg,Yes,,None,en-LB:https://presentail.com/en-lb/beirut/contact | ar-LB:https://presentail.com/ar-lb/beirut/contact | fr-LB:https://presentail.com/fr-lb/beirut/contact | en-AE:https://presentail.com/en-ae/dubai/contact | ar-AE:https://presentail.com/ar-ae/dubai/contact | fr-AE:https://presentail.com/fr-ae/dubai/contact | en-CY:https://presentail.com/en-cy/limassol/contact | ar-CY:https://presentail.com/ar-cy/limassol/contact | fr-CY:https://presentail.com/fr-cy/limassol/contact | x-default:https://presentail.com/en-lb/beirut/contact,None,Yes,187,17808,6.7%,6,0,Yes,No,No,No,https://presentail.com/en-ae/fujairah/contact.md,200,text/markdown; charset=utf-8,Yes,Yes,"<https://presentail.com/en-ae/fujairah/contact>; rel=""canonical""; type=""text/html""",Yes,No,Low,Multiple H1
https://presentail.com/en-ae/fujairah/faqs,info,en,AE,fujairah,2026-07-22,200,200,https://presentail.com/en-ae/fujairah/faqs,0,https://presentail.com/en-ae/fujairah/faqs [200],304,text/html; charset=utf-8,,Yes,,"index, follow",https://presentail.com/en-ae/fujairah/faqs,200,Yes,No,Flower Delivery FAQs in Fujairah | Presentail,45,No,"Send flowers, cakes and gifts with same-day express delivery in Lebanon, UAE, and Cyprus. Premium arrangements from Presentail.",127,No,2,Flower Delivery FAQs in Fujairah | Presentail | Flower Delivery FAQs in Fujairah | Presentail,Yes,No,1,None,en,Online Flower & Gift Delivery | Presentail,"Send flowers, cakes and gifts with same-day express delivery in Lebanon, UAE, and Cyprus. Premium arrangements from Presentail.",https://presentail.com/,https://presentail.com/opengraph.jpg,Yes,,None,en-LB:https://presentail.com/en-lb/beirut/faqs | ar-LB:https://presentail.com/ar-lb/beirut/faqs | fr-LB:https://presentail.com/fr-lb/beirut/faqs | en-AE:https://presentail.com/en-ae/dubai/faqs | ar-AE:https://presentail.com/ar-ae/dubai/faqs | fr-AE:https://presentail.com/fr-ae/dubai/faqs | en-CY:https://presentail.com/en-cy/limassol/faqs | ar-CY:https://presentail.com/ar-cy/limassol/faqs | fr-CY:https://presentail.com/fr-cy/limassol/faqs | x-default:https://presentail.com/en-lb/beirut/faqs,None,Yes,147,19424,5.3%,6,0,Yes,No,No,No,https://presentail.com/en-ae/fujairah/faqs.md,200,text/markdown; charset=utf-8,Yes,Yes,"<https://presentail.com/en-ae/fujairah/faqs>; rel=""canonical""; type=""text/html""",Yes,No,Low,Multiple H1
https://presentail.com/en-ae/fujairah/weddings,other,en,AE,fujairah,2026-07-22,200,200,https://presentail.com/en-ae/fujairah/weddings,0,https://presentail.com/en-ae/fujairah/weddings [200],300,text/html; charset=utf-8,,Yes,,"index, follow",https://presentail.com/en-ae/fujairah/weddings,200,Yes,No,Wedding Flowers in Fujairah | Presentail,40,No,"Send flowers, cakes and gifts with same-day express delivery in Lebanon, UAE, and Cyprus. Premium arrangements from Presentail.",127,No,2,Wedding Flowers in Fujairah | Presentail | Wedding Flowers in Fujairah | Presentail,Yes,No,1,None,en,Online Flower & Gift Delivery | Presentail,"Send flowers, cakes and gifts with same-day express delivery in Lebanon, UAE, and Cyprus. Premium arrangements from Presentail.",https://presentail.com/,https://presentail.com/opengraph.jpg,Yes,,None,en-LB:https://presentail.com/en-lb/beirut/weddings | ar-LB:https://presentail.com/ar-lb/beirut/weddings | fr-LB:https://presentail.com/fr-lb/beirut/weddings | en-AE:https://presentail.com/en-ae/dubai/weddings | ar-AE:https://presentail.com/ar-ae/dubai/weddings | fr-AE:https://presentail.com/fr-ae/dubai/weddings | en-CY:https://presentail.com/en-cy/limassol/weddings | ar-CY:https://presentail.com/ar-cy/limassol/weddings | fr-CY:https://presentail.com/fr-cy/limassol/weddings | x-default:https://presentail.com/en-lb/beirut/weddings,None,Yes,179,17580,7.1%,6,0,Yes,No,No,No,https://presentail.com/en-ae/fujairah/weddings.md,200,text/markdown; charset=utf-8,Yes,Yes,"<https://presentail.com/en-ae/fujairah/weddings>; rel=""canonical""; type=""text/html""",Yes,No,Low,Multiple H1
https://presentail.com/en-ae/fujairah/corporate,other,en,AE,fujairah,2026-07-22,200,200,https://presentail.com/en-ae/fujairah/corporate,0,https://presentail.com/en-ae/fujairah/corporate [200],214,text/html; charset=utf-8,,Yes,,"index, follow",https://presentail.com/en-ae/fujairah/corporate,200,Yes,No,Corporate Gifting in Fujairah | Presentail,42,No,"Send flowers, cakes and gifts with same-day express delivery in Lebanon, UAE, and Cyprus. Premium arrangements from Presentail.",127,No,2,Corporate Gifting in Fujairah | Presentail | Corporate Gifting in Fujairah | Presentail,Yes,No,1,None,en,Online Flower & Gift Delivery | Presentail,"Send flowers, cakes and gifts with same-day express delivery in Lebanon, UAE, and Cyprus. Premium arrangements from Presentail.",https://presentail.com/,https://presentail.com/opengraph.jpg,Yes,,None,en-LB:https://presentail.com/en-lb/beirut/corporate | ar-LB:https://presentail.com/ar-lb/beirut/corporate | fr-LB:https://presentail.com/fr-lb/beirut/corporate | en-AE:https://presentail.com/en-ae/dubai/corporate | ar-AE:https://presentail.com/ar-ae/dubai/corporate | fr-AE:https://presentail.com/fr-ae/dubai/corporate | en-CY:https://presentail.com/en-cy/limassol/corporate | ar-CY:https://presentail.com/ar-cy/limassol/corporate | fr-CY:https://presentail.com/fr-cy/limassol/corporate | x-default:https://presentail.com/en-lb/beirut/corporate,None,Yes,170,17515,6.9%,6,0,Yes,No,No,No,https://presentail.com/en-ae/fujairah/corporate.md,200,text/markdown; charset=utf-8,Yes,Yes,"<https://presentail.com/en-ae/fujairah/corporate>; rel=""canonical""; type=""text/html""",Yes,No,Low,Multiple H1
https://presentail.com/en-ae/ras-al-khaimah,homepage,en,AE,ras-al-khaimah,2026-07-22,200,200,https://presentail.com/en-ae/ras-al-khaimah,0,https://presentail.com/en-ae/ras-al-khaimah [200],115,text/html; charset=utf-8,,Yes,,"index, follow",https://presentail.com/en-ae/ras-al-khaimah,200,Yes,No,Flower & Gift Delivery in Ras Al Khaimah | Presentail,53,No,"Send flowers, cakes and gifts with same-day express delivery in Lebanon, UAE, and Cyprus. Premium arrangements from Presentail.",127,No,2,Flower & Gift Delivery in Ras Al Khaimah | Presentail | Flower & Gift Delivery in Ras Al Khaimah | Presentail,Yes,No,2,None,en,Online Flower & Gift Delivery | Presentail,"Send flowers, cakes and gifts with same-day express delivery in Lebanon, UAE, and Cyprus. Premium arrangements from Presentail.",https://presentail.com/,https://presentail.com/opengraph.jpg,Yes,,None,en-LB:https://presentail.com/en-lb/beirut | ar-LB:https://presentail.com/ar-lb/beirut | fr-LB:https://presentail.com/fr-lb/beirut | en-AE:https://presentail.com/en-ae/dubai | ar-AE:https://presentail.com/ar-ae/dubai | fr-AE:https://presentail.com/fr-ae/dubai | en-CY:https://presentail.com/en-cy/limassol | ar-CY:https://presentail.com/ar-cy/limassol | fr-CY:https://presentail.com/fr-cy/limassol | x-default:https://presentail.com/en-lb/beirut,None,Yes,270,19715,10.5%,12,0,Yes,No,No,No,https://presentail.com/en-ae/ras-al-khaimah.md,200,text/markdown; charset=utf-8,Yes,Yes,"<https://presentail.com/en-ae/ras-al-khaimah>; rel=""canonical""; type=""text/html""",Yes,No,Low,Multiple H1
https://presentail.com/en-ae/ras-al-khaimah/brands,other,en,AE,ras-al-khaimah,2026-07-22,200,200,https://presentail.com/en-ae/ras-al-khaimah/brands,0,https://presentail.com/en-ae/ras-al-khaimah/brands [200],124,text/html; charset=utf-8,,Yes,,"index, follow",https://presentail.com/en-ae/ras-al-khaimah/brands,200,Yes,No,Partner Brands in Ras Al Khaimah | Presentail,45,No,"Send flowers, cakes and gifts with same-day express delivery in Lebanon, UAE, and Cyprus. Premium arrangements from Presentail.",127,No,2,Partner Brands in Ras Al Khaimah | Presentail | Partner Brands in Ras Al Khaimah | Presentail,Yes,No,1,None,en,Online Flower & Gift Delivery | Presentail,"Send flowers, cakes and gifts with same-day express delivery in Lebanon, UAE, and Cyprus. Premium arrangements from Presentail.",https://presentail.com/,https://presentail.com/opengraph.jpg,Yes,,None,en-LB:https://presentail.com/en-lb/beirut/brands | ar-LB:https://presentail.com/ar-lb/beirut/brands | fr-LB:https://presentail.com/fr-lb/beirut/brands | en-AE:https://presentail.com/en-ae/dubai/brands | ar-AE:https://presentail.com/ar-ae/dubai/brands | fr-AE:https://presentail.com/fr-ae/dubai/brands | en-CY:https://presentail.com/en-cy/limassol/brands | ar-CY:https://presentail.com/ar-cy/limassol/brands | fr-CY:https://presentail.com/fr-cy/limassol/brands | x-default:https://presentail.com/en-lb/beirut/brands,None,Yes,160,17178,6.4%,6,0,Yes,No,No,No,https://presentail.com/en-ae/ras-al-khaimah/brands.md,200,text/markdown; charset=utf-8,Yes,Yes,"<https://presentail.com/en-ae/ras-al-khaimah/brands>; rel=""canonical""; type=""text/html""",Yes,No,Low,Multiple H1
https://presentail.com/en-ae/ras-al-khaimah/occasions,occasion,en,AE,ras-al-khaimah,2026-07-22,200,200,https://presentail.com/en-ae/ras-al-khaimah/occasions,0,https://presentail.com/en-ae/ras-al-khaimah/occasions [200],119,text/html; charset=utf-8,,Yes,,"index, follow",https://presentail.com/en-ae/ras-al-khaimah/occasions,200,Yes,No,Shop by Occasion in Ras Al Khaimah | Presentail,47,No,"Send flowers, cakes and gifts with same-day express delivery in Lebanon, UAE, and Cyprus. Premium arrangements from Presentail.",127,No,2,Shop by Occasion in Ras Al Khaimah | Presentail | Shop by Occasion in Ras Al Khaimah | Presentail,Yes,No,1,None,en,Online Flower & Gift Delivery | Presentail,"Send flowers, cakes and gifts with same-day express delivery in Lebanon, UAE, and Cyprus. Premium arrangements from Presentail.",https://presentail.com/,https://presentail.com/opengraph.jpg,Yes,,None,en-LB:https://presentail.com/en-lb/beirut/occasions | ar-LB:https://presentail.com/ar-lb/beirut/occasions | fr-LB:https://presentail.com/fr-lb/beirut/occasions | en-AE:https://presentail.com/en-ae/dubai/occasions | ar-AE:https://presentail.com/ar-ae/dubai/occasions | fr-AE:https://presentail.com/fr-ae/dubai/occasions | en-CY:https://presentail.com/en-cy/limassol/occasions | ar-CY:https://presentail.com/ar-cy/limassol/occasions | fr-CY:https://presentail.com/fr-cy/limassol/occasions | x-default:https://presentail.com/en-lb/beirut/occasions,None,Yes,192,17549,7.1%,6,0,Yes,No,No,No,https://presentail.com/en-ae/ras-al-khaimah/occasions.md,200,text/markdown; charset=utf-8,Yes,Yes,"<https://presentail.com/en-ae/ras-al-khaimah/occasions>; rel=""canonical""; type=""text/html""",Yes,No,Low,Multiple H1
https://presentail.com/en-ae/ras-al-khaimah/contact,info,en,AE,ras-al-khaimah,2026-07-22,200,200,https://presentail.com/en-ae/ras-al-khaimah/contact,0,https://presentail.com/en-ae/ras-al-khaimah/contact [200],184,text/html; charset=utf-8,,Yes,,"index, follow",https://presentail.com/en-ae/ras-al-khaimah/contact,200,Yes,No,Contact Presentail in Ras Al Khaimah | Gift Delivery Help,57,No,"Send flowers, cakes and gifts with same-day express delivery in Lebanon, UAE, and Cyprus. Premium arrangements from Presentail.",127,No,2,Contact Presentail in Ras Al Khaimah | Gift Delivery Help | Contact Presentail in Ras Al Khaimah | Gift Delivery Help,Yes,No,1,None,en,Online Flower & Gift Delivery | Presentail,"Send flowers, cakes and gifts with same-day express delivery in Lebanon, UAE, and Cyprus. Premium arrangements from Presentail.",https://presentail.com/,https://presentail.com/opengraph.jpg,Yes,,None,en-LB:https://presentail.com/en-lb/beirut/contact | ar-LB:https://presentail.com/ar-lb/beirut/contact | fr-LB:https://presentail.com/fr-lb/beirut/contact | en-AE:https://presentail.com/en-ae/dubai/contact | ar-AE:https://presentail.com/ar-ae/dubai/contact | fr-AE:https://presentail.com/fr-ae/dubai/contact | en-CY:https://presentail.com/en-cy/limassol/contact | ar-CY:https://presentail.com/ar-cy/limassol/contact | fr-CY:https://presentail.com/fr-cy/limassol/contact | x-default:https://presentail.com/en-lb/beirut/contact,None,Yes,197,17970,6.8%,6,0,Yes,No,No,No,https://presentail.com/en-ae/ras-al-khaimah/contact.md,200,text/markdown; charset=utf-8,Yes,Yes,"<https://presentail.com/en-ae/ras-al-khaimah/contact>; rel=""canonical""; type=""text/html""",Yes,No,Low,Multiple H1
https://presentail.com/en-ae/ras-al-khaimah/faqs,info,en,AE,ras-al-khaimah,2026-07-22,200,200,https://presentail.com/en-ae/ras-al-khaimah/faqs,0,https://presentail.com/en-ae/ras-al-khaimah/faqs [200],202,text/html; charset=utf-8,,Yes,,"index, follow",https://presentail.com/en-ae/ras-al-khaimah/faqs,200,Yes,No,Flower Delivery FAQs in Ras Al Khaimah | Presentail,51,No,"Send flowers, cakes and gifts with same-day express delivery in Lebanon, UAE, and Cyprus. Premium arrangements from Presentail.",127,No,2,Flower Delivery FAQs in Ras Al Khaimah | Presentail | Flower Delivery FAQs in Ras Al Khaimah | Presentail,Yes,No,1,None,en,Online Flower & Gift Delivery | Presentail,"Send flowers, cakes and gifts with same-day express delivery in Lebanon, UAE, and Cyprus. Premium arrangements from Presentail.",https://presentail.com/,https://presentail.com/opengraph.jpg,Yes,,None,en-LB:https://presentail.com/en-lb/beirut/faqs | ar-LB:https://presentail.com/ar-lb/beirut/faqs | fr-LB:https://presentail.com/fr-lb/beirut/faqs | en-AE:https://presentail.com/en-ae/dubai/faqs | ar-AE:https://presentail.com/ar-ae/dubai/faqs | fr-AE:https://presentail.com/fr-ae/dubai/faqs | en-CY:https://presentail.com/en-cy/limassol/faqs | ar-CY:https://presentail.com/ar-cy/limassol/faqs | fr-CY:https://presentail.com/fr-cy/limassol/faqs | x-default:https://presentail.com/en-lb/beirut/faqs,None,Yes,153,19544,5.3%,6,0,Yes,No,No,No,https://presentail.com/en-ae/ras-al-khaimah/faqs.md,200,text/markdown; charset=utf-8,Yes,Yes,"<https://presentail.com/en-ae/ras-al-khaimah/faqs>; rel=""canonical""; type=""text/html""",Yes,No,Low,Multiple H1
https://presentail.com/en-ae/ras-al-khaimah/weddings,other,en,AE,ras-al-khaimah,2026-07-22,200,200,https://presentail.com/en-ae/ras-al-khaimah/weddings,0,https://presentail.com/en-ae/ras-al-khaimah/weddings [200],215,text/html; charset=utf-8,,Yes,,"index, follow",https://presentail.com/en-ae/ras-al-khaimah/weddings,200,Yes,No,Wedding Flowers in Ras Al Khaimah | Presentail,46,No,"Send flowers, cakes and gifts with same-day express delivery in Lebanon, UAE, and Cyprus. Premium arrangements from Presentail.",127,No,2,Wedding Flowers in Ras Al Khaimah | Presentail | Wedding Flowers in Ras Al Khaimah | Presentail,Yes,No,1,None,en,Online Flower & Gift Delivery | Presentail,"Send flowers, cakes and gifts with same-day express delivery in Lebanon, UAE, and Cyprus. Premium arrangements from Presentail.",https://presentail.com/,https://presentail.com/opengraph.jpg,Yes,,None,en-LB:https://presentail.com/en-lb/beirut/weddings | ar-LB:https://presentail.com/ar-lb/beirut/weddings | fr-LB:https://presentail.com/fr-lb/beirut/weddings | en-AE:https://presentail.com/en-ae/dubai/weddings | ar-AE:https://presentail.com/ar-ae/dubai/weddings | fr-AE:https://presentail.com/fr-ae/dubai/weddings | en-CY:https://presentail.com/en-cy/limassol/weddings | ar-CY:https://presentail.com/ar-cy/limassol/weddings | fr-CY:https://presentail.com/fr-cy/limassol/weddings | x-default:https://presentail.com/en-lb/beirut/weddings,None,Yes,197,17772,7.4%,6,0,Yes,No,No,No,https://presentail.com/en-ae/ras-al-khaimah/weddings.md,200,text/markdown; charset=utf-8,Yes,Yes,"<https://presentail.com/en-ae/ras-al-khaimah/weddings>; rel=""canonical""; type=""text/html""",Yes,No,Low,Multiple H1
https://presentail.com/en-ae/ras-al-khaimah/corporate,other,en,AE,ras-al-khaimah,2026-07-22,200,200,https://presentail.com/en-ae/ras-al-khaimah/corporate,0,https://presentail.com/en-ae/ras-al-khaimah/corporate [200],191,text/html; charset=utf-8,,Yes,,"index, follow",https://presentail.com/en-ae/ras-al-khaimah/corporate,200,Yes,No,Corporate Gifting in Ras Al Khaimah | Presentail,48,No,"Send flowers, cakes and gifts with same-day express delivery in Lebanon, UAE, and Cyprus. Premium arrangements from Presentail.",127,No,2,Corporate Gifting in Ras Al Khaimah | Presentail | Corporate Gifting in Ras Al Khaimah | Presentail,Yes,No,1,None,en,Online Flower & Gift Delivery | Presentail,"Send flowers, cakes and gifts with same-day express delivery in Lebanon, UAE, and Cyprus. Premium arrangements from Presentail.",https://presentail.com/,https://presentail.com/opengraph.jpg,Yes,,None,en-LB:https://presentail.com/en-lb/beirut/corporate | ar-LB:https://presentail.com/ar-lb/beirut/corporate | fr-LB:https://presentail.com/fr-lb/beirut/corporate | en-AE:https://presentail.com/en-ae/dubai/corporate | ar-AE:https://presentail.com/ar-ae/dubai/corporate | fr-AE:https://presentail.com/fr-ae/dubai/corporate | en-CY:https://presentail.com/en-cy/limassol/corporate | ar-CY:https://presentail.com/ar-cy/limassol/corporate | fr-CY:https://presentail.com/fr-cy/limassol/corporate | x-default:https://presentail.com/en-lb/beirut/corporate,None,Yes,184,17683,7.0%,6,0,Yes,No,No,No,https://presentail.com/en-ae/ras-al-khaimah/corporate.md,200,text/markdown; charset=utf-8,Yes,Yes,"<https://presentail.com/en-ae/ras-al-khaimah/corporate>; rel=""canonical""; type=""text/html""",Yes,No,Low,Multiple H1
https://presentail.com/en-ae/sharjah,homepage,en,AE,sharjah,2026-07-22,200,200,https://presentail.com/en-ae/sharjah,0,https://presentail.com/en-ae/sharjah [200],293,text/html; charset=utf-8,,Yes,,"index, follow",https://presentail.com/en-ae/sharjah,200,Yes,No,Flower & Gift Delivery in Sharjah | Presentail,46,No,"Send flowers, cakes and gifts with same-day express delivery in Lebanon, UAE, and Cyprus. Premium arrangements from Presentail.",127,No,2,Flower & Gift Delivery in Sharjah | Presentail | Flower & Gift Delivery in Sharjah | Presentail,Yes,No,2,None,en,Online Flower & Gift Delivery | Presentail,"Send flowers, cakes and gifts with same-day express delivery in Lebanon, UAE, and Cyprus. Premium arrangements from Presentail.",https://presentail.com/,https://presentail.com/opengraph.jpg,Yes,,None,en-LB:https://presentail.com/en-lb/beirut | ar-LB:https://presentail.com/ar-lb/beirut | fr-LB:https://presentail.com/fr-lb/beirut | en-AE:https://presentail.com/en-ae/dubai | ar-AE:https://presentail.com/ar-ae/dubai | fr-AE:https://presentail.com/fr-ae/dubai | en-CY:https://presentail.com/en-cy/limassol | ar-CY:https://presentail.com/ar-cy/limassol | fr-CY:https://presentail.com/fr-cy/limassol | x-default:https://presentail.com/en-lb/beirut,None,Yes,243,19432,10.4%,12,0,Yes,No,No,No,https://presentail.com/en-ae/sharjah.md,200,text/markdown; charset=utf-8,Yes,Yes,"<https://presentail.com/en-ae/sharjah>; rel=""canonical""; type=""text/html""",Yes,No,Low,Multiple H1
https://presentail.com/en-ae/sharjah/brands,other,en,AE,sharjah,2026-07-22,200,200,https://presentail.com/en-ae/sharjah/brands,0,https://presentail.com/en-ae/sharjah/brands [200],191,text/html; charset=utf-8,,Yes,,"index, follow",https://presentail.com/en-ae/sharjah/brands,200,Yes,No,Partner Brands in Sharjah | Presentail,38,No,"Send flowers, cakes and gifts with same-day express delivery in Lebanon, UAE, and Cyprus. Premium arrangements from Presentail.",127,No,2,Partner Brands in Sharjah | Presentail | Partner Brands in Sharjah | Presentail,Yes,No,1,None,en,Online Flower & Gift Delivery | Presentail,"Send flowers, cakes and gifts with same-day express delivery in Lebanon, UAE, and Cyprus. Premium arrangements from Presentail.",https://presentail.com/,https://presentail.com/opengraph.jpg,Yes,,None,en-LB:https://presentail.com/en-lb/beirut/brands | ar-LB:https://presentail.com/ar-lb/beirut/brands | fr-LB:https://presentail.com/fr-lb/beirut/brands | en-AE:https://presentail.com/en-ae/dubai/brands | ar-AE:https://presentail.com/ar-ae/dubai/brands | fr-AE:https://presentail.com/fr-ae/dubai/brands | en-CY:https://presentail.com/en-cy/limassol/brands | ar-CY:https://presentail.com/ar-cy/limassol/brands | fr-CY:https://presentail.com/fr-cy/limassol/brands | x-default:https://presentail.com/en-lb/beirut/brands,None,Yes,146,16982,6.1%,6,0,Yes,No,No,No,https://presentail.com/en-ae/sharjah/brands.md,200,text/markdown; charset=utf-8,Yes,Yes,"<https://presentail.com/en-ae/sharjah/brands>; rel=""canonical""; type=""text/html""",Yes,No,Low,Multiple H1
https://presentail.com/en-ae/sharjah/occasions,occasion,en,AE,sharjah,2026-07-22,200,200,https://presentail.com/en-ae/sharjah/occasions,0,https://presentail.com/en-ae/sharjah/occasions [200],208,text/html; charset=utf-8,,Yes,,"index, follow",https://presentail.com/en-ae/sharjah/occasions,200,Yes,No,Shop by Occasion in Sharjah | Presentail,40,No,"Send flowers, cakes and gifts with same-day express delivery in Lebanon, UAE, and Cyprus. Premium arrangements from Presentail.",127,No,2,Shop by Occasion in Sharjah | Presentail | Shop by Occasion in Sharjah | Presentail,Yes,No,1,None,en,Online Flower & Gift Delivery | Presentail,"Send flowers, cakes and gifts with same-day express delivery in Lebanon, UAE, and Cyprus. Premium arrangements from Presentail.",https://presentail.com/,https://presentail.com/opengraph.jpg,Yes,,None,en-LB:https://presentail.com/en-lb/beirut/occasions | ar-LB:https://presentail.com/ar-lb/beirut/occasions | fr-LB:https://presentail.com/fr-lb/beirut/occasions | en-AE:https://presentail.com/en-ae/dubai/occasions | ar-AE:https://presentail.com/ar-ae/dubai/occasions | fr-AE:https://presentail.com/fr-ae/dubai/occasions | en-CY:https://presentail.com/en-cy/limassol/occasions | ar-CY:https://presentail.com/ar-cy/limassol/occasions | fr-CY:https://presentail.com/fr-cy/limassol/occasions | x-default:https://presentail.com/en-lb/beirut/occasions,None,Yes,176,17339,6.9%,6,0,Yes,No,No,No,https://presentail.com/en-ae/sharjah/occasions.md,200,text/markdown; charset=utf-8,Yes,Yes,"<https://presentail.com/en-ae/sharjah/occasions>; rel=""canonical""; type=""text/html""",Yes,No,Low,Multiple H1
https://presentail.com/en-ae/sharjah/contact,info,en,AE,sharjah,2026-07-22,200,200,https://presentail.com/en-ae/sharjah/contact,0,https://presentail.com/en-ae/sharjah/contact [200],196,text/html; charset=utf-8,,Yes,,"index, follow",https://presentail.com/en-ae/sharjah/contact,200,Yes,No,Contact Presentail in Sharjah | Gift Delivery Help,50,No,"Send flowers, cakes and gifts with same-day express delivery in Lebanon, UAE, and Cyprus. Premium arrangements from Presentail.",127,No,2,Contact Presentail in Sharjah | Gift Delivery Help | Contact Presentail in Sharjah | Gift Delivery Help,Yes,No,1,None,en,Online Flower & Gift Delivery | Presentail,"Send flowers, cakes and gifts with same-day express delivery in Lebanon, UAE, and Cyprus. Premium arrangements from Presentail.",https://presentail.com/,https://presentail.com/opengraph.jpg,Yes,,None,en-LB:https://presentail.com/en-lb/beirut/contact | ar-LB:https://presentail.com/ar-lb/beirut/contact | fr-LB:https://presentail.com/fr-lb/beirut/contact | en-AE:https://presentail.com/en-ae/dubai/contact | ar-AE:https://presentail.com/ar-ae/dubai/contact | fr-AE:https://presentail.com/fr-ae/dubai/contact | en-CY:https://presentail.com/en-cy/limassol/contact | ar-CY:https://presentail.com/ar-cy/limassol/contact | fr-CY:https://presentail.com/fr-cy/limassol/contact | x-default:https://presentail.com/en-lb/beirut/contact,None,Yes,187,17781,6.7%,6,0,Yes,No,No,No,https://presentail.com/en-ae/sharjah/contact.md,200,text/markdown; charset=utf-8,Yes,Yes,"<https://presentail.com/en-ae/sharjah/contact>; rel=""canonical""; type=""text/html""",Yes,No,Low,Multiple H1
https://presentail.com/en-ae/sharjah/faqs,info,en,AE,sharjah,2026-07-22,200,200,https://presentail.com/en-ae/sharjah/faqs,0,https://presentail.com/en-ae/sharjah/faqs [200],208,text/html; charset=utf-8,,Yes,,"index, follow",https://presentail.com/en-ae/sharjah/faqs,200,Yes,No,Flower Delivery FAQs in Sharjah | Presentail,44,No,"Send flowers, cakes and gifts with same-day express delivery in Lebanon, UAE, and Cyprus. Premium arrangements from Presentail.",127,No,2,Flower Delivery FAQs in Sharjah | Presentail | Flower Delivery FAQs in Sharjah | Presentail,Yes,No,1,None,en,Online Flower & Gift Delivery | Presentail,"Send flowers, cakes and gifts with same-day express delivery in Lebanon, UAE, and Cyprus. Premium arrangements from Presentail.",https://presentail.com/,https://presentail.com/opengraph.jpg,Yes,,None,en-LB:https://presentail.com/en-lb/beirut/faqs | ar-LB:https://presentail.com/ar-lb/beirut/faqs | fr-LB:https://presentail.com/fr-lb/beirut/faqs | en-AE:https://presentail.com/en-ae/dubai/faqs | ar-AE:https://presentail.com/ar-ae/dubai/faqs | fr-AE:https://presentail.com/fr-ae/dubai/faqs | en-CY:https://presentail.com/en-cy/limassol/faqs | ar-CY:https://presentail.com/ar-cy/limassol/faqs | fr-CY:https://presentail.com/fr-cy/limassol/faqs | x-default:https://presentail.com/en-lb/beirut/faqs,None,Yes,147,19404,5.3%,6,0,Yes,No,No,No,https://presentail.com/en-ae/sharjah/faqs.md,200,text/markdown; charset=utf-8,Yes,Yes,"<https://presentail.com/en-ae/sharjah/faqs>; rel=""canonical""; type=""text/html""",Yes,No,Low,Multiple H1
https://presentail.com/en-ae/sharjah/weddings,other,en,AE,sharjah,2026-07-22,200,200,https://presentail.com/en-ae/sharjah/weddings,0,https://presentail.com/en-ae/sharjah/weddings [200],282,text/html; charset=utf-8,,Yes,,"index, follow",https://presentail.com/en-ae/sharjah/weddings,200,Yes,No,Wedding Flowers in Sharjah | Presentail,39,No,"Send flowers, cakes and gifts with same-day express delivery in Lebanon, UAE, and Cyprus. Premium arrangements from Presentail.",127,No,2,Wedding Flowers in Sharjah | Presentail | Wedding Flowers in Sharjah | Presentail,Yes,No,1,None,en,Online Flower & Gift Delivery | Presentail,"Send flowers, cakes and gifts with same-day express delivery in Lebanon, UAE, and Cyprus. Premium arrangements from Presentail.",https://presentail.com/,https://presentail.com/opengraph.jpg,Yes,,None,en-LB:https://presentail.com/en-lb/beirut/weddings | ar-LB:https://presentail.com/ar-lb/beirut/weddings | fr-LB:https://presentail.com/fr-lb/beirut/weddings | en-AE:https://presentail.com/en-ae/dubai/weddings | ar-AE:https://presentail.com/ar-ae/dubai/weddings | fr-AE:https://presentail.com/fr-ae/dubai/weddings | en-CY:https://presentail.com/en-cy/limassol/weddings | ar-CY:https://presentail.com/ar-cy/limassol/weddings | fr-CY:https://presentail.com/fr-cy/limassol/weddings | x-default:https://presentail.com/en-lb/beirut/weddings,None,Yes,179,17548,7.1%,6,0,Yes,No,No,No,https://presentail.com/en-ae/sharjah/weddings.md,200,text/markdown; charset=utf-8,Yes,Yes,"<https://presentail.com/en-ae/sharjah/weddings>; rel=""canonical""; type=""text/html""",Yes,No,Low,Multiple H1
https://presentail.com/en-ae/sharjah/corporate,other,en,AE,sharjah,2026-07-22,200,200,https://presentail.com/en-ae/sharjah/corporate,0,https://presentail.com/en-ae/sharjah/corporate [200],310,text/html; charset=utf-8,,Yes,,"index, follow",https://presentail.com/en-ae/sharjah/corporate,200,Yes,No,Corporate Gifting in Sharjah | Presentail,41,No,"Send flowers, cakes and gifts with same-day express delivery in Lebanon, UAE, and Cyprus. Premium arrangements from Presentail.",127,No,2,Corporate Gifting in Sharjah | Presentail | Corporate Gifting in Sharjah | Presentail,Yes,No,1,None,en,Online Flower & Gift Delivery | Presentail,"Send flowers, cakes and gifts with same-day express delivery in Lebanon, UAE, and Cyprus. Premium arrangements from Presentail.",https://presentail.com/,https://presentail.com/opengraph.jpg,Yes,,None,en-LB:https://presentail.com/en-lb/beirut/corporate | ar-LB:https://presentail.com/ar-lb/beirut/corporate | fr-LB:https://presentail.com/fr-lb/beirut/corporate | en-AE:https://presentail.com/en-ae/dubai/corporate | ar-AE:https://presentail.com/ar-ae/dubai/corporate | fr-AE:https://presentail.com/fr-ae/dubai/corporate | en-CY:https://presentail.com/en-cy/limassol/corporate | ar-CY:https://presentail.com/ar-cy/limassol/corporate | fr-CY:https://presentail.com/fr-cy/limassol/corporate | x-default:https://presentail.com/en-lb/beirut/corporate,None,Yes,170,17487,6.8%,6,0,Yes,No,No,No,https://presentail.com/en-ae/sharjah/corporate.md,200,text/markdown; charset=utf-8,Yes,Yes,"<https://presentail.com/en-ae/sharjah/corporate>; rel=""canonical""; type=""text/html""",Yes,No,Low,Multiple H1
https://presentail.com/en-ae/umm-al-quwain,homepage,en,AE,umm-al-quwain,2026-07-22,200,200,https://presentail.com/en-ae/umm-al-quwain,0,https://presentail.com/en-ae/umm-al-quwain [200],302,text/html; charset=utf-8,,Yes,,"index, follow",https://presentail.com/en-ae/umm-al-quwain,200,Yes,No,Flower & Gift Delivery in Umm Al Quwain | Presentail,52,No,"Send flowers, cakes and gifts with same-day express delivery in Lebanon, UAE, and Cyprus. Premium arrangements from Presentail.",127,No,2,Flower & Gift Delivery in Umm Al Quwain | Presentail | Flower & Gift Delivery in Umm Al Quwain | Presentail,Yes,No,2,None,en,Online Flower & Gift Delivery | Presentail,"Send flowers, cakes and gifts with same-day express delivery in Lebanon, UAE, and Cyprus. Premium arrangements from Presentail.",https://presentail.com/,https://presentail.com/opengraph.jpg,Yes,,None,en-LB:https://presentail.com/en-lb/beirut | ar-LB:https://presentail.com/ar-lb/beirut | fr-LB:https://presentail.com/fr-lb/beirut | en-AE:https://presentail.com/en-ae/dubai | ar-AE:https://presentail.com/ar-ae/dubai | fr-AE:https://presentail.com/fr-ae/dubai | en-CY:https://presentail.com/en-cy/limassol | ar-CY:https://presentail.com/ar-cy/limassol | fr-CY:https://presentail.com/fr-cy/limassol | x-default:https://presentail.com/en-lb/beirut,None,Yes,270,19694,10.6%,12,0,Yes,No,No,No,https://presentail.com/en-ae/umm-al-quwain.md,200,text/markdown; charset=utf-8,Yes,Yes,"<https://presentail.com/en-ae/umm-al-quwain>; rel=""canonical""; type=""text/html""",Yes,No,Low,Multiple H1
https://presentail.com/en-ae/umm-al-quwain/brands,other,en,AE,umm-al-quwain,2026-07-22,200,200,https://presentail.com/en-ae/umm-al-quwain/brands,0,https://presentail.com/en-ae/umm-al-quwain/brands [200],366,text/html; charset=utf-8,,Yes,,"index, follow",https://presentail.com/en-ae/umm-al-quwain/brands,200,Yes,No,Partner Brands in Umm Al Quwain | Presentail,44,No,"Send flowers, cakes and gifts with same-day express delivery in Lebanon, UAE, and Cyprus. Premium arrangements from Presentail.",127,No,2,Partner Brands in Umm Al Quwain | Presentail | Partner Brands in Umm Al Quwain | Presentail,Yes,No,1,None,en,Online Flower & Gift Delivery | Presentail,"Send flowers, cakes and gifts with same-day express delivery in Lebanon, UAE, and Cyprus. Premium arrangements from Presentail.",https://presentail.com/,https://presentail.com/opengraph.jpg,Yes,,None,en-LB:https://presentail.com/en-lb/beirut/brands | ar-LB:https://presentail.com/ar-lb/beirut/brands | fr-LB:https://presentail.com/fr-lb/beirut/brands | en-AE:https://presentail.com/en-ae/dubai/brands | ar-AE:https://presentail.com/ar-ae/dubai/brands | fr-AE:https://presentail.com/fr-ae/dubai/brands | en-CY:https://presentail.com/en-cy/limassol/brands | ar-CY:https://presentail.com/ar-cy/limassol/brands | fr-CY:https://presentail.com/fr-cy/limassol/brands | x-default:https://presentail.com/en-lb/beirut/brands,None,Yes,160,17150,6.3%,6,0,Yes,No,No,No,https://presentail.com/en-ae/umm-al-quwain/brands.md,200,text/markdown; charset=utf-8,Yes,Yes,"<https://presentail.com/en-ae/umm-al-quwain/brands>; rel=""canonical""; type=""text/html""",Yes,No,Low,Multiple H1
https://presentail.com/en-ae/umm-al-quwain/occasions,occasion,en,AE,umm-al-quwain,2026-07-22,200,200,https://presentail.com/en-ae/umm-al-quwain/occasions,0,https://presentail.com/en-ae/umm-al-quwain/occasions [200],362,text/html; charset=utf-8,,Yes,,"index, follow",https://presentail.com/en-ae/umm-al-quwain/occasions,200,Yes,No,Shop by Occasion in Umm Al Quwain | Presentail,46,No,"Send flowers, cakes and gifts with same-day express delivery in Lebanon, UAE, and Cyprus. Premium arrangements from Presentail.",127,No,2,Shop by Occasion in Umm Al Quwain | Presentail | Shop by Occasion in Umm Al Quwain | Presentail,Yes,No,1,None,en,Online Flower & Gift Delivery | Presentail,"Send flowers, cakes and gifts with same-day express delivery in Lebanon, UAE, and Cyprus. Premium arrangements from Presentail.",https://presentail.com/,https://presentail.com/opengraph.jpg,Yes,,None,en-LB:https://presentail.com/en-lb/beirut/occasions | ar-LB:https://presentail.com/ar-lb/beirut/occasions | fr-LB:https://presentail.com/fr-lb/beirut/occasions | en-AE:https://presentail.com/en-ae/dubai/occasions | ar-AE:https://presentail.com/ar-ae/dubai/occasions | fr-AE:https://presentail.com/fr-ae/dubai/occasions | en-CY:https://presentail.com/en-cy/limassol/occasions | ar-CY:https://presentail.com/ar-cy/limassol/occasions | fr-CY:https://presentail.com/fr-cy/limassol/occasions | x-default:https://presentail.com/en-lb/beirut/occasions,None,Yes,192,17519,7.1%,6,0,Yes,No,No,No,https://presentail.com/en-ae/umm-al-quwain/occasions.md,200,text/markdown; charset=utf-8,Yes,Yes,"<https://presentail.com/en-ae/umm-al-quwain/occasions>; rel=""canonical""; type=""text/html""",Yes,No,Low,Multiple H1
https://presentail.com/en-ae/umm-al-quwain/contact,info,en,AE,umm-al-quwain,2026-07-22,200,200,https://presentail.com/en-ae/umm-al-quwain/contact,0,https://presentail.com/en-ae/umm-al-quwain/contact [200],289,text/html; charset=utf-8,,Yes,,"index, follow",https://presentail.com/en-ae/umm-al-quwain/contact,200,Yes,No,Contact Presentail in Umm Al Quwain | Gift Delivery Help,56,No,"Send flowers, cakes and gifts with same-day express delivery in Lebanon, UAE, and Cyprus. Premium arrangements from Presentail.",127,No,2,Contact Presentail in Umm Al Quwain | Gift Delivery Help | Contact Presentail in Umm Al Quwain | Gift Delivery Help,Yes,No,1,None,en,Online Flower & Gift Delivery | Presentail,"Send flowers, cakes and gifts with same-day express delivery in Lebanon, UAE, and Cyprus. Premium arrangements from Presentail.",https://presentail.com/,https://presentail.com/opengraph.jpg,Yes,,None,en-LB:https://presentail.com/en-lb/beirut/contact | ar-LB:https://presentail.com/ar-lb/beirut/contact | fr-LB:https://presentail.com/fr-lb/beirut/contact | en-AE:https://presentail.com/en-ae/dubai/contact | ar-AE:https://presentail.com/ar-ae/dubai/contact | fr-AE:https://presentail.com/fr-ae/dubai/contact | en-CY:https://presentail.com/en-cy/limassol/contact | ar-CY:https://presentail.com/ar-cy/limassol/contact | fr-CY:https://presentail.com/fr-cy/limassol/contact | x-default:https://presentail.com/en-lb/beirut/contact,None,Yes,197,17943,6.8%,6,0,Yes,No,No,No,https://presentail.com/en-ae/umm-al-quwain/contact.md,200,text/markdown; charset=utf-8,Yes,Yes,"<https://presentail.com/en-ae/umm-al-quwain/contact>; rel=""canonical""; type=""text/html""",Yes,No,Low,Multiple H1
https://presentail.com/en-ae/umm-al-quwain/faqs,info,en,AE,umm-al-quwain,2026-07-22,200,200,https://presentail.com/en-ae/umm-al-quwain/faqs,0,https://presentail.com/en-ae/umm-al-quwain/faqs [200],205,text/html; charset=utf-8,,Yes,,"index, follow",https://presentail.com/en-ae/umm-al-quwain/faqs,200,Yes,No,Flower Delivery FAQs in Umm Al Quwain | Presentail,50,No,"Send flowers, cakes and gifts with same-day express delivery in Lebanon, UAE, and Cyprus. Premium arrangements from Presentail.",127,No,2,Flower Delivery FAQs in Umm Al Quwain | Presentail | Flower Delivery FAQs in Umm Al Quwain | Presentail,Yes,No,1,None,en,Online Flower & Gift Delivery | Presentail,"Send flowers, cakes and gifts with same-day express delivery in Lebanon, UAE, and Cyprus. Premium arrangements from Presentail.",https://presentail.com/,https://presentail.com/opengraph.jpg,Yes,,None,en-LB:https://presentail.com/en-lb/beirut/faqs | ar-LB:https://presentail.com/ar-lb/beirut/faqs | fr-LB:https://presentail.com/fr-lb/beirut/faqs | en-AE:https://presentail.com/en-ae/dubai/faqs | ar-AE:https://presentail.com/ar-ae/dubai/faqs | fr-AE:https://presentail.com/fr-ae/dubai/faqs | en-CY:https://presentail.com/en-cy/limassol/faqs | ar-CY:https://presentail.com/ar-cy/limassol/faqs | fr-CY:https://presentail.com/fr-cy/limassol/faqs | x-default:https://presentail.com/en-lb/beirut/faqs,None,Yes,153,19524,5.3%,6,0,Yes,No,No,No,https://presentail.com/en-ae/umm-al-quwain/faqs.md,200,text/markdown; charset=utf-8,Yes,Yes,"<https://presentail.com/en-ae/umm-al-quwain/faqs>; rel=""canonical""; type=""text/html""",Yes,No,Low,Multiple H1
https://presentail.com/en-ae/umm-al-quwain/weddings,other,en,AE,umm-al-quwain,2026-07-22,200,200,https://presentail.com/en-ae/umm-al-quwain/weddings,0,https://presentail.com/en-ae/umm-al-quwain/weddings [200],211,text/html; charset=utf-8,,Yes,,"index, follow",https://presentail.com/en-ae/umm-al-quwain/weddings,200,Yes,No,Wedding Flowers in Umm Al Quwain | Presentail,45,No,"Send flowers, cakes and gifts with same-day express delivery in Lebanon, UAE, and Cyprus. Premium arrangements from Presentail.",127,No,2,Wedding Flowers in Umm Al Quwain | Presentail | Wedding Flowers in Umm Al Quwain | Presentail,Yes,No,1,None,en,Online Flower & Gift Delivery | Presentail,"Send flowers, cakes and gifts with same-day express delivery in Lebanon, UAE, and Cyprus. Premium arrangements from Presentail.",https://presentail.com/,https://presentail.com/opengraph.jpg,Yes,,None,en-LB:https://presentail.com/en-lb/beirut/weddings | ar-LB:https://presentail.com/ar-lb/beirut/weddings | fr-LB:https://presentail.com/fr-lb/beirut/weddings | en-AE:https://presentail.com/en-ae/dubai/weddings | ar-AE:https://presentail.com/ar-ae/dubai/weddings | fr-AE:https://presentail.com/fr-ae/dubai/weddings | en-CY:https://presentail.com/en-cy/limassol/weddings | ar-CY:https://presentail.com/ar-cy/limassol/weddings | fr-CY:https://presentail.com/fr-cy/limassol/weddings | x-default:https://presentail.com/en-lb/beirut/weddings,None,Yes,197,17740,7.3%,6,0,Yes,No,No,No,https://presentail.com/en-ae/umm-al-quwain/weddings.md,200,text/markdown; charset=utf-8,Yes,Yes,"<https://presentail.com/en-ae/umm-al-quwain/weddings>; rel=""canonical""; type=""text/html""",Yes,No,Low,Multiple H1
https://presentail.com/en-ae/umm-al-quwain/corporate,other,en,AE,umm-al-quwain,2026-07-22,200,200,https://presentail.com/en-ae/umm-al-quwain/corporate,0,https://presentail.com/en-ae/umm-al-quwain/corporate [200],207,text/html; charset=utf-8,,Yes,,"index, follow",https://presentail.com/en-ae/umm-al-quwain/corporate,200,Yes,No,Corporate Gifting in Umm Al Quwain | Presentail,47,No,"Send flowers, cakes and gifts with same-day express delivery in Lebanon, UAE, and Cyprus. Premium arrangements from Presentail.",127,No,2,Corporate Gifting in Umm Al Quwain | Presentail | Corporate Gifting in Umm Al Quwain | Presentail,Yes,No,1,None,en,Online Flower & Gift Delivery | Presentail,"Send flowers, cakes and gifts with same-day express delivery in Lebanon, UAE, and Cyprus. Premium arrangements from Presentail.",https://presentail.com/,https://presentail.com/opengraph.jpg,Yes,,None,en-LB:https://presentail.com/en-lb/beirut/corporate | ar-LB:https://presentail.com/ar-lb/beirut/corporate | fr-LB:https://presentail.com/fr-lb/beirut/corporate | en-AE:https://presentail.com/en-ae/dubai/corporate | ar-AE:https://presentail.com/ar-ae/dubai/corporate | fr-AE:https://presentail.com/fr-ae/dubai/corporate | en-CY:https://presentail.com/en-cy/limassol/corporate | ar-CY:https://presentail.com/ar-cy/limassol/corporate | fr-CY:https://presentail.com/fr-cy/limassol/corporate | x-default:https://presentail.com/en-lb/beirut/corporate,None,Yes,184,17655,7.0%,6,0,Yes,No,No,No,https://presentail.com/en-ae/umm-al-quwain/corporate.md,200,text/markdown; charset=utf-8,Yes,Yes,"<https://presentail.com/en-ae/umm-al-quwain/corporate>; rel=""canonical""; type=""text/html""",Yes,No,Low,Multiple H1
https://presentail.com/en-cy/larnaca,homepage,en,CY,larnaca,2026-07-22,200,200,https://presentail.com/en-cy/larnaca,0,https://presentail.com/en-cy/larnaca [200],229,text/html; charset=utf-8,,Yes,,"index, follow",https://presentail.com/en-cy/larnaca,200,Yes,No,Flower & Gift Delivery in Larnaca | Presentail,46,No,"Send flowers, cakes and gifts with same-day express delivery in Lebanon, UAE, and Cyprus. Premium arrangements from Presentail.",127,No,2,Flower & Gift Delivery in Larnaca | Presentail | Flower & Gift Delivery in Larnaca | Presentail,Yes,No,2,None,en,Online Flower & Gift Delivery | Presentail,"Send flowers, cakes and gifts with same-day express delivery in Lebanon, UAE, and Cyprus. Premium arrangements from Presentail.",https://presentail.com/,https://presentail.com/opengraph.jpg,Yes,,None,en-LB:https://presentail.com/en-lb/beirut | ar-LB:https://presentail.com/ar-lb/beirut | fr-LB:https://presentail.com/fr-lb/beirut | en-AE:https://presentail.com/en-ae/dubai | ar-AE:https://presentail.com/ar-ae/dubai | fr-AE:https://presentail.com/fr-ae/dubai | en-CY:https://presentail.com/en-cy/limassol | ar-CY:https://presentail.com/ar-cy/limassol | fr-CY:https://presentail.com/fr-cy/limassol | x-default:https://presentail.com/en-lb/beirut,None,Yes,236,19198,10.1%,12,0,Yes,No,No,No,https://presentail.com/en-cy/larnaca.md,200,text/markdown; charset=utf-8,Yes,Yes,"<https://presentail.com/en-cy/larnaca>; rel=""canonical""; type=""text/html""",Yes,No,Low,Multiple H1
https://presentail.com/en-cy/larnaca/brands,other,en,CY,larnaca,2026-07-22,200,200,https://presentail.com/en-cy/larnaca/brands,0,https://presentail.com/en-cy/larnaca/brands [200],185,text/html; charset=utf-8,,Yes,,"index, follow",https://presentail.com/en-cy/larnaca/brands,200,Yes,No,Partner Brands in Larnaca | Presentail,38,No,"Send flowers, cakes and gifts with same-day express delivery in Lebanon, UAE, and Cyprus. Premium arrangements from Presentail.",127,No,2,Partner Brands in Larnaca | Presentail | Partner Brands in Larnaca | Presentail,Yes,No,1,None,en,Online Flower & Gift Delivery | Presentail,"Send flowers, cakes and gifts with same-day express delivery in Lebanon, UAE, and Cyprus. Premium arrangements from Presentail.",https://presentail.com/,https://presentail.com/opengraph.jpg,Yes,,None,en-LB:https://presentail.com/en-lb/beirut/brands | ar-LB:https://presentail.com/ar-lb/beirut/brands | fr-LB:https://presentail.com/fr-lb/beirut/brands | en-AE:https://presentail.com/en-ae/dubai/brands | ar-AE:https://presentail.com/ar-ae/dubai/brands | fr-AE:https://presentail.com/fr-ae/dubai/brands | en-CY:https://presentail.com/en-cy/limassol/brands | ar-CY:https://presentail.com/ar-cy/limassol/brands | fr-CY:https://presentail.com/fr-cy/limassol/brands | x-default:https://presentail.com/en-lb/beirut/brands,None,Yes,145,16980,6.1%,6,0,Yes,No,No,No,https://presentail.com/en-cy/larnaca/brands.md,200,text/markdown; charset=utf-8,Yes,Yes,"<https://presentail.com/en-cy/larnaca/brands>; rel=""canonical""; type=""text/html""",Yes,No,Low,Multiple H1
https://presentail.com/en-cy/larnaca/occasions,occasion,en,CY,larnaca,2026-07-22,200,200,https://presentail.com/en-cy/larnaca/occasions,0,https://presentail.com/en-cy/larnaca/occasions [200],271,text/html; charset=utf-8,,Yes,,"index, follow",https://presentail.com/en-cy/larnaca/occasions,200,Yes,No,Shop by Occasion in Larnaca | Presentail,40,No,"Send flowers, cakes and gifts with same-day express delivery in Lebanon, UAE, and Cyprus. Premium arrangements from Presentail.",127,No,2,Shop by Occasion in Larnaca | Presentail | Shop by Occasion in Larnaca | Presentail,Yes,No,1,None,en,Online Flower & Gift Delivery | Presentail,"Send flowers, cakes and gifts with same-day express delivery in Lebanon, UAE, and Cyprus. Premium arrangements from Presentail.",https://presentail.com/,https://presentail.com/opengraph.jpg,Yes,,None,en-LB:https://presentail.com/en-lb/beirut/occasions | ar-LB:https://presentail.com/ar-lb/beirut/occasions | fr-LB:https://presentail.com/fr-lb/beirut/occasions | en-AE:https://presentail.com/en-ae/dubai/occasions | ar-AE:https://presentail.com/ar-ae/dubai/occasions | fr-AE:https://presentail.com/fr-ae/dubai/occasions | en-CY:https://presentail.com/en-cy/limassol/occasions | ar-CY:https://presentail.com/ar-cy/limassol/occasions | fr-CY:https://presentail.com/fr-cy/limassol/occasions | x-default:https://presentail.com/en-lb/beirut/occasions,None,Yes,175,17337,6.9%,6,0,Yes,No,No,No,https://presentail.com/en-cy/larnaca/occasions.md,200,text/markdown; charset=utf-8,Yes,Yes,"<https://presentail.com/en-cy/larnaca/occasions>; rel=""canonical""; type=""text/html""",Yes,No,Low,Multiple H1
https://presentail.com/en-cy/larnaca/contact,info,en,CY,larnaca,2026-07-22,200,200,https://presentail.com/en-cy/larnaca/contact,0,https://presentail.com/en-cy/larnaca/contact [200],207,text/html; charset=utf-8,,Yes,,"index, follow",https://presentail.com/en-cy/larnaca/contact,200,Yes,No,Contact Presentail in Larnaca | Gift Delivery Help,50,No,"Send flowers, cakes and gifts with same-day express delivery in Lebanon, UAE, and Cyprus. Premium arrangements from Presentail.",127,No,2,Contact Presentail in Larnaca | Gift Delivery Help | Contact Presentail in Larnaca | Gift Delivery Help,Yes,No,1,None,en,Online Flower & Gift Delivery | Presentail,"Send flowers, cakes and gifts with same-day express delivery in Lebanon, UAE, and Cyprus. Premium arrangements from Presentail.",https://presentail.com/,https://presentail.com/opengraph.jpg,Yes,,None,en-LB:https://presentail.com/en-lb/beirut/contact | ar-LB:https://presentail.com/ar-lb/beirut/contact | fr-LB:https://presentail.com/fr-lb/beirut/contact | en-AE:https://presentail.com/en-ae/dubai/contact | ar-AE:https://presentail.com/ar-ae/dubai/contact | fr-AE:https://presentail.com/fr-ae/dubai/contact | en-CY:https://presentail.com/en-cy/limassol/contact | ar-CY:https://presentail.com/ar-cy/limassol/contact | fr-CY:https://presentail.com/fr-cy/limassol/contact | x-default:https://presentail.com/en-lb/beirut/contact,None,Yes,187,17781,6.7%,6,0,Yes,No,No,No,https://presentail.com/en-cy/larnaca/contact.md,200,text/markdown; charset=utf-8,Yes,Yes,"<https://presentail.com/en-cy/larnaca/contact>; rel=""canonical""; type=""text/html""",Yes,No,Low,Multiple H1
https://presentail.com/en-cy/larnaca/faqs,info,en,CY,larnaca,2026-07-22,200,200,https://presentail.com/en-cy/larnaca/faqs,0,https://presentail.com/en-cy/larnaca/faqs [200],204,text/html; charset=utf-8,,Yes,,"index, follow",https://presentail.com/en-cy/larnaca/faqs,200,Yes,No,Flower Delivery FAQs in Larnaca | Presentail,44,No,"Send flowers, cakes and gifts with same-day express delivery in Lebanon, UAE, and Cyprus. Premium arrangements from Presentail.",127,No,2,Flower Delivery FAQs in Larnaca | Presentail | Flower Delivery FAQs in Larnaca | Presentail,Yes,No,1,None,en,Online Flower & Gift Delivery | Presentail,"Send flowers, cakes and gifts with same-day express delivery in Lebanon, UAE, and Cyprus. Premium arrangements from Presentail.",https://presentail.com/,https://presentail.com/opengraph.jpg,Yes,,None,en-LB:https://presentail.com/en-lb/beirut/faqs | ar-LB:https://presentail.com/ar-lb/beirut/faqs | fr-LB:https://presentail.com/fr-lb/beirut/faqs | en-AE:https://presentail.com/en-ae/dubai/faqs | ar-AE:https://presentail.com/ar-ae/dubai/faqs | fr-AE:https://presentail.com/fr-ae/dubai/faqs | en-CY:https://presentail.com/en-cy/limassol/faqs | ar-CY:https://presentail.com/ar-cy/limassol/faqs | fr-CY:https://presentail.com/fr-cy/limassol/faqs | x-default:https://presentail.com/en-lb/beirut/faqs,None,Yes,147,19404,5.3%,6,0,Yes,No,No,No,https://presentail.com/en-cy/larnaca/faqs.md,200,text/markdown; charset=utf-8,Yes,Yes,"<https://presentail.com/en-cy/larnaca/faqs>; rel=""canonical""; type=""text/html""",Yes,No,Low,Multiple H1
https://presentail.com/en-cy/larnaca/weddings,other,en,CY,larnaca,2026-07-22,200,200,https://presentail.com/en-cy/larnaca/weddings,0,https://presentail.com/en-cy/larnaca/weddings [200],206,text/html; charset=utf-8,,Yes,,"index, follow",https://presentail.com/en-cy/larnaca/weddings,200,Yes,No,Wedding Flowers in Larnaca | Presentail,39,No,"Send flowers, cakes and gifts with same-day express delivery in Lebanon, UAE, and Cyprus. Premium arrangements from Presentail.",127,No,2,Wedding Flowers in Larnaca | Presentail | Wedding Flowers in Larnaca | Presentail,Yes,No,1,None,en,Online Flower & Gift Delivery | Presentail,"Send flowers, cakes and gifts with same-day express delivery in Lebanon, UAE, and Cyprus. Premium arrangements from Presentail.",https://presentail.com/,https://presentail.com/opengraph.jpg,Yes,,None,en-LB:https://presentail.com/en-lb/beirut/weddings | ar-LB:https://presentail.com/ar-lb/beirut/weddings | fr-LB:https://presentail.com/fr-lb/beirut/weddings | en-AE:https://presentail.com/en-ae/dubai/weddings | ar-AE:https://presentail.com/ar-ae/dubai/weddings | fr-AE:https://presentail.com/fr-ae/dubai/weddings | en-CY:https://presentail.com/en-cy/limassol/weddings | ar-CY:https://presentail.com/ar-cy/limassol/weddings | fr-CY:https://presentail.com/fr-cy/limassol/weddings | x-default:https://presentail.com/en-lb/beirut/weddings,None,Yes,179,17548,7.1%,6,0,Yes,No,No,No,https://presentail.com/en-cy/larnaca/weddings.md,200,text/markdown; charset=utf-8,Yes,Yes,"<https://presentail.com/en-cy/larnaca/weddings>; rel=""canonical""; type=""text/html""",Yes,No,Low,Multiple H1
https://presentail.com/en-cy/larnaca/corporate,other,en,CY,larnaca,2026-07-22,200,200,https://presentail.com/en-cy/larnaca/corporate,0,https://presentail.com/en-cy/larnaca/corporate [200],270,text/html; charset=utf-8,,Yes,,"index, follow",https://presentail.com/en-cy/larnaca/corporate,200,Yes,No,Corporate Gifting in Larnaca | Presentail,41,No,"Send flowers, cakes and gifts with same-day express delivery in Lebanon, UAE, and Cyprus. Premium arrangements from Presentail.",127,No,2,Corporate Gifting in Larnaca | Presentail | Corporate Gifting in Larnaca | Presentail,Yes,No,1,None,en,Online Flower & Gift Delivery | Presentail,"Send flowers, cakes and gifts with same-day express delivery in Lebanon, UAE, and Cyprus. Premium arrangements from Presentail.",https://presentail.com/,https://presentail.com/opengraph.jpg,Yes,,None,en-LB:https://presentail.com/en-lb/beirut/corporate | ar-LB:https://presentail.com/ar-lb/beirut/corporate | fr-LB:https://presentail.com/fr-lb/beirut/corporate | en-AE:https://presentail.com/en-ae/dubai/corporate | ar-AE:https://presentail.com/ar-ae/dubai/corporate | fr-AE:https://presentail.com/fr-ae/dubai/corporate | en-CY:https://presentail.com/en-cy/limassol/corporate | ar-CY:https://presentail.com/ar-cy/limassol/corporate | fr-CY:https://presentail.com/fr-cy/limassol/corporate | x-default:https://presentail.com/en-lb/beirut/corporate,None,Yes,170,17487,6.8%,6,0,Yes,No,No,No,https://presentail.com/en-cy/larnaca/corporate.md,200,text/markdown; charset=utf-8,Yes,Yes,"<https://presentail.com/en-cy/larnaca/corporate>; rel=""canonical""; type=""text/html""",Yes,No,Low,Multiple H1
https://presentail.com/en-cy/limassol,homepage,en,CY,limassol,2026-07-22,200,200,https://presentail.com/en-cy/limassol,0,https://presentail.com/en-cy/limassol [200],230,text/html; charset=utf-8,,Yes,,"index, follow",https://presentail.com/en-cy/limassol,200,Yes,No,Flower & Gift Delivery in Limassol | Presentail,47,No,"Send flowers, cakes and gifts with same-day express delivery in Lebanon, UAE, and Cyprus. Premium arrangements from Presentail.",127,No,2,Flower & Gift Delivery in Limassol | Presentail | Flower & Gift Delivery in Limassol | Presentail,Yes,No,2,None,en,Online Flower & Gift Delivery | Presentail,"Send flowers, cakes and gifts with same-day express delivery in Lebanon, UAE, and Cyprus. Premium arrangements from Presentail.",https://presentail.com/,https://presentail.com/opengraph.jpg,Yes,,None,en-LB:https://presentail.com/en-lb/beirut | ar-LB:https://presentail.com/ar-lb/beirut | fr-LB:https://presentail.com/fr-lb/beirut | en-AE:https://presentail.com/en-ae/dubai | ar-AE:https://presentail.com/ar-ae/dubai | fr-AE:https://presentail.com/fr-ae/dubai | en-CY:https://presentail.com/en-cy/limassol | ar-CY:https://presentail.com/ar-cy/limassol | fr-CY:https://presentail.com/fr-cy/limassol | x-default:https://presentail.com/en-lb/beirut,None,Yes,235,19251,10.2%,12,0,Yes,No,No,No,https://presentail.com/en-cy/limassol.md,200,text/markdown; charset=utf-8,Yes,Yes,"<https://presentail.com/en-cy/limassol>; rel=""canonical""; type=""text/html""",Yes,No,Low,Multiple H1
https://presentail.com/en-cy/limassol/brands,other,en,CY,limassol,2026-07-22,200,200,https://presentail.com/en-cy/limassol/brands,0,https://presentail.com/en-cy/limassol/brands [200],206,text/html; charset=utf-8,,Yes,,"index, follow",https://presentail.com/en-cy/limassol/brands,200,Yes,No,Partner Brands in Limassol | Presentail,39,No,"Send flowers, cakes and gifts with same-day express delivery in Lebanon, UAE, and Cyprus. Premium arrangements from Presentail.",127,No,2,Partner Brands in Limassol | Presentail | Partner Brands in Limassol | Presentail,Yes,No,1,None,en,Online Flower & Gift Delivery | Presentail,"Send flowers, cakes and gifts with same-day express delivery in Lebanon, UAE, and Cyprus. Premium arrangements from Presentail.",https://presentail.com/,https://presentail.com/opengraph.jpg,Yes,,None,en-LB:https://presentail.com/en-lb/beirut/brands | ar-LB:https://presentail.com/ar-lb/beirut/brands | fr-LB:https://presentail.com/fr-lb/beirut/brands | en-AE:https://presentail.com/en-ae/dubai/brands | ar-AE:https://presentail.com/ar-ae/dubai/brands | fr-AE:https://presentail.com/fr-ae/dubai/brands | en-CY:https://presentail.com/en-cy/limassol/brands | ar-CY:https://presentail.com/ar-cy/limassol/brands | fr-CY:https://presentail.com/fr-cy/limassol/brands | x-default:https://presentail.com/en-lb/beirut/brands,None,Yes,145,17008,6.2%,6,0,Yes,No,No,No,https://presentail.com/en-cy/limassol/brands.md,200,text/markdown; charset=utf-8,Yes,Yes,"<https://presentail.com/en-cy/limassol/brands>; rel=""canonical""; type=""text/html""",Yes,No,Low,Multiple H1
https://presentail.com/en-cy/limassol/occasions,occasion,en,CY,limassol,2026-07-22,200,200,https://presentail.com/en-cy/limassol/occasions,0,https://presentail.com/en-cy/limassol/occasions [200],201,text/html; charset=utf-8,,Yes,,"index, follow",https://presentail.com/en-cy/limassol/occasions,200,Yes,No,Shop by Occasion in Limassol | Presentail,41,No,"Send flowers, cakes and gifts with same-day express delivery in Lebanon, UAE, and Cyprus. Premium arrangements from Presentail.",127,No,2,Shop by Occasion in Limassol | Presentail | Shop by Occasion in Limassol | Presentail,Yes,No,1,None,en,Online Flower & Gift Delivery | Presentail,"Send flowers, cakes and gifts with same-day express delivery in Lebanon, UAE, and Cyprus. Premium arrangements from Presentail.",https://presentail.com/,https://presentail.com/opengraph.jpg,Yes,,None,en-LB:https://presentail.com/en-lb/beirut/occasions | ar-LB:https://presentail.com/ar-lb/beirut/occasions | fr-LB:https://presentail.com/fr-lb/beirut/occasions | en-AE:https://presentail.com/en-ae/dubai/occasions | ar-AE:https://presentail.com/ar-ae/dubai/occasions | fr-AE:https://presentail.com/fr-ae/dubai/occasions | en-CY:https://presentail.com/en-cy/limassol/occasions | ar-CY:https://presentail.com/ar-cy/limassol/occasions | fr-CY:https://presentail.com/fr-cy/limassol/occasions | x-default:https://presentail.com/en-lb/beirut/occasions,None,Yes,175,17367,6.9%,6,0,Yes,No,No,No,https://presentail.com/en-cy/limassol/occasions.md,200,text/markdown; charset=utf-8,Yes,Yes,"<https://presentail.com/en-cy/limassol/occasions>; rel=""canonical""; type=""text/html""",Yes,No,Low,Multiple H1
https://presentail.com/en-cy/limassol/contact,info,en,CY,limassol,2026-07-22,200,200,https://presentail.com/en-cy/limassol/contact,0,https://presentail.com/en-cy/limassol/contact [200],274,text/html; charset=utf-8,,Yes,,"index, follow",https://presentail.com/en-cy/limassol/contact,200,Yes,No,Contact Presentail in Limassol | Gift Delivery Help,51,No,"Send flowers, cakes and gifts with same-day express delivery in Lebanon, UAE, and Cyprus. Premium arrangements from Presentail.",127,No,2,Contact Presentail in Limassol | Gift Delivery Help | Contact Presentail in Limassol | Gift Delivery Help,Yes,No,1,None,en,Online Flower & Gift Delivery | Presentail,"Send flowers, cakes and gifts with same-day express delivery in Lebanon, UAE, and Cyprus. Premium arrangements from Presentail.",https://presentail.com/,https://presentail.com/opengraph.jpg,Yes,,None,en-LB:https://presentail.com/en-lb/beirut/contact | ar-LB:https://presentail.com/ar-lb/beirut/contact | fr-LB:https://presentail.com/fr-lb/beirut/contact | en-AE:https://presentail.com/en-ae/dubai/contact | ar-AE:https://presentail.com/ar-ae/dubai/contact | fr-AE:https://presentail.com/fr-ae/dubai/contact | en-CY:https://presentail.com/en-cy/limassol/contact | ar-CY:https://presentail.com/ar-cy/limassol/contact | fr-CY:https://presentail.com/fr-cy/limassol/contact | x-default:https://presentail.com/en-lb/beirut/contact,None,Yes,187,17808,6.7%,6,0,Yes,No,No,No,https://presentail.com/en-cy/limassol/contact.md,200,text/markdown; charset=utf-8,Yes,Yes,"<https://presentail.com/en-cy/limassol/contact>; rel=""canonical""; type=""text/html""",Yes,No,Low,Multiple H1
https://presentail.com/en-cy/limassol/faqs,info,en,CY,limassol,2026-07-22,200,200,https://presentail.com/en-cy/limassol/faqs,0,https://presentail.com/en-cy/limassol/faqs [200],282,text/html; charset=utf-8,,Yes,,"index, follow",https://presentail.com/en-cy/limassol/faqs,200,Yes,No,Flower Delivery FAQs in Limassol | Presentail,45,No,"Send flowers, cakes and gifts with same-day express delivery in Lebanon, UAE, and Cyprus. Premium arrangements from Presentail.",127,No,2,Flower Delivery FAQs in Limassol | Presentail | Flower Delivery FAQs in Limassol | Presentail,Yes,No,1,None,en,Online Flower & Gift Delivery | Presentail,"Send flowers, cakes and gifts with same-day express delivery in Lebanon, UAE, and Cyprus. Premium arrangements from Presentail.",https://presentail.com/,https://presentail.com/opengraph.jpg,Yes,,None,en-LB:https://presentail.com/en-lb/beirut/faqs | ar-LB:https://presentail.com/ar-lb/beirut/faqs | fr-LB:https://presentail.com/fr-lb/beirut/faqs | en-AE:https://presentail.com/en-ae/dubai/faqs | ar-AE:https://presentail.com/ar-ae/dubai/faqs | fr-AE:https://presentail.com/fr-ae/dubai/faqs | en-CY:https://presentail.com/en-cy/limassol/faqs | ar-CY:https://presentail.com/ar-cy/limassol/faqs | fr-CY:https://presentail.com/fr-cy/limassol/faqs | x-default:https://presentail.com/en-lb/beirut/faqs,None,Yes,147,19424,5.3%,6,0,Yes,No,No,No,https://presentail.com/en-cy/limassol/faqs.md,200,text/markdown; charset=utf-8,Yes,Yes,"<https://presentail.com/en-cy/limassol/faqs>; rel=""canonical""; type=""text/html""",Yes,No,Low,Multiple H1
https://presentail.com/en-cy/limassol/weddings,other,en,CY,limassol,2026-07-22,200,200,https://presentail.com/en-cy/limassol/weddings,0,https://presentail.com/en-cy/limassol/weddings [200],231,text/html; charset=utf-8,,Yes,,"index, follow",https://presentail.com/en-cy/limassol/weddings,200,Yes,No,Wedding Flowers in Limassol | Presentail,40,No,"Send flowers, cakes and gifts with same-day express delivery in Lebanon, UAE, and Cyprus. Premium arrangements from Presentail.",127,No,2,Wedding Flowers in Limassol | Presentail | Wedding Flowers in Limassol | Presentail,Yes,No,1,None,en,Online Flower & Gift Delivery | Presentail,"Send flowers, cakes and gifts with same-day express delivery in Lebanon, UAE, and Cyprus. Premium arrangements from Presentail.",https://presentail.com/,https://presentail.com/opengraph.jpg,Yes,,None,en-LB:https://presentail.com/en-lb/beirut/weddings | ar-LB:https://presentail.com/ar-lb/beirut/weddings | fr-LB:https://presentail.com/fr-lb/beirut/weddings | en-AE:https://presentail.com/en-ae/dubai/weddings | ar-AE:https://presentail.com/ar-ae/dubai/weddings | fr-AE:https://presentail.com/fr-ae/dubai/weddings | en-CY:https://presentail.com/en-cy/limassol/weddings | ar-CY:https://presentail.com/ar-cy/limassol/weddings | fr-CY:https://presentail.com/fr-cy/limassol/weddings | x-default:https://presentail.com/en-lb/beirut/weddings,None,Yes,179,17580,7.1%,6,0,Yes,No,No,No,https://presentail.com/en-cy/limassol/weddings.md,200,text/markdown; charset=utf-8,Yes,Yes,"<https://presentail.com/en-cy/limassol/weddings>; rel=""canonical""; type=""text/html""",Yes,No,Low,Multiple H1
https://presentail.com/en-cy/limassol/corporate,other,en,CY,limassol,2026-07-22,200,200,https://presentail.com/en-cy/limassol/corporate,0,https://presentail.com/en-cy/limassol/corporate [200],281,text/html; charset=utf-8,,Yes,,"index, follow",https://presentail.com/en-cy/limassol/corporate,200,Yes,No,Corporate Gifting in Limassol | Presentail,42,No,"Send flowers, cakes and gifts with same-day express delivery in Lebanon, UAE, and Cyprus. Premium arrangements from Presentail.",127,No,2,Corporate Gifting in Limassol | Presentail | Corporate Gifting in Limassol | Presentail,Yes,No,1,None,en,Online Flower & Gift Delivery | Presentail,"Send flowers, cakes and gifts with same-day express delivery in Lebanon, UAE, and Cyprus. Premium arrangements from Presentail.",https://presentail.com/,https://presentail.com/opengraph.jpg,Yes,,None,en-LB:https://presentail.com/en-lb/beirut/corporate | ar-LB:https://presentail.com/ar-lb/beirut/corporate | fr-LB:https://presentail.com/fr-lb/beirut/corporate | en-AE:https://presentail.com/en-ae/dubai/corporate | ar-AE:https://presentail.com/ar-ae/dubai/corporate | fr-AE:https://presentail.com/fr-ae/dubai/corporate | en-CY:https://presentail.com/en-cy/limassol/corporate | ar-CY:https://presentail.com/ar-cy/limassol/corporate | fr-CY:https://presentail.com/fr-cy/limassol/corporate | x-default:https://presentail.com/en-lb/beirut/corporate,None,Yes,170,17515,6.9%,6,0,Yes,No,No,No,https://presentail.com/en-cy/limassol/corporate.md,200,text/markdown; charset=utf-8,Yes,Yes,"<https://presentail.com/en-cy/limassol/corporate>; rel=""canonical""; type=""text/html""",Yes,No,Low,Multiple H1
https://presentail.com/en-cy/nicosia,homepage,en,CY,nicosia,2026-07-22,200,200,https://presentail.com/en-cy/nicosia,0,https://presentail.com/en-cy/nicosia [200],201,text/html; charset=utf-8,,Yes,,"index, follow",https://presentail.com/en-cy/nicosia,200,Yes,No,Flower & Gift Delivery in Nicosia | Presentail,46,No,"Send flowers, cakes and gifts with same-day express delivery in Lebanon, UAE, and Cyprus. Premium arrangements from Presentail.",127,No,2,Flower & Gift Delivery in Nicosia | Presentail | Flower & Gift Delivery in Nicosia | Presentail,Yes,No,2,None,en,Online Flower & Gift Delivery | Presentail,"Send flowers, cakes and gifts with same-day express delivery in Lebanon, UAE, and Cyprus. Premium arrangements from Presentail.",https://presentail.com/,https://presentail.com/opengraph.jpg,Yes,,None,en-LB:https://presentail.com/en-lb/beirut | ar-LB:https://presentail.com/ar-lb/beirut | fr-LB:https://presentail.com/fr-lb/beirut | en-AE:https://presentail.com/en-ae/dubai | ar-AE:https://presentail.com/ar-ae/dubai | fr-AE:https://presentail.com/fr-ae/dubai | en-CY:https://presentail.com/en-cy/limassol | ar-CY:https://presentail.com/ar-cy/limassol | fr-CY:https://presentail.com/fr-cy/limassol | x-default:https://presentail.com/en-lb/beirut,None,Yes,242,19253,10.4%,12,0,Yes,No,No,No,https://presentail.com/en-cy/nicosia.md,200,text/markdown; charset=utf-8,Yes,Yes,"<https://presentail.com/en-cy/nicosia>; rel=""canonical""; type=""text/html""",Yes,No,Low,Multiple H1
https://presentail.com/en-cy/nicosia/brands,other,en,CY,nicosia,2026-07-22,200,200,https://presentail.com/en-cy/nicosia/brands,0,https://presentail.com/en-cy/nicosia/brands [200],220,text/html; charset=utf-8,,Yes,,"index, follow",https://presentail.com/en-cy/nicosia/brands,200,Yes,No,Partner Brands in Nicosia | Presentail,38,No,"Send flowers, cakes and gifts with same-day express delivery in Lebanon, UAE, and Cyprus. Premium arrangements from Presentail.",127,No,2,Partner Brands in Nicosia | Presentail | Partner Brands in Nicosia | Presentail,Yes,No,1,None,en,Online Flower & Gift Delivery | Presentail,"Send flowers, cakes and gifts with same-day express delivery in Lebanon, UAE, and Cyprus. Premium arrangements from Presentail.",https://presentail.com/,https://presentail.com/opengraph.jpg,Yes,,None,en-LB:https://presentail.com/en-lb/beirut/brands | ar-LB:https://presentail.com/ar-lb/beirut/brands | fr-LB:https://presentail.com/fr-lb/beirut/brands | en-AE:https://presentail.com/en-ae/dubai/brands | ar-AE:https://presentail.com/ar-ae/dubai/brands | fr-AE:https://presentail.com/fr-ae/dubai/brands | en-CY:https://presentail.com/en-cy/limassol/brands | ar-CY:https://presentail.com/ar-cy/limassol/brands | fr-CY:https://presentail.com/fr-cy/limassol/brands | x-default:https://presentail.com/en-lb/beirut/brands,None,Yes,145,16980,6.1%,6,0,Yes,No,No,No,https://presentail.com/en-cy/nicosia/brands.md,200,text/markdown; charset=utf-8,Yes,Yes,"<https://presentail.com/en-cy/nicosia/brands>; rel=""canonical""; type=""text/html""",Yes,No,Low,Multiple H1
https://presentail.com/en-cy/nicosia/occasions,occasion,en,CY,nicosia,2026-07-22,200,200,https://presentail.com/en-cy/nicosia/occasions,0,https://presentail.com/en-cy/nicosia/occasions [200],288,text/html; charset=utf-8,,Yes,,"index, follow",https://presentail.com/en-cy/nicosia/occasions,200,Yes,No,Shop by Occasion in Nicosia | Presentail,40,No,"Send flowers, cakes and gifts with same-day express delivery in Lebanon, UAE, and Cyprus. Premium arrangements from Presentail.",127,No,2,Shop by Occasion in Nicosia | Presentail | Shop by Occasion in Nicosia | Presentail,Yes,No,1,None,en,Online Flower & Gift Delivery | Presentail,"Send flowers, cakes and gifts with same-day express delivery in Lebanon, UAE, and Cyprus. Premium arrangements from Presentail.",https://presentail.com/,https://presentail.com/opengraph.jpg,Yes,,None,en-LB:https://presentail.com/en-lb/beirut/occasions | ar-LB:https://presentail.com/ar-lb/beirut/occasions | fr-LB:https://presentail.com/fr-lb/beirut/occasions | en-AE:https://presentail.com/en-ae/dubai/occasions | ar-AE:https://presentail.com/ar-ae/dubai/occasions | fr-AE:https://presentail.com/fr-ae/dubai/occasions | en-CY:https://presentail.com/en-cy/limassol/occasions | ar-CY:https://presentail.com/ar-cy/limassol/occasions | fr-CY:https://presentail.com/fr-cy/limassol/occasions | x-default:https://presentail.com/en-lb/beirut/occasions,None,Yes,175,17337,6.9%,6,0,Yes,No,No,No,https://presentail.com/en-cy/nicosia/occasions.md,200,text/markdown; charset=utf-8,Yes,Yes,"<https://presentail.com/en-cy/nicosia/occasions>; rel=""canonical""; type=""text/html""",Yes,No,Low,Multiple H1
https://presentail.com/en-cy/nicosia/contact,info,en,CY,nicosia,2026-07-22,200,200,https://presentail.com/en-cy/nicosia/contact,0,https://presentail.com/en-cy/nicosia/contact [200],287,text/html; charset=utf-8,,Yes,,"index, follow",https://presentail.com/en-cy/nicosia/contact,200,Yes,No,Contact Presentail in Nicosia | Gift Delivery Help,50,No,"Send flowers, cakes and gifts with same-day express delivery in Lebanon, UAE, and Cyprus. Premium arrangements from Presentail.",127,No,2,Contact Presentail in Nicosia | Gift Delivery Help | Contact Presentail in Nicosia | Gift Delivery Help,Yes,No,1,None,en,Online Flower & Gift Delivery | Presentail,"Send flowers, cakes and gifts with same-day express delivery in Lebanon, UAE, and Cyprus. Premium arrangements from Presentail.",https://presentail.com/,https://presentail.com/opengraph.jpg,Yes,,None,en-LB:https://presentail.com/en-lb/beirut/contact | ar-LB:https://presentail.com/ar-lb/beirut/contact | fr-LB:https://presentail.com/fr-lb/beirut/contact | en-AE:https://presentail.com/en-ae/dubai/contact | ar-AE:https://presentail.com/ar-ae/dubai/contact | fr-AE:https://presentail.com/fr-ae/dubai/contact | en-CY:https://presentail.com/en-cy/limassol/contact | ar-CY:https://presentail.com/ar-cy/limassol/contact | fr-CY:https://presentail.com/fr-cy/limassol/contact | x-default:https://presentail.com/en-lb/beirut/contact,None,Yes,187,17781,6.7%,6,0,Yes,No,No,No,https://presentail.com/en-cy/nicosia/contact.md,200,text/markdown; charset=utf-8,Yes,Yes,"<https://presentail.com/en-cy/nicosia/contact>; rel=""canonical""; type=""text/html""",Yes,No,Low,Multiple H1
https://presentail.com/en-cy/nicosia/faqs,info,en,CY,nicosia,2026-07-22,200,200,https://presentail.com/en-cy/nicosia/faqs,0,https://presentail.com/en-cy/nicosia/faqs [200],364,text/html; charset=utf-8,,Yes,,"index, follow",https://presentail.com/en-cy/nicosia/faqs,200,Yes,No,Flower Delivery FAQs in Nicosia | Presentail,44,No,"Send flowers, cakes and gifts with same-day express delivery in Lebanon, UAE, and Cyprus. Premium arrangements from Presentail.",127,No,2,Flower Delivery FAQs in Nicosia | Presentail | Flower Delivery FAQs in Nicosia | Presentail,Yes,No,1,None,en,Online Flower & Gift Delivery | Presentail,"Send flowers, cakes and gifts with same-day express delivery in Lebanon, UAE, and Cyprus. Premium arrangements from Presentail.",https://presentail.com/,https://presentail.com/opengraph.jpg,Yes,,None,en-LB:https://presentail.com/en-lb/beirut/faqs | ar-LB:https://presentail.com/ar-lb/beirut/faqs | fr-LB:https://presentail.com/fr-lb/beirut/faqs | en-AE:https://presentail.com/en-ae/dubai/faqs | ar-AE:https://presentail.com/ar-ae/dubai/faqs | fr-AE:https://presentail.com/fr-ae/dubai/faqs | en-CY:https://presentail.com/en-cy/limassol/faqs | ar-CY:https://presentail.com/ar-cy/limassol/faqs | fr-CY:https://presentail.com/fr-cy/limassol/faqs | x-default:https://presentail.com/en-lb/beirut/faqs,None,Yes,147,19404,5.3%,6,0,Yes,No,No,No,https://presentail.com/en-cy/nicosia/faqs.md,200,text/markdown; charset=utf-8,Yes,Yes,"<https://presentail.com/en-cy/nicosia/faqs>; rel=""canonical""; type=""text/html""",Yes,No,Low,Multiple H1
https://presentail.com/en-cy/nicosia/weddings,other,en,CY,nicosia,2026-07-22,200,200,https://presentail.com/en-cy/nicosia/weddings,0,https://presentail.com/en-cy/nicosia/weddings [200],211,text/html; charset=utf-8,,Yes,,"index, follow",https://presentail.com/en-cy/nicosia/weddings,200,Yes,No,Wedding Flowers in Nicosia | Presentail,39,No,"Send flowers, cakes and gifts with same-day express delivery in Lebanon, UAE, and Cyprus. Premium arrangements from Presentail.",127,No,2,Wedding Flowers in Nicosia | Presentail | Wedding Flowers in Nicosia | Presentail,Yes,No,1,None,en,Online Flower & Gift Delivery | Presentail,"Send flowers, cakes and gifts with same-day express delivery in Lebanon, UAE, and Cyprus. Premium arrangements from Presentail.",https://presentail.com/,https://presentail.com/opengraph.jpg,Yes,,None,en-LB:https://presentail.com/en-lb/beirut/weddings | ar-LB:https://presentail.com/ar-lb/beirut/weddings | fr-LB:https://presentail.com/fr-lb/beirut/weddings | en-AE:https://presentail.com/en-ae/dubai/weddings | ar-AE:https://presentail.com/ar-ae/dubai/weddings | fr-AE:https://presentail.com/fr-ae/dubai/weddings | en-CY:https://presentail.com/en-cy/limassol/weddings | ar-CY:https://presentail.com/ar-cy/limassol/weddings | fr-CY:https://presentail.com/fr-cy/limassol/weddings | x-default:https://presentail.com/en-lb/beirut/weddings,None,Yes,179,17548,7.1%,6,0,Yes,No,No,No,https://presentail.com/en-cy/nicosia/weddings.md,200,text/markdown; charset=utf-8,Yes,Yes,"<https://presentail.com/en-cy/nicosia/weddings>; rel=""canonical""; type=""text/html""",Yes,No,Low,Multiple H1
https://presentail.com/en-cy/nicosia/corporate,other,en,CY,nicosia,2026-07-22,200,200,https://presentail.com/en-cy/nicosia/corporate,0,https://presentail.com/en-cy/nicosia/corporate [200],286,text/html; charset=utf-8,,Yes,,"index, follow",https://presentail.com/en-cy/nicosia/corporate,200,Yes,No,Corporate Gifting in Nicosia | Presentail,41,No,"Send flowers, cakes and gifts with same-day express delivery in Lebanon, UAE, and Cyprus. Premium arrangements from Presentail.",127,No,2,Corporate Gifting in Nicosia | Presentail | Corporate Gifting in Nicosia | Presentail,Yes,No,1,None,en,Online Flower & Gift Delivery | Presentail,"Send flowers, cakes and gifts with same-day express delivery in Lebanon, UAE, and Cyprus. Premium arrangements from Presentail.",https://presentail.com/,https://presentail.com/opengraph.jpg,Yes,,None,en-LB:https://presentail.com/en-lb/beirut/corporate | ar-LB:https://presentail.com/ar-lb/beirut/corporate | fr-LB:https://presentail.com/fr-lb/beirut/corporate | en-AE:https://presentail.com/en-ae/dubai/corporate | ar-AE:https://presentail.com/ar-ae/dubai/corporate | fr-AE:https://presentail.com/fr-ae/dubai/corporate | en-CY:https://presentail.com/en-cy/limassol/corporate | ar-CY:https://presentail.com/ar-cy/limassol/corporate | fr-CY:https://presentail.com/fr-cy/limassol/corporate | x-default:https://presentail.com/en-lb/beirut/corporate,None,Yes,170,17487,6.8%,6,0,Yes,No,No,No,https://presentail.com/en-cy/nicosia/corporate.md,200,text/markdown; charset=utf-8,Yes,Yes,"<https://presentail.com/en-cy/nicosia/corporate>; rel=""canonical""; type=""text/html""",Yes,No,Low,Multiple H1
https://presentail.com/en-cy/paphos,homepage,en,CY,paphos,2026-07-22,200,200,https://presentail.com/en-cy/paphos,0,https://presentail.com/en-cy/paphos [200],224,text/html; charset=utf-8,,Yes,,"index, follow",https://presentail.com/en-cy/paphos,200,Yes,No,Flower & Gift Delivery in Paphos | Presentail,45,No,"Send flowers, cakes and gifts with same-day express delivery in Lebanon, UAE, and Cyprus. Premium arrangements from Presentail.",127,No,2,Flower & Gift Delivery in Paphos | Presentail | Flower & Gift Delivery in Paphos | Presentail,Yes,No,2,None,en,Online Flower & Gift Delivery | Presentail,"Send flowers, cakes and gifts with same-day express delivery in Lebanon, UAE, and Cyprus. Premium arrangements from Presentail.",https://presentail.com/,https://presentail.com/opengraph.jpg,Yes,,None,en-LB:https://presentail.com/en-lb/beirut | ar-LB:https://presentail.com/ar-lb/beirut | fr-LB:https://presentail.com/fr-lb/beirut | en-AE:https://presentail.com/en-ae/dubai | ar-AE:https://presentail.com/ar-ae/dubai | fr-AE:https://presentail.com/fr-ae/dubai | en-CY:https://presentail.com/en-cy/limassol | ar-CY:https://presentail.com/ar-cy/limassol | fr-CY:https://presentail.com/fr-cy/limassol | x-default:https://presentail.com/en-lb/beirut,None,Yes,240,19173,10.2%,12,0,Yes,No,No,No,https://presentail.com/en-cy/paphos.md,200,text/markdown; charset=utf-8,Yes,Yes,"<https://presentail.com/en-cy/paphos>; rel=""canonical""; type=""text/html""",Yes,No,Low,Multiple H1
https://presentail.com/en-cy/paphos/brands,other,en,CY,paphos,2026-07-22,200,200,https://presentail.com/en-cy/paphos/brands,0,https://presentail.com/en-cy/paphos/brands [200],204,text/html; charset=utf-8,,Yes,,"index, follow",https://presentail.com/en-cy/paphos/brands,200,Yes,No,Partner Brands in Paphos | Presentail,37,No,"Send flowers, cakes and gifts with same-day express delivery in Lebanon, UAE, and Cyprus. Premium arrangements from Presentail.",127,No,2,Partner Brands in Paphos | Presentail | Partner Brands in Paphos | Presentail,Yes,No,1,None,en,Online Flower & Gift Delivery | Presentail,"Send flowers, cakes and gifts with same-day express delivery in Lebanon, UAE, and Cyprus. Premium arrangements from Presentail.",https://presentail.com/,https://presentail.com/opengraph.jpg,Yes,,None,en-LB:https://presentail.com/en-lb/beirut/brands | ar-LB:https://presentail.com/ar-lb/beirut/brands | fr-LB:https://presentail.com/fr-lb/beirut/brands | en-AE:https://presentail.com/en-ae/dubai/brands | ar-AE:https://presentail.com/ar-ae/dubai/brands | fr-AE:https://presentail.com/fr-ae/dubai/brands | en-CY:https://presentail.com/en-cy/limassol/brands | ar-CY:https://presentail.com/ar-cy/limassol/brands | fr-CY:https://presentail.com/fr-cy/limassol/brands | x-default:https://presentail.com/en-lb/beirut/brands,None,Yes,145,16952,6.1%,6,0,Yes,No,No,No,https://presentail.com/en-cy/paphos/brands.md,200,text/markdown; charset=utf-8,Yes,Yes,"<https://presentail.com/en-cy/paphos/brands>; rel=""canonical""; type=""text/html""",Yes,No,Low,Multiple H1
https://presentail.com/en-cy/paphos/occasions,occasion,en,CY,paphos,2026-07-22,200,200,https://presentail.com/en-cy/paphos/occasions,0,https://presentail.com/en-cy/paphos/occasions [200],258,text/html; charset=utf-8,,Yes,,"index, follow",https://presentail.com/en-cy/paphos/occasions,200,Yes,No,Shop by Occasion in Paphos | Presentail,39,No,"Send flowers, cakes and gifts with same-day express delivery in Lebanon, UAE, and Cyprus. Premium arrangements from Presentail.",127,No,2,Shop by Occasion in Paphos | Presentail | Shop by Occasion in Paphos | Presentail,Yes,No,1,None,en,Online Flower & Gift Delivery | Presentail,"Send flowers, cakes and gifts with same-day express delivery in Lebanon, UAE, and Cyprus. Premium arrangements from Presentail.",https://presentail.com/,https://presentail.com/opengraph.jpg,Yes,,None,en-LB:https://presentail.com/en-lb/beirut/occasions | ar-LB:https://presentail.com/ar-lb/beirut/occasions | fr-LB:https://presentail.com/fr-lb/beirut/occasions | en-AE:https://presentail.com/en-ae/dubai/occasions | ar-AE:https://presentail.com/ar-ae/dubai/occasions | fr-AE:https://presentail.com/fr-ae/dubai/occasions | en-CY:https://presentail.com/en-cy/limassol/occasions | ar-CY:https://presentail.com/ar-cy/limassol/occasions | fr-CY:https://presentail.com/fr-cy/limassol/occasions | x-default:https://presentail.com/en-lb/beirut/occasions,None,Yes,175,17307,6.8%,6,0,Yes,No,No,No,https://presentail.com/en-cy/paphos/occasions.md,200,text/markdown; charset=utf-8,Yes,Yes,"<https://presentail.com/en-cy/paphos/occasions>; rel=""canonical""; type=""text/html""",Yes,No,Low,Multiple H1
https://presentail.com/en-cy/paphos/contact,info,en,CY,paphos,2026-07-22,200,200,https://presentail.com/en-cy/paphos/contact,0,https://presentail.com/en-cy/paphos/contact [200],255,text/html; charset=utf-8,,Yes,,"index, follow",https://presentail.com/en-cy/paphos/contact,200,Yes,No,Contact Presentail in Paphos | Gift Delivery Help,49,No,"Send flowers, cakes and gifts with same-day express delivery in Lebanon, UAE, and Cyprus. Premium arrangements from Presentail.",127,No,2,Contact Presentail in Paphos | Gift Delivery Help | Contact Presentail in Paphos | Gift Delivery Help,Yes,No,1,None,en,Online Flower & Gift Delivery | Presentail,"Send flowers, cakes and gifts with same-day express delivery in Lebanon, UAE, and Cyprus. Premium arrangements from Presentail.",https://presentail.com/,https://presentail.com/opengraph.jpg,Yes,,None,en-LB:https://presentail.com/en-lb/beirut/contact | ar-LB:https://presentail.com/ar-lb/beirut/contact | fr-LB:https://presentail.com/fr-lb/beirut/contact | en-AE:https://presentail.com/en-ae/dubai/contact | ar-AE:https://presentail.com/ar-ae/dubai/contact | fr-AE:https://presentail.com/fr-ae/dubai/contact | en-CY:https://presentail.com/en-cy/limassol/contact | ar-CY:https://presentail.com/ar-cy/limassol/contact | fr-CY:https://presentail.com/fr-cy/limassol/contact | x-default:https://presentail.com/en-lb/beirut/contact,None,Yes,187,17754,6.7%,6,0,Yes,No,No,No,https://presentail.com/en-cy/paphos/contact.md,200,text/markdown; charset=utf-8,Yes,Yes,"<https://presentail.com/en-cy/paphos/contact>; rel=""canonical""; type=""text/html""",Yes,No,Low,Multiple H1
https://presentail.com/en-cy/paphos/faqs,info,en,CY,paphos,2026-07-22,200,200,https://presentail.com/en-cy/paphos/faqs,0,https://presentail.com/en-cy/paphos/faqs [200],222,text/html; charset=utf-8,,Yes,,"index, follow",https://presentail.com/en-cy/paphos/faqs,200,Yes,No,Flower Delivery FAQs in Paphos | Presentail,43,No,"Send flowers, cakes and gifts with same-day express delivery in Lebanon, UAE, and Cyprus. Premium arrangements from Presentail.",127,No,2,Flower Delivery FAQs in Paphos | Presentail | Flower Delivery FAQs in Paphos | Presentail,Yes,No,1,None,en,Online Flower & Gift Delivery | Presentail,"Send flowers, cakes and gifts with same-day express delivery in Lebanon, UAE, and Cyprus. Premium arrangements from Presentail.",https://presentail.com/,https://presentail.com/opengraph.jpg,Yes,,None,en-LB:https://presentail.com/en-lb/beirut/faqs | ar-LB:https://presentail.com/ar-lb/beirut/faqs | fr-LB:https://presentail.com/fr-lb/beirut/faqs | en-AE:https://presentail.com/en-ae/dubai/faqs | ar-AE:https://presentail.com/ar-ae/dubai/faqs | fr-AE:https://presentail.com/fr-ae/dubai/faqs | en-CY:https://presentail.com/en-cy/limassol/faqs | ar-CY:https://presentail.com/ar-cy/limassol/faqs | fr-CY:https://presentail.com/fr-cy/limassol/faqs | x-default:https://presentail.com/en-lb/beirut/faqs,None,Yes,147,19384,5.2%,6,0,Yes,No,No,No,https://presentail.com/en-cy/paphos/faqs.md,200,text/markdown; charset=utf-8,Yes,Yes,"<https://presentail.com/en-cy/paphos/faqs>; rel=""canonical""; type=""text/html""",Yes,No,Low,Multiple H1
https://presentail.com/en-cy/paphos/weddings,other,en,CY,paphos,2026-07-22,200,200,https://presentail.com/en-cy/paphos/weddings,0,https://presentail.com/en-cy/paphos/weddings [200],220,text/html; charset=utf-8,,Yes,,"index, follow",https://presentail.com/en-cy/paphos/weddings,200,Yes,No,Wedding Flowers in Paphos | Presentail,38,No,"Send flowers, cakes and gifts with same-day express delivery in Lebanon, UAE, and Cyprus. Premium arrangements from Presentail.",127,No,2,Wedding Flowers in Paphos | Presentail | Wedding Flowers in Paphos | Presentail,Yes,No,1,None,en,Online Flower & Gift Delivery | Presentail,"Send flowers, cakes and gifts with same-day express delivery in Lebanon, UAE, and Cyprus. Premium arrangements from Presentail.",https://presentail.com/,https://presentail.com/opengraph.jpg,Yes,,None,en-LB:https://presentail.com/en-lb/beirut/weddings | ar-LB:https://presentail.com/ar-lb/beirut/weddings | fr-LB:https://presentail.com/fr-lb/beirut/weddings | en-AE:https://presentail.com/en-ae/dubai/weddings | ar-AE:https://presentail.com/ar-ae/dubai/weddings | fr-AE:https://presentail.com/fr-ae/dubai/weddings | en-CY:https://presentail.com/en-cy/limassol/weddings | ar-CY:https://presentail.com/ar-cy/limassol/weddings | fr-CY:https://presentail.com/fr-cy/limassol/weddings | x-default:https://presentail.com/en-lb/beirut/weddings,None,Yes,179,17516,7.1%,6,0,Yes,No,No,No,https://presentail.com/en-cy/paphos/weddings.md,200,text/markdown; charset=utf-8,Yes,Yes,"<https://presentail.com/en-cy/paphos/weddings>; rel=""canonical""; type=""text/html""",Yes,No,Low,Multiple H1
https://presentail.com/en-cy/paphos/corporate,other,en,CY,paphos,2026-07-22,200,200,https://presentail.com/en-cy/paphos/corporate,0,https://presentail.com/en-cy/paphos/corporate [200],201,text/html; charset=utf-8,,Yes,,"index, follow",https://presentail.com/en-cy/paphos/corporate,200,Yes,No,Corporate Gifting in Paphos | Presentail,40,No,"Send flowers, cakes and gifts with same-day express delivery in Lebanon, UAE, and Cyprus. Premium arrangements from Presentail.",127,No,2,Corporate Gifting in Paphos | Presentail | Corporate Gifting in Paphos | Presentail,Yes,No,1,None,en,Online Flower & Gift Delivery | Presentail,"Send flowers, cakes and gifts with same-day express delivery in Lebanon, UAE, and Cyprus. Premium arrangements from Presentail.",https://presentail.com/,https://presentail.com/opengraph.jpg,Yes,,None,en-LB:https://presentail.com/en-lb/beirut/corporate | ar-LB:https://presentail.com/ar-lb/beirut/corporate | fr-LB:https://presentail.com/fr-lb/beirut/corporate | en-AE:https://presentail.com/en-ae/dubai/corporate | ar-AE:https://presentail.com/ar-ae/dubai/corporate | fr-AE:https://presentail.com/fr-ae/dubai/corporate | en-CY:https://presentail.com/en-cy/limassol/corporate | ar-CY:https://presentail.com/ar-cy/limassol/corporate | fr-CY:https://presentail.com/fr-cy/limassol/corporate | x-default:https://presentail.com/en-lb/beirut/corporate,None,Yes,170,17459,6.8%,6,0,Yes,No,No,No,https://presentail.com/en-cy/paphos/corporate.md,200,text/markdown; charset=utf-8,Yes,Yes,"<https://presentail.com/en-cy/paphos/corporate>; rel=""canonical""; type=""text/html""",Yes,No,Low,Multiple H1
https://presentail.com/en-lb/beirut/blog/inside-spring-sourcing-trip,blog,en,LB,beirut,2026-07-22,200,200,https://presentail.com/en-lb/beirut/blog/inside-spring-sourcing-trip,0,https://presentail.com/en-lb/beirut/blog/inside-spring-sourcing-trip [200],273,text/html; charset=utf-8,,Yes,,"index, follow",https://presentail.com/en-lb/beirut/blog/inside-spring-sourcing-trip,200,Yes,No,Inside our spring sourcing trip | Presentail,44,No,"Send flowers, cakes and gifts with same-day express delivery in Lebanon, UAE, and Cyprus. Premium arrangements from Presentail.",127,No,2,Inside our spring sourcing trip | Inside our spring sourcing trip,Yes,No,4,None,en,Online Flower & Gift Delivery | Presentail,"Send flowers, cakes and gifts with same-day express delivery in Lebanon, UAE, and Cyprus. Premium arrangements from Presentail.",https://presentail.com/,https://presentail.com/opengraph.jpg,Yes,"Organization, Article, BreadcrumbList",None,,Missing hreflang,No,343,16664,12.4%,2,0,Yes,No,No,No,https://presentail.com/en-lb/beirut/blog/inside-spring-sourcing-trip.md,404,text/plain; charset=utf-8,,No,,No,,Medium,Missing hreflang; Markdown mirror 404; Multiple H1
https://presentail.com/en-ae/dubai/blog/inside-spring-sourcing-trip,blog,en,AE,dubai,2026-07-22,200,200,https://presentail.com/en-ae/dubai/blog/inside-spring-sourcing-trip,0,https://presentail.com/en-ae/dubai/blog/inside-spring-sourcing-trip [200],277,text/html; charset=utf-8,,Yes,,"index, follow",https://presentail.com/en-ae/dubai/blog/inside-spring-sourcing-trip,200,Yes,No,Inside our spring sourcing trip | Presentail,44,No,"Send flowers, cakes and gifts with same-day express delivery in Lebanon, UAE, and Cyprus. Premium arrangements from Presentail.",127,No,2,Inside our spring sourcing trip | Inside our spring sourcing trip,Yes,No,4,None,en,Online Flower & Gift Delivery | Presentail,"Send flowers, cakes and gifts with same-day express delivery in Lebanon, UAE, and Cyprus. Premium arrangements from Presentail.",https://presentail.com/,https://presentail.com/opengraph.jpg,Yes,"Organization, Article, BreadcrumbList",None,,Missing hreflang,No,343,16657,12.4%,2,0,Yes,No,No,No,https://presentail.com/en-ae/dubai/blog/inside-spring-sourcing-trip.md,404,text/plain; charset=utf-8,,No,,No,,Medium,Missing hreflang; Markdown mirror 404; Multiple H1
https://presentail.com/en-cy/nicosia/blog/inside-spring-sourcing-trip,blog,en,CY,nicosia,2026-07-22,200,200,https://presentail.com/en-cy/nicosia/blog/inside-spring-sourcing-trip,0,https://presentail.com/en-cy/nicosia/blog/inside-spring-sourcing-trip [200],200,text/html; charset=utf-8,,Yes,,"index, follow",https://presentail.com/en-cy/nicosia/blog/inside-spring-sourcing-trip,200,Yes,No,Inside our spring sourcing trip | Presentail,44,No,"Send flowers, cakes and gifts with same-day express delivery in Lebanon, UAE, and Cyprus. Premium arrangements from Presentail.",127,No,2,Inside our spring sourcing trip | Inside our spring sourcing trip,Yes,No,4,None,en,Online Flower & Gift Delivery | Presentail,"Send flowers, cakes and gifts with same-day express delivery in Lebanon, UAE, and Cyprus. Premium arrangements from Presentail.",https://presentail.com/,https://presentail.com/opengraph.jpg,Yes,"Organization, Article, BreadcrumbList",None,,Missing hreflang,No,343,16671,12.4%,2,0,Yes,No,No,No,https://presentail.com/en-cy/nicosia/blog/inside-spring-sourcing-trip.md,404,text/plain; charset=utf-8,,No,,No,,Medium,Missing hreflang; Markdown mirror 404; Multiple H1
https://presentail.com/en-lb/beirut/blog/chocolatiers-behind-our-gift-boxes,blog,en,LB,beirut,2026-07-22,200,200,https://presentail.com/en-lb/beirut/blog/chocolatiers-behind-our-gift-boxes,0,https://presentail.com/en-lb/beirut/blog/chocolatiers-behind-our-gift-boxes [200],142,text/html; charset=utf-8,,Yes,,"index, follow",https://presentail.com/en-lb/beirut/blog/chocolatiers-behind-our-gift-boxes,200,Yes,No,The chocolatiers behind our gift boxes | Presentail,51,No,"Send flowers, cakes and gifts with same-day express delivery in Lebanon, UAE, and Cyprus. Premium arrangements from Presentail.",127,No,2,The chocolatiers behind our gift boxes | The chocolatiers behind our gift boxes,Yes,No,5,None,en,Online Flower & Gift Delivery | Presentail,"Send flowers, cakes and gifts with same-day express delivery in Lebanon, UAE, and Cyprus. Premium arrangements from Presentail.",https://presentail.com/,https://presentail.com/opengraph.jpg,Yes,"Organization, Article, BreadcrumbList",None,,Missing hreflang,No,419,17318,15.1%,2,0,Yes,No,No,No,https://presentail.com/en-lb/beirut/blog/chocolatiers-behind-our-gift-boxes.md,404,text/plain; charset=utf-8,,No,,No,,Medium,Missing hreflang; Markdown mirror 404; Multiple H1
https://presentail.com/en-ae/dubai/blog/chocolatiers-behind-our-gift-boxes,blog,en,AE,dubai,2026-07-22,200,200,https://presentail.com/en-ae/dubai/blog/chocolatiers-behind-our-gift-boxes,0,https://presentail.com/en-ae/dubai/blog/chocolatiers-behind-our-gift-boxes [200],208,text/html; charset=utf-8,,Yes,,"index, follow",https://presentail.com/en-ae/dubai/blog/chocolatiers-behind-our-gift-boxes,200,Yes,No,The chocolatiers behind our gift boxes | Presentail,51,No,"Send flowers, cakes and gifts with same-day express delivery in Lebanon, UAE, and Cyprus. Premium arrangements from Presentail.",127,No,2,The chocolatiers behind our gift boxes | The chocolatiers behind our gift boxes,Yes,No,5,None,en,Online Flower & Gift Delivery | Presentail,"Send flowers, cakes and gifts with same-day express delivery in Lebanon, UAE, and Cyprus. Premium arrangements from Presentail.",https://presentail.com/,https://presentail.com/opengraph.jpg,Yes,"Organization, Article, BreadcrumbList",None,,Missing hreflang,No,419,17311,15.1%,2,0,Yes,No,No,No,https://presentail.com/en-ae/dubai/blog/chocolatiers-behind-our-gift-boxes.md,404,text/plain; charset=utf-8,,No,,No,,Medium,Missing hreflang; Markdown mirror 404; Multiple H1
https://presentail.com/en-cy/nicosia/blog/chocolatiers-behind-our-gift-boxes,blog,en,CY,nicosia,2026-07-22,200,200,https://presentail.com/en-cy/nicosia/blog/chocolatiers-behind-our-gift-boxes,0,https://presentail.com/en-cy/nicosia/blog/chocolatiers-behind-our-gift-boxes [200],201,text/html; charset=utf-8,,Yes,,"index, follow",https://presentail.com/en-cy/nicosia/blog/chocolatiers-behind-our-gift-boxes,200,Yes,No,The chocolatiers behind our gift boxes | Presentail,51,No,"Send flowers, cakes and gifts with same-day express delivery in Lebanon, UAE, and Cyprus. Premium arrangements from Presentail.",127,No,2,The chocolatiers behind our gift boxes | The chocolatiers behind our gift boxes,Yes,No,5,None,en,Online Flower & Gift Delivery | Presentail,"Send flowers, cakes and gifts with same-day express delivery in Lebanon, UAE, and Cyprus. Premium arrangements from Presentail.",https://presentail.com/,https://presentail.com/opengraph.jpg,Yes,"Organization, Article, BreadcrumbList",None,,Missing hreflang,No,419,17325,15.1%,2,0,Yes,No,No,No,https://presentail.com/en-cy/nicosia/blog/chocolatiers-behind-our-gift-boxes.md,404,text/plain; charset=utf-8,,No,,No,,Medium,Missing hreflang; Markdown mirror 404; Multiple H1
https://presentail.com/en-lb/beirut/blog/what-to-send-when-there-are-no-words,blog,en,LB,beirut,2026-07-22,200,200,https://presentail.com/en-lb/beirut/blog/what-to-send-when-there-are-no-words,0,https://presentail.com/en-lb/beirut/blog/what-to-send-when-there-are-no-words [200],187,text/html; charset=utf-8,,Yes,,"index, follow",https://presentail.com/en-lb/beirut/blog/what-to-send-when-there-are-no-words,200,Yes,No,What to send when there are no words | Presentail,49,No,"Send flowers, cakes and gifts with same-day express delivery in Lebanon, UAE, and Cyprus. Premium arrangements from Presentail.",127,No,2,What to send when there are no words | What to send when there are no words,Yes,No,5,None,en,Online Flower & Gift Delivery | Presentail,"Send flowers, cakes and gifts with same-day express delivery in Lebanon, UAE, and Cyprus. Premium arrangements from Presentail.",https://presentail.com/,https://presentail.com/opengraph.jpg,Yes,"Organization, Article, BreadcrumbList",None,,Missing hreflang,No,499,17521,17.0%,2,0,Yes,No,No,No,https://presentail.com/en-lb/beirut/blog/what-to-send-when-there-are-no-words.md,404,text/plain; charset=utf-8,,No,,No,,Medium,Missing hreflang; Markdown mirror 404; Multiple H1
https://presentail.com/en-ae/dubai/blog/what-to-send-when-there-are-no-words,blog,en,AE,dubai,2026-07-22,200,200,https://presentail.com/en-ae/dubai/blog/what-to-send-when-there-are-no-words,0,https://presentail.com/en-ae/dubai/blog/what-to-send-when-there-are-no-words [200],235,text/html; charset=utf-8,,Yes,,"index, follow",https://presentail.com/en-ae/dubai/blog/what-to-send-when-there-are-no-words,200,Yes,No,What to send when there are no words | Presentail,49,No,"Send flowers, cakes and gifts with same-day express delivery in Lebanon, UAE, and Cyprus. Premium arrangements from Presentail.",127,No,2,What to send when there are no words | What to send when there are no words,Yes,No,5,None,en,Online Flower & Gift Delivery | Presentail,"Send flowers, cakes and gifts with same-day express delivery in Lebanon, UAE, and Cyprus. Premium arrangements from Presentail.",https://presentail.com/,https://presentail.com/opengraph.jpg,Yes,"Organization, Article, BreadcrumbList",None,,Missing hreflang,No,499,17514,17.0%,2,0,Yes,No,No,No,https://presentail.com/en-ae/dubai/blog/what-to-send-when-there-are-no-words.md,404,text/plain; charset=utf-8,,No,,No,,Medium,Missing hreflang; Markdown mirror 404; Multiple H1
https://presentail.com/en-cy/nicosia/blog/what-to-send-when-there-are-no-words,blog,en,CY,nicosia,2026-07-22,200,200,https://presentail.com/en-cy/nicosia/blog/what-to-send-when-there-are-no-words,0,https://presentail.com/en-cy/nicosia/blog/what-to-send-when-there-are-no-words [200],201,text/html; charset=utf-8,,Yes,,"index, follow",https://presentail.com/en-cy/nicosia/blog/what-to-send-when-there-are-no-words,200,Yes,No,What to send when there are no words | Presentail,49,No,"Send flowers, cakes and gifts with same-day express delivery in Lebanon, UAE, and Cyprus. Premium arrangements from Presentail.",127,No,2,What to send when there are no words | What to send when there are no words,Yes,No,5,None,en,Online Flower & Gift Delivery | Presentail,"Send flowers, cakes and gifts with same-day express delivery in Lebanon, UAE, and Cyprus. Premium arrangements from Presentail.",https://presentail.com/,https://presentail.com/opengraph.jpg,Yes,"Organization, Article, BreadcrumbList",None,,Missing hreflang,No,499,17528,17.0%,2,0,Yes,No,No,No,https://presentail.com/en-cy/nicosia/blog/what-to-send-when-there-are-no-words.md,404,text/plain; charset=utf-8,,No,,No,,Medium,Missing hreflang; Markdown mirror 404; Multiple H1